English Text (en_XX),Malayalam Text (ml_IN)
"en_XX: THE BOY’S NAME WAS SANTIAGO. DUSK WAS FALLING AS the boy arrived with his herd at an abandoned church. The roof had fallen in long ago, and an enormous sycamore had grown on the spot where the sacristy had once stood.",ml_IN: സ്പാ? എന്നായിരുന്നു അവന്റെ പേര്‌. ഒരു ദിവസം സന്ധ്യ മയങ്ങാന്‍ തുടങ്ങിയ നേരത്ത്‌ തന്റെ ആട്ടിന്‍പറ്റവുമായി അവന്‍ ഉപേക്ഷിക്കപ്പെട്ട ഒരു പള്ളിക്കരുകില്‍ ചെന്നെത്തി. അതിന്റെ മേല്‍ക്കൂര വളരെ പണ്ടേ ഇടിഞ്ഞുപൊളിഞ്ഞു വീണതാണ്‌. ഒരിക്കല്‍ സ്രക്രാരി നിന്ന സ്ഥാനത്ത്‌ ഇപ്പോള്‍ ഒരുക്കന്‍ സൈക്കമോര്‍ മരം വളര്‍ന്നു നില്‍ക്കുന്നു.
"en_XX: He decided to spend the night there. He saw to it that all the sheep entered through the ruined gate, and then laid some planks across it to prevent the flock from wandering away during the night.","ml_IN: ആ രാത്രി അവിടെ കഴിച്ചുകൂട്ടാന്‍ അവന്‍ തീരുമാനിച്ചു. തകര്‍ന്നു കിട ന്നിരുന്ന പടിവാതിലിലൂടെ ആടുകളെ ഒന്നൊഴിയാതെ അവന്‍ അകത്തേക്കു തെളിച്ചു. രാത്രിയില്‍ അവ അലഞ്ഞു തിരിയുന്നതു തടയാനായി അവിടെ കിടന്നിരുന്ന രണ്ടു പൊളിഞ്ഞ മരപ്പലകകളെടുത്തു പടിവാതില്‍ അടച്ചുറ പ്പിച്ചു. ശ്രദ്ധിക്കാതെ പറ്റുമോ? ആ പരിസരത്തൊന്നും ചെന്നായ്ക്കളുടെ ശല്യമില്ല. എങ്കിലും ആട്ടിന്‍കുട്ടികളല്ലേ? തരം കിട്ടിയാല്‍ അവ പുറത്തേക്കു ചാടും. ഒരിക്കല്‍ അങ്ങനെയൊരബദ്ധം പറ്റി. ഒരു കുഞ്ഞാട്‌ അവന്റെ കണ്ണുവെട്ടിച്ച്‌ രാത്രി പുറത്തേക്കു ചാടി. പിറ്റേന്നു മുഴുവന്‍ സമയവും അവനു തെണ്ടിത്തിരയേണ്ടിവന്നു, അതിനെ കണ്ടുപിടിച്ച്‌ വീണ്ടും കൂട്ടത്തിലെത്തി ക്കാന്‍."
"en_XX: He swept the floor with his jacket and lay down, using the book he had just finished reading as a pillow. He told himself that he would have to start reading thicker books: they lasted longer, and made more comfortable pillows.","ml_IN: ഇട്ടിരുന്ന കോട്ടൂരി, അതുകൊണ്ടുതന്നെ നിലത്തെ പൊടിയൊന്നടിച്ചു മാറ്റി അവന്‍ കിടക്കാന്‍ വട്ടംകൂട്ടി. വായിക്കാന്‍ കൈയില്‍ കരുതിയിരുന്ന പുസ്തകമെടുത്ത്‌ തലയിണയായി വെച്ചു. “അടുത്ത തവണ കുറച്ചുകൂടി കനമുള്ള പുസ്തകം തിരഞ്ഞെടുക്കണം.” അവന്‍ തന്നത്താന്‍ പറഞ്ഞു."
"en_XX: It was still dark when he awoke, and, looking up, he could see the stars through the half-destroyed roof.",ml_IN: റക്കമുണര്‍ന്നപ്പോള്‍ ആദ്യം മാനത്തേക്കാണവന്‍ നോക്കിയത്‌. ഇരുട്ട കന്നിട്ടില്ല: പള്ളിയുടെ പാതി പൊളിഞ്ഞ മേല്‍ക്കൂരയിലൂടെ ആകാശ ത്തങ്ങിങ്ങു ചില നക്ഷ്രതങ്ങള്‍ കാണാം.
"en_XX: I wanted to sleep a little longer, he thought. He had had the same dream that night as a week ago, and once again he had awakened before it ended.","ml_IN: കുറച്ചുനേരം കൂടി ഉറങ്ങാമായിരുന്നുവെന്ന്‌ അവനു തോന്നി. ആ സ്വപ്ന മാണ്‌ പെട്ടെന്നു തന്നെ ഉണര്‍ത്തിയത്‌. കഴിഞ്ഞയാഴ്ചയും കണ്ടു, ഇതേ സ്വപ്നം. അന്നും ഇതുപോലെതന്നെ. മുഴുവന്‍ കാണും മുമ്പേ ഞെട്ടിയു ണര്‍ന്നു."
"en_XX: The boy prodded them, one by one, with his crook, calling each by name. He had always believed that the sheep were able to understand what he said. So there were times when he read them parts of his books that had made an impression on him, or when he would tell them of the loneliness or the happiness of a shepherd in the fields. Sometimes he would comment to them on the things he had seen in the villages they passed.",ml_IN: കൂട്ടത്തില്‍ ചില മടിയന്മാരുണ്ട്‌. നല്ലവണ്ണം തട്ടിവിളിച്ചാലേ എഴു ന്നേല്‍ക്കു എന്നു ശാഠ്യം പിടിക്കുന്നവര്‍. അത്തരക്കാരെ വടിയുടെ അറ്റം കൊണ്ട തെല്ലു ബലമായൊന്നു തട്ടി ഓരോന്നിനെയും പേരു വിളിച്ച്‌ അവന്‍ എഴുന്നേല്പിച്ചു. താന്‍ പറയുന്നതൊക്കെ തന്റെ ആടുകള്‍ മനസ്സിലാക്കു ന്നുണ്ട്‌ എന്നായിരുന്നു അവന്റെ വിശ്വാസം. അതുകൊണ്ടുതന്നെ പുല്ലും വെള്ളവും തേടി ഈരു തെണ്ടുന്നതിനിടയില്‍ അവറ്റയോട്‌ മിണ്ടുകയും പറയുകയും അവന്‌ ഒരു രസമായിരുന്നു. ഇടയ്ക്ക്‌ താന്‍ വായിക്കുന്ന പുസ്തകങ്ങളിലെ രസകരമായ ഭാഗങ്ങള്‍ അവന്‍ അവയെ വായിച്ചു കേള്‍ പ്പിക്കും. ചിലപ്പോള്‍ ഒരു പാവം ഇടയന്റെ ഏകാന്തജീവിതത്തിലെ വേദന കളും ആഹ്ളാദങ്ങളും അവയുമായി പങ്കുവെയ്ക്കും. കടന്നുപോകുന്ന വഴിയിലെ കഈതുകമുണര്‍ത്തുന്ന വിശേഷങ്ങളും അവന്‍ അവയ്ക്കു പറഞ്ഞുകൊടുക്കുമായിരുന്നു.
"en_XX: But for the past few days he had spoken to them about only one thing: the girl, the daughter of a merchant who lived in the village they would reach in about four days. He had been to the village only once, the year before. The merchant was the proprietor of a dry goods shop, and he always demanded that the sheep be sheared in his presence, so that he would not be cheated. A friend had told the boy about the shop, and he had taken his sheep there.","ml_IN: പക്ഷേ, കഴിഞ്ഞ ഏതാനും ദിവസങ്ങളായി അവന്റെ വര്‍ത്തമാനം മുഴുവന്‍ ആ പെണ്‍കുട്ടിയെ കുറിച്ചുമാധ്രമായിരുന്നു. ഇനി നാലേനാലു ദിവസത്തെ വഴി. പിന്നെ അവളുടെ ഗ്രാമമായി. ഒരു പലചരക്കു കച്ചവട ക്കാരനായിരുന്നു അവളുടെ അച്ഛന്‍. കഴിഞ്ഞ ഒരു വര്‍ഷം മാത്രമേ അവന്‍ അവിടെ പോയിട്ടുള്ളു. ഒരു ചങ്ങാതിയുടെ നിര്‍ദ്ദേശപ്രകാരം അവന്‍ തന്റെ ആട്ടിന്‍പറ്റത്തെ അവിടെ കൊണ്ടു ചെന്നു. അവയുടെ രോമമെല്ലാം വില യ്ക്കെടുക്കാന്‍ അയാള്‍ തയ്യാറായിരുന്നു. പക്ഷേ, രോമം വെട്ടുന്നത്‌ സ്വന്തം കണ്‍മുമ്പില്‍തന്നെ വേണമെന്ന്‌ അയാള്‍ നിര്‍ബന്ധം പിടിച്ചു... അല്ലെങ്കില്‍ ഇടയന്‍ തന്നെ കബളിപ്പിച്ചാലോ?"
"en_XX: The shop was busy, and the man asked the shepherd to wait until the afternoon. So the boy sat on the steps of the shop and took a book from his bag.",ml_IN: അന്ന്‌ ആ കടയുടെ മുമ്പില്‍ ചെന്നുനിന്ന്‌ ആ ഇടയബാലന്‍ കച്ചവടക്കാര നോടു ചോദിച്ചു. “ഉച്ചതിരിഞ്ഞു വാ.” മുതലാളി മറുപടി പറഞ്ഞു. കടയില്‍ നല്ല തിരക്കുള്ള സമയമായിരുന്നു. കുറച്ചുമാറി കടയിലേക്കുള്ള കല്പട വുകളിലൊന്നില്‍ അവന്‍ കാത്തിരുന്നു. സഞ്ചി തുറന്ന്‌ ഒരു പുസ്തകമെ ടുത്തു വായിക്കാന്‍ തുടങ്ങി.
en_XX: “How did you learn to read?” the girl asked at one point.,ml_IN: “അപ്പോ നിങ്ങളെങ്ങനെയാണ്‌ വായിക്കാന്‍ പഠിച്ചത്‌?” അവളുടെ ചോദ്യം.
"en_XX: “Like everybody learns,” he said. “In school.”",ml_IN: “സാധാരണ എല്ലാവരും പഠിക്കുന്നതുപോലെതന്നെ; സ്‌കൂളില്‍ പോയി.” അവന്റെ ഉത്തരം.
"en_XX: “Well, if you know how to read, why are you just a shepherd?”","ml_IN: “അത്രയ്ക്കൊക്കെ പഠിപ്പുണ്ടെങ്കില്‍ പിന്നെ, നിങ്ങള്‍ വെറുമൊരു ആട്ടി ടയനായതെന്തിനാ?"""
"en_XX: The boy mumbled an answer that allowed him to avoid responding to her question. He was sure the girl would never understand. He went on telling stories about his travels, and her bright, Moorish eyes went wide with fear and surprise. As the time passed, the boy found himself wishing that the day would never end, that her father would stay busy and keep him waiting for three days. He recognized that he was feeling something he had never experienced before: the desire to live in one place forever. With the girl with the raven hair, his days would never be the same again.",ml_IN: ആ ചോദ്യത്തിന്‌ വ്യക്തമായൊരു മറുപടി പറയാന്‍ എന്തുകൊണ്ടോ അവന്‍ മടിച്ചു. പറഞ്ഞുകൊടുത്താല്‍തന്നെ അത്‌ അവള്‍ക്കു മനസ്സിലാ വില്ലെന്ന്‌ അവനുറപ്പായിരുന്നു. അതുകൊണ്ട്‌ ഉരുണ്ടു പിരണ്ട്‌ എന്തോ പറഞ്ഞ്‌ അവന്‍ ഒഴിഞ്ഞുമാറി. അവളുടെ ശ്രദ്ധ തിരിക്കാനായി തന്റെ നീണ്ട യാത്രകളെക്കുറിച്ചവന്‍ പറയാന്‍ തുടങ്ങി. വഴിയിലെ കൌതുകങ്ങള്‍. അസാ ധാരണമായ അനുഭവങ്ങള്‍. തികഞ്ഞ (ര്രദ്ധയോടെ അവളതൊക്കെ മൂളി ക്കേട്ടു.
"en_XX: AND NOW IT WAS ONLY FOUR DAYS BEFORE HE WOULD BE back in that same village. He was excited, and at the same time uneasy: maybe the girl had already forgotten him. Lots of shepherds passed through, selling their wool.",ml_IN: ആറെ ഇതാ ഒരിക്കല്‍ക്കൂടി അവന്‍ ആ നാട്ടിന്‍പുറത്തേക്കു തിരിച്ചെ ത്തുന്നു. ഇനി നാലു ദിവസത്തെ യാര്രയേയുള്ളു. അവനു നല്ല ഉത്സാഹം തോന്നി; ഒപ്പം നേരിയ ആശങ്കയും. ആ പെണ്‍കുട്ടി ഇതിനിടെ തന്നെ മറന്നിട്ടുണ്ടെങ്കിലോ. ദിവസങ്ങളെ കഴിഞ്ഞു. എത്രയെത്ര ആട്ടിട യന്മാര്‍ ആ വഴി കടന്നുപോയിരിക്കും.
"en_XX: “It doesn’t matter,” he said to his sheep. “I know other girls in other places.”","ml_IN: ""വേറെ എത്ര നാടുകളില്‍ വേറെ എത്ര പെണ്‍കുട്ടികളെ എനിക്ക റിയാം.” എന്നാല്‍, അതു കാര്യമാക്കാനുള്ളതുതന്നെയെന്ന്‌ അവന്റെ ഹൃദയം പറഞ്ഞു. കപ്പലോട്ടക്കാരെയും സഞ്ചാരികളായ വര്‍ത്തകന്മാരെയുംപോലെ ആട്ടിടയന്മാര്‍ക്കും തങ്ങളുടെ അലഞ്ഞു തിരിഞ്ഞുള്ള ജീവിതസുഖങ്ങള്‍ മറക്കാന്‍ സഹായിക്കുന്ന ആരെങ്കിലുമുള്ള ഒരു പട്ടണം കണ്ടെത്താന്‍ കഴിയുമെന്നും അവനറിയാമായിരുന്നു."
"en_XX: The jacket had a purpose, and so did the boy. His purpose in life was to travel, and, after two years of walking the Andalusian terrain, he knew all the cities of the region. He was planning, on this visit, to explain to the girl how it was that a simple shepherd knew how to read. That he had attended a seminary until he was sixteen. His parents had wanted him to become a priest, and thereby a source of pride for a simple farm family. They worked hard just to have food and water, like the sheep. He had studied Latin, Spanish, and theology. But ever since he had been a child, he had wanted to know the world, and this was much more important to him than knowing God and learning about man’s sins. One afternoon, on a visit to his family, he had summoned up the courage to tell his father that he didn’t want to become a priest. That he wanted to travel.","ml_IN: ഏതാണ്ട്‌ ഈ ആടുകളെപ്പോലെതന്നെയായിരുന്നു അവന്റെ അച്ഛ നമ്മമാരും. വയറു നിറച്ച്‌ ആഹാരത്തിനുവേണ്ടി ദിവസം മുഴുവന്‍ അദ്ധ്വാ നിക്കുക. അവരുടെ ഏറ്റവും വലിയ മോഹം, മകനെ ഒരു പുരോഹിതനായി കാണാനായിരുന്നു. കുടുംബത്തിന്‌ അതില്‍പ്പരം ഒരു അഭിമാനമുണ്ടാകാ നുണ്ടോ? പതിനാറുവയസ്സുവരെ ഒരു സെമിനാരിയില്‍ ചേര്‍ന്ന്‌ അവന്‍ പഠി ക്കുകയും ചെയ്തു. ലാറ്റിനും സ്പാനിഷും ദൈവശാസ്ത്രവും അവന്‍ അഭ്യ സിച്ചു. പക്ഷേ, കുട്ടിക്കാലംമുതല്‍ക്കുതന്നെ അവന്‍ ലോകത്തെക്കു ."
"en_XX: “But I’d like to see the castles in the towns where they live,” the boy explained.","ml_IN: “എന്നാലും, അവര്‍ താമസിക്കുന്ന നഗരങ്ങളിലെ കൊട്ടാരങ്ങള്‍ എനിക്കു നേരിട്ടു കാണുകതന്നെ വേണം.” അവന്‍ ശാഠ്യം പിടിച്ചു."
"en_XX: “Those people, when they see our land, say that they would like to live here forever,” his father continued.",ml_IN: “നമ്മുടെ നാടുകാണുന്നവര്‍ പറയാറുള്ളത്‌ അവര്‍ ഇവിടെത്തന്നെ തങ്ങാനാണാഗ്രഹിക്കുന്നത്‌ എന്നാണല്ലൊ.” അവന്റെ പിതാവ്‌ തടര്‍ന്നു പറഞ്ഞു.
"en_XX: “Well, I’d like to see their land, and see how they live,” said his son.",ml_IN: “ആയിക്കോട്ടെ.” അവന്‍ പറഞ്ഞു: “ഞാന്‍ അവരുടെ നാടുകള്‍ കാണാ നാഗ്രഹിക്കുന്നു; അവരെങ്ങനെ ജീവിക്കുന്നു എന്നറിയാനും.”
"en_XX: “The people who come here have a lot of money to spend, so they can afford to travel,” his father said. “Amongst us, the only ones who travel are the shepherds.”",ml_IN: “അങ്ങനെ യാത്ര ചെയ്ത്‌ ഇവിടെ വരുന്നവര്‍ പണക്കാരാണ്‌. ചെല വാക്കാന്‍ ഇഷ്ടംപോലെ പണം.... വഴിയാത്ര അവര്‍ക്കൊരു പ്രശ്നമല്ല.”
"en_XX: His father said no more. The next day, he gave his son a pouch that held three ancient Spanish gold coins.",ml_IN: അവന്റെ പിതാവ്‌ പിന്നെയൊന്നും പറഞ്ഞില്ല. പിറ്റേന്നു നേരം പുലര്‍ ന്നതും ഒരു മടിശ്ലീലയെടുത്ത്‌ അവന്റെ കൈയില്‍ കൊടുത്തു. മുന്നു പുരാ തന സ്പാനിഷ്‌ സ്വര്‍ണ്ണനാണ്യങ്ങളായിരുന്നു അതിനുള്ളില്‍.
"en_XX: “I found these one day in the fields. I wanted them to be a part of your inheritance. But use them to buy your flock. Take to the fields, and someday you’ll learn that our countryside is the best, and our women are the most beautiful.”",ml_IN: നിന്റെ പിതൃസ്വത്തിന്റെ ഒരു ഭാഗമായിരിക്കട്ടെ അത്‌. നിന്റെ ആട്ടിന്‍പറ്റത്തെ വാങ്ങാനായി അത്‌ ഉപയോഗപ്പെടുത്തുക. ഇനി നീ പുറപ്പെട്ടോളു. എന്നെ ങ്കിലുമൊരുനാള്‍ നിനക്കു മനസ്സിലാകും നമ്മുടെ നാടാണ്‌ ഏറ്റവും നല്ല തെന്ന്‌. നമ്മുടെ നാട്ടിലെ പെണ്‍കിടാങ്ങളാണ്‌ ഏറ്റവും സുന്ദരികളായിട്ടുള്ള തെന്നും നീ ഒരുനാള്‍ അറിയാനിടയാകും.”
"en_XX: The boy thought back to that conversation with his father, and felt happy; he had already seen many castles and met many women (but none the equal of the one who awaited him several days hence). He owned a jacket, a book that he could trade for another, and a flock of sheep. But, most important, he was able every day to live out his dream. If he were to tire of the Andalusian fields, he could sell his sheep and go to sea. By the time he had had enough of the sea, he would already have known other cities, other women, and other chances to be happy. I couldn’t have found God in the seminary, he thought, as he looked at the sunrise.","ml_IN: എര്ര യുവതികള്‍ (എന്നാലും അവനെ പല നാള്‍ കാത്തിരുന്ന ആ കച്ചവടക്കാരന്റെ മകളോ ടൊപ്പം അവരാരും എത്തുമായിരുന്നില്ല). അവന്‍ ഒരു കുപ്പായം സ്വന്തമാ യുണ്ടായി. അതിനു പുറമെ, കൈമാറാവുന്ന ഒരു പുസ്തകവും ഒരു ആട്ടിന്‍ പറ്റവും അവനുണ്ട്‌. പക്ഷേ, പ്രധാന കാര്യം അതൊന്നുമല്ല. സ്വന്തം ഇഷ്ടം പോലെ ജീവിതം നയിക്കാന്‍ അവനു കഴിയുന്നു എന്നുള്ളതാണ്‌. ആന്‍ഡലു സിയയില്‍ യാത്ര ചെയ്തു മടുത്താല്‍ ആടുകളെയൊക്കെ വിറ്റ്‌ കടല്‍ കടക്കാം. അതും മടുക്കുമ്പോഴേക്കും കാണാനുള്ളതൊക്കെ താന്‍ കണ്ടു കഴിഞ്ഞിട്ടുണ്ടാകും. ഗ്രാമങ്ങളും നഗരങ്ങളും കൊട്ടാരങ്ങളും സ്ര്രീകളും."
"en_XX: Whenever he could, he sought out a new road to travel. He had never been to that ruined church before, in spite of having traveled through those parts many times. The world was huge and inexhaustible; he had only to allow his sheep to set the route for a while, and he would discover other interesting things. The problem is that they don’t even realize that they’re walking a new road every day. They don’t see that the fields are new and the seasons change.",ml_IN: പല തവണ ഈ വഴി കടന്നുപോയിട്ടുണ്ട്‌. എങ്കിലും എന്തുകൊണ്ടോ ആ പഴയ പള്ളി കാണാനിടവന്നിട്ടില്ല. എന്നും പുതിയ പുതിയ വഴികളില്‍ ക്കൂടി യാത്ര ചെയ്യാനായിരുന്നു അവനു താത്പര്യം. അറ്റമില്ലാതെ നീണ്ടു നിവര്‍ന്നു കിടക്കുന്ന വഴികള്‍. ആടുകളെ ഒന്നു തിരിച്ചുവിടുകയേ വേണ്ടൂ.
"en_XX: THE OLD WOMAN LED THE BOY TO A ROOM AT THE BACK of her house; it was separated from her living room by a curtain of colored beads. The room’s furnishings consisted of a table, an image of the Sacred Heart of Jesus, and two chairs.",ml_IN: വൃദ്ധ അവനെ തന്റെ വീടിന്റെ പുറകുവശത്തുള്ള ഒരു മുറിയി ആ ലേക്കു കൂട്ടിക്കൊണ്ടുപോയി. പല തരത്തിലുള്ള മുത്തുകള്‍ കോര്‍ത്തുണ്ടാക്കിയ ഒരു മറ പുറംതളത്തില്‍നിന്ന്‌ ആ മുറിയെ വേര്‍തിരി ച്ചിരുന്നു. കര്‍ത്താവിന്റെ തിരുഹൃദയത്തിന്റെ ഒരു പ്രതിരൂപം. ഒരു മേശയും രണ്ടു കസേരകളും. അകത്തളത്തില്‍ അത്രമാത്രമേ ഉണ്ടായിരുന്നുള്ളു.
"en_XX: The woman sat down, and told him to be seated as well. Then she took both of his hands in hers, and began quietly to pray.",ml_IN: ആ സ്ത്രീ നിലത്തു കുത്തിയിരുന്നു. അവനോടും അതുപോലെ ഇരി ക്കാന്‍ പറഞ്ഞു. അവന്റെ കൈപ്പടങ്ങള്‍ രണ്ടും സ്വന്തം കൈയില്‍ ചേര്‍ത്തു പിടിച്ചുകൊണ്ട്‌ അവര്‍ പ്രാര്‍ത്ഥിച്ചു തുടങ്ങി.
"en_XX: It sounded like a Gypsy prayer. The boy had already had experience on the road with Gypsies; they also traveled, but they had no flocks of sheep. People said that Gypsies spent their lives tricking others. It was also said that they had a pact with the devil, and that they kidnapped children and, taking them away to their mysterious camps, made them their slaves. As a child, the boy had always been frightened to death that he would be captured by Gypsies, and this childhood fear returned when the old woman took his hands in hers.",ml_IN: ചതിയന്മാര്‍. കുട്ടികളെ തട്ടിക്കൊണ്ടുപോകാനും മടിക്കില്ല. അകലെയെങ്ങോ ഉള്ള താവളങ്ങളിലേക്ക്‌ കുട്ടികളെ കൊണ്ടുപോയി പാര്‍പ്പിക്കും. പിന്നെ അടിമകളാക്കി വിലക്കും. അവര്‍ക്കു പിശാചുമായി ഒരു ഉടമ്പടി ഉണ്ടായി രുന്നു എന്നും കേള്‍വിപ്പെട്ടിരുന്നു. കുട്ടിക്കാലത്ത്‌ ജിപ്സികളെന്നു കേട്ടാല്‍ അവന്‍ പേടിച്ചൊളിക്കുമായിരുന്നു. അവരെങ്ങാനും തന്നെ തട്ടിക്കൊണ്ടു പോയാലോ എന്ന ഭയം! അന്നത്തെ ആ ബാലിശമായ ഭയം ഇപ്പോളിതാ വീണ്ടും; ഈ വൃദ്ധയുടെ കൈയില്‍ കൈയും ചേര്‍ത്തിരിക്കേ.
"en_XX: But she has the Sacred Heart of Jesus there, he thought, trying to reassure himself. He didn’t want his hand to begin trembling, showing the old woman that he was fearful. He recited an Our Father silently.","ml_IN: “പക്ഷേ, അവര്‍ക്കരികില്‍ യേശുവിന്റെ തിരുഹൃദയമുണ്ടല്ലൊ.” തന്ന ത്താന്‍ ഉറപ്പിക്കാന്‍വേണ്ടി അവന്‍ ചിന്തിച്ചു. തന്റെ കൈ വിറയ്ക്കുന്നത്‌ ആ വൃദ്ധയുടെ ശ്രദ്ധയില്‍ പെടുത്തുവാന്‍ അവനാഗ്രഹിച്ചില്ല. അവന്‍ നിശ്ശു ബ്ദമായി പ്രാര്‍ത്ഥിച്ചു: “സ്വര്‍ഗ്ഗസ്ഥനായ പിതാവേ!”"
"en_XX: The boy was becoming nervous. His hands began to tremble, and the woman sensed it. He quickly pulled his hands away.",ml_IN: 36 ആല്‍കെമിസ്റ്റ്‌ ആ ബാലന്‍ അസ്വസ്ഥനാവുകയായിരുന്നു. അവന്റെ കൈകള്‍ വിറ യ്ക്കാന്‍ തുടങ്ങി. ആ സ്ര്രീയ്ക്ക്‌ അതേറെക്കുറെ മനസ്സിലായെന്നു തോന്നി യപ്പോള്‍ അവന്‍ പെട്ടെന്ന്‌ കൈകള്‍ എടുത്തു മാറ്റി.
"en_XX: “I didn’t come here to have you read my palm,” he said, already regretting having come. He thought for a moment that it would be better to pay her fee and leave without learning a thing, that he was giving too much importance to his recurrent dream.",ml_IN: “എന്റെ കൈ നോക്കി ഫലം പറഞ്ഞു കേള്‍ക്കാനല്ല ഞാനിവിടെ വന്നത്‌.” അവന്റെ സ്വരത്തില്‍ പ്രകടമായ നീരസം. തള്ളയ്ക്ക്‌ വല്ല കാശും കൊടുത്ത്‌ അവിടെനിന്ന്‌ എഴുന്നേറ്റു പോകുകയാണ്‌ നല്ലതെന്ന്‌ അവനു തോന്നി. ഒന്നും അറിയേണ്ട. ഒരേ സ്വപ്നം രണ്ടു തവണ കണ്ടെന്നു വെച്ച്‌ അതിത്ര കാര്യമായി എടുക്കേണ്ടതുണ്ടോ? ഇവരാണെങ്കില്‍ അതിവെപ്പറ്റി ഒരക്ഷരം മിണ്ടുന്നുമില്ല.
"en_XX: “You came so that you could learn about your dreams,” said the old woman. “And dreams are the language of God. When he speaks in our language, I can interpret what he has said. But if he speaks in the language of the soul, it is only you who can understand. But, whichever it is, I’m going to charge you for the consultation.”","ml_IN: “ഓ! നീ കണ്ട സ്വപ്നത്തിന്റെ പൊരുളറിയണം, അല്ലേ.” വൃദ്ധ പെട്ടെന്നു സംസാരിക്കാന്‍ തുടങ്ങി. “നിനക്കറിയുമോ? ദൈവത്തിന്റെ അരുളപ്പാടുക ളാണ്‌ സ്വപ്നങ്ങള്‍. അവിടന്ന്‌ നമ്മുടെ ഭാഷയിലാണ്‌ സംസാരിക്കുന്നതെ ങ്കില്‍ അതിന്റെ അര്‍ത്ഥവും ഉദ്ദേശ്യവും ഞാന്‍ നിനക്കു പറഞ്ഞുതരുമായി രുന്നു. പക്ഷേ, ആത്മാവിന്റെ ഭാഷയിലാണ്‌ അദ്ദേഹം സംസാരിക്കുന്നതെ ങ്കില്‍ അതു മനസ്സിലാക്കാന്‍ അന്യനൊരാള്‍ക്കാവില്ല. അവനവനു മാത്രമേ കഴിയു. എന്തായാലും, നിന്റെ കൈയില്‍നിന്ന്‌ ഞാനിതിന്‌ കൂലി വാങ്ങും..."
en_XX: The woman was silent for some time. Then she again took his hands and studied them carefully.,ml_IN: മറുപടിയൊന്നും പറയാതെ ആ സ്ത്രീ ഏതാനും നിമിഷം എന്തോ ആലോചിച്ചിരുന്നു. വീണ്ടും അവന്റെ ഉള്ളംകൈയെടുത്ത്‌ ശ്രദ്ധയോടെ നോക്കാന്‍ തുടങ്ങി.
"en_XX: “I’m not going to charge you anything now,” she said. “But I want one-tenth of the treasure, if you find it.”","ml_IN: “എനിക്കിപ്പോള്‍ നീ പ്രതിഫലമൊന്നും തരേണ്ട.” തികഞ്ഞ ഗൌരവ ത്തോടെയാണവര്‍ അതു പറഞ്ഞത്‌: “പക്ഷേ, എന്നെങ്കിലും ആ നിധി നീ കൈക്കലാക്കിയാല്‍ അതിന്റെ പത്തിലൊന്ന്‌ എനിക്കു തരണം.”"
"en_XX: “First, swear to me. Swear that you will give me one-tenth of your treasure in exchange for what I am going to tell you.”",ml_IN: “പറയാം. അതിനു മുമ്പ്‌ നീ എനിക്കു വാക്കു തരണം. ഞാന്‍ പറയാന്‍ പോകുന്നതിന്‌ പ്രതിഫലമായി നിനക്കു കിട്ടാന്‍ പോകുന്ന നിധിയുടെ പത്തിലൊന്ന്‌ എനിക്കു തരാമെന്ന്‌.” അവര്‍ വീണ്ടും അതുതന്നെ പറഞ്ഞു.
"en_XX: “I didn’t need to waste my time just for this,” he said.",ml_IN: 38 ആല്‍കെമിസ്റ്റ്‌ “ഇതിനു മാത്രമായി എന്റെ സമയം പാഴാക്കേണ്ടിയിരുന്നില്ല.” അവന്‍ പറഞ്ഞു.
"en_XX: “I told you that your dream was a difficult one. It’s the simple things in life that are the most extraordinary; only wise men are able to understand them. And since I am not wise, I have had to learn other arts, such as the reading of palms.”","ml_IN: “ഞാന്‍ പറഞ്ഞില്ലേ, നിന്റെ സ്വപ്നം സങ്കീര്‍ണ്ണമായ ഒന്നായിരുന്നു എന്ന്‌. ജീവിതത്തിലെ ലളിതമായ കാര്യങ്ങളായിരിക്കും പലപ്പോഴും ഏറ്റവും അസാധാരണമായിത്തീരുക. ബുദ്ധിയുള്ളവര്‍ക്കേ അതു മനസ്സിലാക്കാന്‍ കഴിയു. എനിക്കതില്ല... അതുകൊണ്ട്‌ എനിക്കു മറ്റുവഴികള്‍ നോക്കേണ്ട തുണ്ട്‌ കൈരേഖ വായിക്കലും മറ്റും...”"
"en_XX: “Well, how am I going to get to Egypt?”",ml_IN: “ശരി. ഞാന്‍ എങ്ങനെയാണ്‌ ഈജിപ്റ്റില്‍ ചെന്നെത്തുക?”
en_XX: “I only interpret dreams. I don’t know how to turn them into reality. That’s why I have to live off what my daughters provide me with.”,ml_IN: “സ്വപ്നങ്ങളെ വ്യാഖ്യാനിക്കാനേ എനിക്കാകൂ. അവയെ യാഥാര്‍ത്ഥ്യ മാക്കിത്തീര്‍ക്കാന്‍ എനിക്ക്‌ അറിഞ്ഞുകൂടാ. അതുകൊണ്ടല്ലേ എനിക്ക്‌ എന്റെ പെണ്‍മക്കള്‍ തരുന്നതും കഴിച്ച്‌ ഇവിടെ കഴിഞ്ഞുകൂടേണ്ട ഗതികേടു വന്നത്‌.”
en_XX: “And what if I never get to Egypt?”,"ml_IN: “പക്ഷേ, എനിക്ക്‌ ഈജിപ്റ്റ്വരെ ചെന്നെത്താന്‍ പറ്റിയില്ലെങ്കിലോ?”"
en_XX: “Then I don’t get paid. It wouldn’t be the first time.”,ml_IN: “എങ്കില്‍ പിന്നെ എനിക്ക്‌ പ്രതിഫലം തരേണ്ട പ്രശ്‌നമേ വരുന്നില്ലല്ലൊ..
"en_XX: So the boy was disappointed; he decided that he would never again believe in dreams. He remembered that he had a number of things he had to take care of: he went to the market for something to eat, he traded his book for one that was thicker, and he found a bench in the plaza where he could sample the new wine he had bought. The day was hot, and the wine was refreshing. The sheep were at the gates of the city, in a stable that belonged to a friend.",ml_IN: അവന്‌ വല്ലാത്ത നിരാശ തോന്നി. വിചാരിച്ചപോലെയൊന്നും നടന്നി ല്ലല്ലെൊ. വെറുതെ ഒരു സ്വപ്നത്തിന്റെ അര്‍ത്ഥവും തേടി നടക്കുന്ന താന്റെത വിഡ്ഡി। സ്വപ്നങ്ങളില്‍ ഇനിയൊരിക്കലും താനിനി വിശ്വാസമര്‍പ്പി ക്കുകയില്ലെന്ന്‌ അവന്‍ നിശ്ചയിച്ചു. ചെയ്തു തീര്‍ക്കാനുള്ള നൂറുകൂട്ടം കാര്യങ്ങളെക്കുറിച്ച്‌ അവനോര്‍മ്മ വന്നു. ആട്ടിന്‍കൂട്ടത്തെ പട്ടണത്തിനു പുറത്തു താമസിക്കുന്ന ഒരു ചങ്ങാതിയുടെ ആലയിലാക്കി അവന്‍ അങ്ങാ ടിയിലേക്കു നടന്നു. നല്ലൊരുണു കഴിച്ചു...വായിക്കാനുള്ള പുസ്തകം മാറ്റി യെടുത്തു. നല്ല കനമുള്ളതൊന്നുതന്നെ ഇത്തവണ കൈയില്‍ തടഞ്ഞു.
"en_XX: He started to read the book he had bought. On the very first page it described a burial ceremony. And the names of the people involved were very difficult to pronounce. If he ever wrote a book, he thought, he would present one person at a time, so that the reader wouldn’t have to worry about memorizing a lot of names.",ml_IN: ഒരു ശവമടക്കലിന്റെ വിവരണമാണ്‌ ആദ്യത്തെ പേജില്‍തന്നെ. ഒരു പാടു കഥാപാഠ്രതങ്ങള്‍... ഉച്ചരിക്കാന്‍ പ്രയാസമുള്ള പേരുകള്‍. “ഞാനാണെങ്കില്‍ ഇങ്ങനെയല്ല പുസ്തകമെഴുതുക.” അവന്‍ വെറുതെ വിചാരിച്ചു. “കഥാ പാര്രങ്ങളെ ഒരുമിച്ചല്ല. ഓരോരുത്തരെ ആയേ അവതരിപ്പിക്കൂ ... ഒരുപാടു പേരുകള്‍ ഒരേ സമയം ഓര്‍മ്മിച്ചുവയ്ക്കേണ്ടതിന്റെ ക്ളേശം വായനക്കാരനു നല്‍കുകയില്ല.”
"en_XX: When he was finally able to concentrate on what he was reading, he liked the book better; the burial was on a snowy day, and he welcomed the feeling of being cold. As he read on, an old man sat down at his side and tried to strike up a conversation.",ml_IN: ക്രമേണ അവന്‍ വായനയില്‍ രസം പിടിച്ചു വന്നു. മഞ്ഞുകാലത്തെ നല്ല തണുപ്പുള്ള ഒരുച്ചനേരത്താണ്‌ ശവമടക്കല്‍ നടക്കുന്നത്‌. തണുപ്പിനെ പറ്റി വായിക്കുമ്പോള്‍തന്നെ ഒരു കുളിര്‍മ്മ..... അത്രയ്ക്കും ചൂടാണിപ്പോള്‍ വെയി ലിന്‌. അവനങ്ങനെ വായനയില്‍ ലയിച്ചിരിക്കുമ്പോള്‍ ഒരു വൃദ്ധന്‍ അവന്റെ അരുകില്‍ വന്ന്‌ ഇരുപ്പു പിടിച്ചു. ഒരു വര്‍ത്തമാനത്തിനുള്ള തരവും പാത്താണ്‌ അയാളുടെ ഇരിപ്പ്‌.
"en_XX: “What are they doing?” the old man asked, pointing at the people in the plaza.",ml_IN: “അവരെന്താണവിടെ ചെയ്യുന്നത്‌?” പ്ലാസയിലെ ആളുകളുടെ നേര്‍ക്കു വിരല്‍ചുണ്ടിക്കൊണ്ട്‌ ആ വൃദ്ധന്‍ ചോദിച്ചു.
"en_XX: Actually, he was thinking about shearing his sheep in front of the merchant’s daughter, so that she could see that he was someone who was capable of doing difficult things. He had already imagined the scene many times; every time, the girl became fascinated when he explained that the sheep had to be sheared from back to front. He also tried to remember some good stories to relate as he sheared the sheep. Most of them he had read in books, but he would tell them as if they were from his personal experience. She would never know the difference, because she didn’t know how to read.","ml_IN: അവന്‍ പല തവണ മനക്കണ്ണില്‍ കണ്ടതാണ്‌ ആ രംഗം. ഓരോ തവണയും ആടിന്റെ രോമം മുറിക്കുന്നത്‌ പിന്നില്‍നിന്നു മുമ്പിലേക്കാണെന്ന്‌ അവന്‍ പറഞ്ഞപ്പോള്‍ അവള്‍ അത്ഭുതപരത്ര്രയാവുന്നതു കാണാന്‍ രസമായി രുന്നു! പണിക്കിടയില്‍ അരികില്‍ നില്‍ക്കുന്ന അവള്‍ക്കു പറഞ്ഞു കൊടു ക്കാന്‍വേണ്ടി രസമുള്ള ചില കഥകളും അവന്‍ ഓര്‍ത്തുവെച്ചു. ഒക്കെ പുസ്തകങ്ങളില്‍നിന്ന്‌ വായിച്ചു മനസ്സിലാക്കിയ കഥകളാണ്‌. എന്നാലും സ്വന്തം അനുഭവമാണെന്ന മട്ടില്‍ തന്മയത്വത്തോടുകൂടി പറയണം. വൃത്യാ സമൊന്നും അവള്‍ക്കു പിടികിട്ടുകയില്ല., അവള്‍ക്കു വായിക്കാനറിയില്ലല്ലൊ!"
"en_XX: But the old man wanted to talk, and he asked the boy what book he was reading. The boy was tempted to be rude, and move to another bench, but his father had taught him to be respectful of the elderly. So he held out the book to the man—for two reasons: first, that he, himself, wasn’t sure how to pronounce the title; and second, that if the old man didn’t know how to read, he would probably feel ashamed and decide of his own accord to change benches.","ml_IN: വേണ്ട. അത്‌ തെറ്റാവും. തന്റെ പിതാവ്‌ എപ്പോഴും പറയാറുണ്ട്‌ മുതിര്‍ന്ന വരോട്‌ എപ്പോഴും ആദരവ്‌ കാട്ടണമെന്ന്‌. അവന്‍ പുസ്തകം അയാളുടെ മുമ്പിലേക്കു നീട്ടി. അതവന്റെ സൂധ്തമായിരുന്നു. മനസ്സില്‍ രണ്ടു കാര്യം കണ്ടുകൊണ്ടാണവന്‍ അങ്ങനെ ചെയ്തത്‌. ഉച്ചരിക്കാന്‍ വിഷമമുള്ള വികടം പിടിച്ചൊരു പേരായിരുന്നു പുസ്തകത്തിന്‌. വേണമെങ്കില്‍ വയസ്സന്‍ തന്ന ത്താന്‍ വായിച്ചെടുത്തോട്ടെ. അഥവാ വായിക്കാന്‍ അറിയില്ലെങ്കില്‍....ഒരു പക്ഷേ, നാണം തോന്നി അവിടെനിന്ന്‌ എഴുന്നേറ്റുപോയാലോ? രണ്ടായാലും ഗുണം തനിക്കുതന്നെ."
"en_XX: “Hmm…” said the old man, looking at all sides of the book, as if it were some strange object. “This is an important book, but it’s really irritating.”","ml_IN: ഒരസാധാരണ വസ്തുവെന്നോണം പുസ്തകം ആകപ്പാടെ ഒന്നു തിരിച്ചും മറിച്ചും നോക്കി അയാള്‍ പറഞ്ഞു: “ഇതൊരു പപധാനപ്പെട്ട പുസ്തകംതന്നെ. പക്ഷേ, വലിയ രസമില്ല.”"
"en_XX: The boy was shocked. The old man knew how to read, and had already read the book. And if the book was irritating, as the old man had said, the boy still had time to change it for another.",ml_IN: അവന്‌ അത്ഭുതം തോന്നി. അല്ല! ഇയാള്‍ക്ക്‌ വായിക്കാനറിയാം! ഈ പുസ്തകം വായിച്ചിട്ടുമുണ്ട്‌! ഇയാള്‍ പറയുന്നതുപോലെ പുസ്തകം വിരസമാണെങ്കില്‍ ഇപ്പോള്‍തന്നെ ഇതു മാറ്റിയെടുക്കണം. സമയം ധാരാള മുണ്ട്‌.
"en_XX: “What’s the world’s greatest lie?” the boy asked, completely surprised.","ml_IN: “പ്രപഞ്ചത്തിലെ ഏറ്റവും വലിയ മിഥ്യ ഏതാണ്‌?"" ആശ്ചര്യഭരിത നായി അവന്‍ ചോദിച്ചു."
"en_XX: “That’s never happened to me,” the boy said. “They wanted me to be a priest, but I decided to become a shepherd.”","ml_IN: “അങ്ങനെയൊന്ന്‌ എനിക്ക്‌ ഒരിക്കലും സംഭവിച്ചിട്ടില്ല. എന്നെ ഒരു പാതിരിയാക്കാനാണ്‌ എന്റെ മാതാപിതാക്കള്‍ ആശിച്ചത്‌. പക്ഷേ, ഒരു ആഅട്ടിട യനാവാന്‍ ഞാന്‍ തീരുമാനിച്ചു.”"
en_XX: “Where are you from?” the boy asked.,ml_IN: “നിങ്ങള്‍ എവിടെനിന്നാണ്‌?” അവന്‍ അന്വേഷിച്ചു.
en_XX: “From many places.”,ml_IN: “പലയിടത്തുനിന്നും എന്നു പറയാം.” വൃദ്ധന്റെ മറുപടി.
"en_XX: “No one can be from many places,” the boy said. “I’m a shepherd, and I have been to many places, but I come from only one place— from a city near an ancient castle. That’s where I was born.”",ml_IN: “പലയിടത്തുനിന്നുമായി ഒരാള്‍ക്കു വരാനൊക്കുകയില്ലല്ലെ.” ബാലന്‍ പറഞ്ഞു: “ഞാന്‍ ഒരു ആട്ടിടയനാണ്‌. പലയിടത്തും ഞാന്‍ പോയിട്ടുമുണ്ട്‌.
"en_XX: “Well then, we could say that I was born in Salem.”","ml_IN: ""ഓ... അങ്ങനെയാണെങ്കില്‍ പറയാം ഞാന്‍ ജനിച്ചത്‌ സലേമിലാണ്‌.”"
"en_XX: The boy didn’t know where Salem was, but he didn’t want to ask, fearing that he would appear ignorant. He looked at the people in the plaza for a while; they were coming and going, and all of them seemed to be very busy.",ml_IN: സലേം എവിടെയാണെന്ന്‌ അവനു രൂപമില്ലായിരുന്നു. എന്നാലും ചോദി ക്കാന്‍ മുതിര്‍ന്നില്ല. തനിക്കിത്രയുംകൂടി വിവരമില്ലേ എന്നയാള്‍ക്കു തോന്നി യാലോ? അവന്‍ അപ്പുറത്തെ കവലയിലേക്കു നോട്ടം തിരിച്ചു. ഒരുപാടാ ളുകള്‍ അങ്ങോട്ടുമിങ്ങോട്ടും തിടുക്കത്തില്‍ നടക്കുന്നുണ്ട്‌. എല്ലാവര്‍ക്കും ഓരോരോ തിരക്ക്‌.
"en_XX: “So, what is Salem like?” he asked, trying to get some sort of clue.","ml_IN: ""സലേം അല്ലേ? സ്ഥലമെങ്ങനെ? കൊള്ളാമോ?” വയസ്സനെക്കുറിച്ച്‌ ഉള്ളിലുയര്‍ന്ന ജിജ്ഞാസ അധികനേരം അടക്കിനിര്‍ത്താന്‍ അവനായില്ല."
en_XX: “It’s like it always has been.”,ml_IN: “എനിക്കും അങ്ങനെ തോന്നി.”
"en_XX: “What do I do in Salem?” The old man laughed. “Well, I’m the king of Salem!”","ml_IN: “ഞാനോ, സലേമില്‍ എന്തെടുക്കുന്നുവെന്നോ? നല്ല കഥ... ഞാന്‍ അവി ടത്തെ രാജാവാണ്‌.”"
"en_XX: People say strange things, the boy thought. Sometimes it’s better to be with the sheep, who don’t say anything. And better still to be alone with one’s books. They tell their incredible stories at the time when you want to hear them. But when you’re talking to people, they say some things that are so strange that you don’t know how to continue the conversation.","ml_IN: ചിലപ്പോള്‍ ചിലരങ്ങനെയാണ്‌. എന്തെങ്കിലുമൊക്കെ പറയും... കേള്‍ക്കുന്ന വര്‍ക്ക്‌ പിന്നെ ആശയക്കുഴപ്പം. ഇതിലും ഭേദം ആടുകളുടെ കൂട്ടാണ്‌. ഒന്നും മിണ്ടാതെ നടന്നോളുമല്ലോ. അല്ലെങ്കില്‍ പിന്നെ പുസ്തകങ്ങളാവാം... പറ്റിയ ചങ്ങാതിമാര്‍. പറയുന്ന കഥകള്‍ വിചിത്രങ്ങളാകാം... പക്ഷേ, കേട്ടേ കഴിയൂ എന്ന ഗതികേടില്ലല്ലൊ. വേണ്ടെന്നു തോന്നിയാല്‍ പുസ്തകമടച്ചു മാറ്റിവെക്കു കയല്ലേ വേണ്ടു."
"en_XX: “My name is Melchizedek,” said the old man. “How many sheep do you have?”","ml_IN: “എന്റെ പേര്‌ മെല്‍ഷിഡഷേക്ക്‌ എന്നാണ്‌. ആട്ടെ, നിനക്കു സ്വന്തമായി മൊത്തം എത്ര ആടുകളുണ്ട്‌?""”"
"en_XX: “Well, then, we’ve got a problem. I can’t help you if you feel you’ve got enough sheep.”","ml_IN: ""ഓ ...അങ്ങനെയാണോ? നിനക്ക്‌ ആവശ്യത്തിനുള്ള ആടുകളുണ്ടെന്നു തോന്നിയാല്‍ പിന്നെ നിന്നെ സഹായിക്കുവാന്‍ എന്നെക്കൊണ്ടാവില്ല.”"
"en_XX: “Give me my book,” the boy said. “I have to go and gather my sheep and get going.”",ml_IN: “ആ പുസ്തകം തന്നേക്കു. എനിക്കു പോകാറായി.” അവന്‍ തന്റെ നീരസം മറച്ചുവെച്ചില്ല: “അവിടെച്ചെന്ന്‌ ആടുകളെയൊക്കെ ഒരുമിച്ചു കൂട്ടണം.” അവനെഴുന്നേറ്റു.
"en_XX: The boy remembered his dream, and suddenly everything was clear to him. The old woman hadn’t charged him anything, but the old man—maybe he was her husband—was going to find a way to get much more money in exchange for information about something that didn’t even exist. The old man was probably a Gypsy, too.","ml_IN: പെട്ടെന്ന്‌ അവന്‌ തന്റെ സ്വപ്നം ഓര്‍മ്മ വന്നു. അതോടെ കാര്യത്തിന്റെ കിടപ്പും മനസ്സിലായി. സ്വപ്നത്തിന്റെ ഫലമറിയാന്‍ താന്‍ ചെന്നു കണ്ട ആ ജിപ്സിത്തള്ളയുടെ ഭര്‍ത്താവായിരിക്കണം ഈ കിഴവന്‍. രണ്ടുപേരും ചേര്‍ന്നുള്ള ഒരൊത്തുകളി, തന്നെ പറ്റിക്കാന്‍. ഭാര്യ പ്രതിഫലമൊന്നും വേണ്ടെന്നു പറഞ്ഞ്‌ തന്നെ വെറുതെ വിട്ടു. ഇപ്പോള്‍ ഭര്‍ത്താവിനെ പിന്നാലെ പറഞ്ഞുവിട്ടിരിക്കുന്നു; മുതലും പലിശയുംകൂടി ഈടാക്കാനാകും ഭാവം...."
"en_XX: There, in the sand of the plaza of that small city, the boy read the names of his father and his mother and the name of the seminary he had attended. He read the name of the merchant’s daughter, which he hadn’t even known, and he read things he had never told anyone.","ml_IN: ഇവിടെ, അപരിചിതമായ ഈ ചെറിയ പട്ടണത്തിലെ ചന്തത്തെരുവി ലുള്ള മണലില്‍ അയാള്‍ എഴുതിയിട്ടിരിക്കുന്നു അവന്റെ അച്ഛന്റെയും അമ്മയുടെയും പേരുകള്‍... അവന്‍ പഠിച്ചിരുന്ന സെമിനാരിയുടെ പേര."
"en_XX: “I’M THE KING OF SALEM,” THE OLD MAN HAD SAID.",ml_IN: ഞ്ഞാന്‍ സലേമിലെ രാജാവാണ്‌.”
"en_XX: “Why would a king be talking with a shepherd?” the boy asked, awed and embarrassed.",ml_IN: “അങ്ങയെപ്പോലൊരു രാജാവ്‌ എന്നെപ്പോലെ വെറുമൊരു ആട്ടിടയനോട്‌ സംസാരിക്കുകയോ?” അവന്റെ വാക്കുകളില്‍ ആദരവ്‌. സങ്കോചം.
en_XX: “For several reasons. But let’s say that the most important is that you have succeeded in discovering your Personal Legend.”,"ml_IN: “അതിന്‌ കാരണം പലതുണ്ട്‌. ഏറ്റവും (പ്രധാനമായത്‌ നീ സ്വന്തം ജീവി തത്തിന്റെ ലക്ഷ്യം തിരിച്ചറിഞ്ഞിരിക്കുന്നു എന്നതുതന്നെ."""
"en_XX: “And, when you want something, all the universe conspires in helping you to achieve it.”",ml_IN: “എന്തെങ്കിലും നേടിയെടുക്കണമെന്ന്‌ ഒരാള്‍ പൂര്‍ണ്ണമനസ്സോടെ ആഗ്ര ഹിച്ചാല്‍ ആ ആഗ്രഹം സഫലമാക്കാനായി ലോകം മുഴുവന്‍ അവന്റെ സഹായത്തിനെത്തും.” ആല്‍കെമിസ്റ്റ്‌ പറഞ്ഞു. അവനതിശയം തോന്നി.
"en_XX: The old man pointed to a baker standing in his shop window at one corner of the plaza. “When he was a child, that man wanted to travel, too. But he decided first to buy his bakery and put some money aside. When he’s an old man, he’s going to spend a month in Africa. He never realized that people are capable, at any time in their lives, of doing what they dream of.”","ml_IN: “പക്ഷേ, ഒട്ടു മുതിര്‍ന്നപ്പോള്‍ അയാള്‍ നിശ്ചയിച്ചു. ആദ്യം ഈ ബേക്കറി കച്ചവടം തുടങ്ങാം. പിന്നെ കുറച്ചു സമ്പാദ, ്യമൊക്കെയായി സാവധാനമാകാം യാര്ര...വയസ്സായി തിരക്കൊക്കെ ഒഴിയുമ്പോള്‍ ആഫ്രിക്കയിലേക്കു പോകണം."
en_XX: “Because you are trying to realize your Personal Legend. And you are at the point where you’re about to give it all up.”,ml_IN: “നീ സ്വന്തം നിയോഗം കണ്ടെത്താനുള്ള ശ്രമത്തിലാണ്‌. അതു കൊണ്ടാണ്‌ ഞാനിത്രയുമൊക്കെ പറഞ്ഞത്‌. നീ നിന്റെ രരമം ഇവിടെ വെച്ചേ ഉപേക്ഷിച്ചുകളയുമോ എന്നെനിക്കൊരു ഭയം.”
en_XX: “And that’s when you always appear on the scene?”,ml_IN: “അങ്ങനെ തോന്നുമ്പോഴൊക്കെ നിങ്ങളിങ്ങനെ പ്രത്ൃക്ഷപ്പെടുമോ?”
"en_XX: “Not always in this way, but I always appear in one form or another. Sometimes I appear in the form of a solution, or a good idea. At other times, at a crucial moment, I make it easier for things to happen. There are other things I do, too, but most of the time people don’t realize I’ve done them.”","ml_IN: “എപ്പോഴും ഇങ്ങനെ ആയിക്കൊള്ളണമെന്നില്ല... മറ്റു ചിലപ്പോള്‍ മറ്റേ തെങ്കിലും വിധത്തില്‍ ആയെന്നും വരാം. ചിലപ്പോള്‍ ഏതെങ്കിലും പ്രശ്ന ത്തിന്‌ പരിഹാരമായിട്ടാകാം. അല്ലെങ്കില്‍ പ്രയോജനകരമായ ഒരു യുക്തി യുടെ രൂപത്തിലാകാം. ഇടയ്ക്ക്‌ വഴിയിലെ തടസ്സങ്ങള്‍ നീക്കിക്കൊടുത്തു കൊണ്ടാകാം. ഏതായാലും നിര്‍ണ്ണായകമായ ഘട്ടങ്ങളില്‍, പലവിധത്തില്‍, പല രൂപത്തില്‍. പക്ഷേ, അതൊന്നും മനസ്സിലാക്കാനുള്ള സാവകാശം മനു ഷ്യര്‍ക്കില്ലല്ലോ.”"
"en_XX: The old man related that, the week before, he had been forced to appear before a miner, and had taken the form of a stone. The miner had abandoned everything to go mining for emeralds. For five years he had been working a certain river, and had examined hundreds of thousands of stones looking for an emerald. The miner was about to give it all up, right at the point when, if he were to examine just one more stone—just one more—he would find his emerald. Since the miner had sacrificed everything to his Personal Legend, the old man decided to become involved. He transformed himself into a stone that rolled up to the miner’s foot. The miner, with all the anger and frustration of his five fruitless years, picked up the stone and threw it aside. But he had thrown it with such force that it broke the stone it fell upon, and there, embedded in the broken stone, was the most beautiful emerald in the world.",ml_IN: 45 ആല്‍കെമിസ്റ്റ്‌ തലേ ആഴ്ച ഒരു ഖനനക്കാരന്റെ മുമ്പില്‍ ഒരു ഉരുളന്‍കല്ലായി താന്‍ പ്രത്യക്ഷപ്പെട്ട കഥ വൃദ്ധന്‍ വിവരിച്ചു: എല്ലാം വിട്ടെറിഞ്ഞിട്ടാണ്‌ ആ ഖനന ക്കാരന്‍ മരതകക്കല്ലുകള്‍ ഖനനം ചെയ്യാന്‍ തുടങ്ങിയത്‌. ഏതോ ഒരു പുഴ യോരത്ത്‌. അഞ്ചു കൊല്ലം തികച്ചും അയാള്‍ അദ്ധ്വാനിച്ചു. മരതകം കണ്ടെ ത്താനായി ഓരോ കല്ലും പൊറുക്കിയെടുത്ത്‌ പരിശോധിച്ചു. അവസാനം വിജയത്തിന്റെ വക്കത്തെത്തി നില്‍ക്കവേ അടുത്ത ഒരു കല്ലുകൂടി പരിശോ ധിച്ചാല്‍ മതി. അയാളുടെ അതുവരെയുള്ള പരിശ്രമം സഫലമാകും. അതി നുള്ള സാവകാശമുണ്ടായില്ല... അപ്പോഴേക്കും മടുത്തു നിരാശനായി. തിര ച്ചില്‍ മതിയാക്കി മടങ്ങിപ്പോകാന്‍ അയാള്‍ തീരുമാനിച്ചു. ആ നിമിഷ ത്തിലാണ്‌ ഈ വയസ്സന്‍ രംഗപ്രവേശം ചെയ്തത്‌. പാവം! സഹായിക്കാതെ കഴിയുമൊ? സര്‍വ്വസ്വവും ഉപേക്ഷിച്ച്‌ ഇതു മാത്രമാണ്‌ തന്റെ വഴി എന്നുറ പ്പിച്ച്‌ ഇറങ്ങിത്തിരിച്ച ഒരുവനെ കൈവിടുന്നതെങ്ങനെ? സ്വയം ഒരു കല്ലായി വയസ്സന്‍ ആ പാവത്തിന്റെ കാല്‍ചുവട്ടിലേക്ക്‌ ഉരുണ്ടു പിരണ്ടെത്തി.
en_XX: “What about one-tenth of my treasure?”,ml_IN: “അപ്പോള്‍ എനിക്കു കിട്ടാന്‍ പോകുന്ന നിധിയുടെ പത്തിലൊരു ഭാഗം?”
en_XX: The boy told him that he had already promised to give one-tenth of his treasure to the Gypsy.,ml_IN: തനിക്ക്‌ കിട്ടാന്‍ പോകുന്ന നിധിയുടെ പത്തിലൊരംശം ഒരു ജിപ്സിത്ത ള്ളയ്ക്ക്‌ കൊടുത്തേക്കാമെന്ന്‌ താന്‍ വാക്കുകൊടുത്തു കഴിഞ്ഞിരിക്കു ന്നുവെന്ന്‌ അവന്‍ അയാളോടു പറഞ്ഞു.
"en_XX: “Maybe tomorrow,” said the boy, moving away. If he sold just one of his sheep, he’d have enough to get to the other shore of the strait. The idea frightened him.","ml_IN: സും വേണ്ട. ഒരുപക്ഷേ, നാളെ.” അതും കി നു ടെനിന്നു മാറി. തന്റെ ആടുകളില്‍ ഒന്നേ ഒന്നിനെ വിറ്റാല്‍ മതി. ി ി അക്കരെയെത്താനുള്ള വകയാകും. എന്തോ, ആ ചിന്ത അവനിലുള ്‌ യൊരു ഭയമായിരുന്നു."
"en_XX: From there, he could see Africa in the distance. Someone had once told him that it was from there that the Moors had come, to occupy all of Spain.",ml_IN: അതിന്റെ മുകളില്‍ കയറി നിന്നു നോക്കിയാല്‍ അകലെ കടലിനക്കരെ ആഫ്രിക്ക. ഈ സ്പെയിന്‍ മുഴുവന്‍ ഒരുകാലത്ത്‌ അടക്കി വാണിരുന്ന മൂറുകള്‍ ആഫ്രിക്കയില്‍നിന്ന്‌ കടല്‍ കടന്നെത്തിയവരാണെന്ന്‌ പറഞ്ഞു കേട്ടിട്ടുണ്ട്‌.
"en_XX: “I’m surprised,” the boy said. “My friend bought all the other sheep immediately. He said that he had always dreamed of being a shepherd, and that it was a good omen.”","ml_IN: “അത്ഭുതം കേള്‍ക്കണോ?” അവന്‍ കിഴവനോടു പറഞ്ഞു: “എന്റെ ' ആ സ്നേഹിതന്‍ ഇടയനാകാന്‍ മോഹം. എന്റെ ആടുകളെ മുഴുവന്‍ ം ആറെണ്ണമൊഴിച്ച്‌ അവന്‍ വിലയ്ക്കു വാങ്ങി. ത കാര്യങ്ങ നീങ്ങുക നല്ല ലക്ഷണമാണെന്നാണ്‌ അവന്‍ പറയുന്ന, “ശരിതന്നെ. അതെപ്പോഴും അങ്ങനെയാണ്‌.”"
"en_XX: “That’s the way it always is,” said the old man. “It’s called the principle of favorability. When you play cards the first time, you are almost sure to win. Beginner’s luck.”",ml_IN: 49 ആല്‍കെമിസ്റ്റ്‌ “കാലം അനുകുലമാണെന്നു പറയുന്നത്‌ ഇങ്ങനെ വരുമ്പോഴാണ്‌. ശീട്ടു കളിക്കാനിരുന്നാല്‍ ആദ്യത്തെ വട്ടം മിക്കവാറും ജയിക്കും. അതാണ്‌ തുടക്കക്കാരന്റെ ഭാഗ്യം.”
en_XX: “Why is that?”,ml_IN: “അതെന്താണങ്ങനെ?”
"en_XX: “It’s in Egypt, near the Pyramids.”",ml_IN: “ഈജിപ്റ്റില്‍ പിരമിഡുകളുടെ അടുത്ത്‌.”
en_XX: “Just as your grandfather taught you. These are good omens.”,"ml_IN: “നിന്റെ മുത്തച്ഛന്‍ പറയാറുള്ളത്‌ ശരിയാണ്‌. പൂമ്പാറ്റകള്‍ നല്ല ശകു നമാണ്‌."" കിഴവന്റെ വാക്കുകള്‍. അവന്‍ അത്ഭുതമടക്കാനായില്ല. താന്‍ വെറുതെ ഓര്‍ത്തതേയുള്ളൂ... അതെങ്ങനെ ഇയാള്‍ മനസ്സിലാക്കി!"
en_XX: “‘But where are the drops of oil I entrusted to you?’ asked the wise man.,"ml_IN: പക്ഷേ, ഞാന്‍ നിന്റെ കൈയിലേല്‍പിച്ച ആ രണ്ടുതുള്ളി എണ്ണയെ വിടെ?” ജ്ഞാനിയുടെ ചോദ്യം."
"en_XX: “‘Well, there is only one piece of advice I can give you,’ said the wisest of wise men. ‘The secret of happiness is to see all the marvels of the world, and never to forget the drops of oil on the spoon.’”",ml_IN: “നീ പഠിച്ചിരിക്കേണ്ടതായി ഒരു പാഠമേയുള്ളു.” ജ്ഞാനികളില്‍ ജ്ഞാ നിയായ ആ വൃദ്ധന്റെ പ്രൌഡഗംഭീരമായ സ്വരം: “ഈ ലോകത്തിലെ സുഖ ങ്ങളും സഭാഗ്യങ്ങളും ആവോളം ആസ്ധദിച്ചോളു. അപ്പോഴും കൈവശമുള്ള സ്പൂണും അതിലെ രണ്ടുതുള്ളി എണ്ണയും മനസ്സിലുണ്ടായിരിക്കണം. അതു തന്നെയാണ്‌ സന്തോഷത്തിന്റെ രഹസ്യം.”
"en_XX: The old man looked at the boy and, with his hands held together, made several strange gestures over the boy’s head. Then, taking his sheep, he walked away.",ml_IN: 52 ആല്‍കെമിസ്റ്റ്‌ വയസ്സന്‍ ഏതാനും നിമിഷം അവന്റെ കണ്ണുകളില്‍തന്നെ ഉറ്റുനോക്കി ക്കൊണ്ടു നിന്നു. അതിനുശേഷം കൈകളുയര്‍ത്തി അവന്റെ തലയ്ക്കു മീതെ എന്തൊക്കെയോ വിചിത്രമായ മുശ്രകള്‍ കാട്ടി. പിന്നെ ഒന്നും മിണ്ടാതെ അവന്‍ കൊടുത്ത ആറാടുകളെയുംകൊണ്ട്‌ ആ വൃദ്ധന്‍ സ്ഥലംവിട്ടു.
"en_XX: AT THE HIGHEST POINT IN TARIFA THERE IS AN OLD FORT, built by the Moors. From atop its walls, one can catch a glimpse of Africa.",ml_IN: ൂറ്ന്ഫരുടെ ഏറ്റവും ഉയര്‍ന്ന ഭാഗത്ത്‌ പണ്ട്‌ മൂറുകള്‍ പണിതുയര്‍ ത്തിയ വലിയൊരു കോട്ടയുണ്ട്‌. ആ കോട്ടമതിലിനു മുകളിലിരുന്നു നോക്കിയാല്‍ അകലെ ആഫ്രിക്കയുടെ തീരങ്ങള്‍ കാണാം. സലേമിലെ രാജാവായ മെല്‍ഷിയഷേക്ക്‌ അവിടെ കയറിയിരുന്നു. നേരം ഉച്ചതിരിഞ്ഞി രുന്നു. അക്കരെനിന്ന്‌ ലെവന്‍റര്‍ വീശാന്‍ തുടങ്ങി. ആടുകള്‍ക്കാകപ്പാടെ ഒരു വല്ലായ്മ. പുതിയ ഇടയനുമായി അവ ഇനിയും ഇണങ്ങിയിട്ടില്ല. പെട്ടെ ന്നുണ്ടായ മാറ്റം. അതുളവാക്കിയ വ്വെപാളം. പുല്ലും വെള്ളവും ധാരാളമായു ള്ളൊരിടത്ത്‌ എത്തിപ്പെടാനായിരുന്നു അവയ്ക്കു തിടുക്കം.
"en_XX: Melchizedek watched a small ship that was plowing its way out of the port. He would never again see the boy, just as he had never seen Abraham again after having charged him his one-tenth fee.",ml_IN: അകലെ തുറമുഖത്തുനിന്ന്‌ ഒരു കപ്പല്‍ പുറംകടലിലേക്കു നീങ്ങുന്നത്‌ മെല്‍ഷിയേക്ക്‌ ശ്രദ്ധിച്ചു. ഇനിയൊരിക്കലും താന്‍ ആ ചെറുപ്പക്കാരനെ കാണുകയുണ്ടാവില്ല. അതാണല്ലോ തന്റെ ജോലിയുടെ രീതി. ഇതുപോലെ തന്നെയായിരുന്നു ആ അബ്രഹാമും. തന്റെ പത്തിലൊന്നു ഫീസ്‌ തന്നിട്ടു പോയതാണ്‌. പിന്നീടൊരിക്കലും അയാളെ കാണാന്‍ കഴിഞ്ഞിട്ടില്ല.
en_XX: That was his work.,ml_IN: അതിനുവേണ്ടിയായിരുന്നു പ്രയത്നം മുഴുവനും.
"en_XX: The gods should not have desires, because they don’t have Personal Legends. But the king of Salem hoped desperately that the boy would be successful.","ml_IN: ദൈവങ്ങള്‍ക്ക്‌ അവരവരുടേതായ നിയോഗങ്ങളില്ല. അതുകൊണ്ടു തന്നെ അവര്‍ക്ക്‌ യാതൊരുവക ആഗ്രഹങ്ങളുമില്ല. പക്ഷേ, മനുഷ്യന്റെ സ്ഥിതി അതല്ലല്ലോ. ആ യുവാവ്‌ അവന്റേതായ ലക്ഷ്യം നേടിയെങ്കില്‍!"
"en_XX: He looked to the skies, feeling a bit abashed, and said, “I know it’s the vanity of vanities, as you said, my Lord. But an old king sometimes has to take some pride in himself.”","ml_IN: അദ്ദേഹം മാനത്തേക്കു നോക്കി നെടുവീര്‍പ്പിട്ടു. മനസ്സില്‍ നേരിയ ജാളൃത. “എനിക്കറിയാം ഇതെന്റെ അഹന്തയാണെന്ന്‌.” അയാള്‍ തന്ന ത്താന്‍ പറഞ്ഞു. “എന്നാലും ഈ കിഴവന്‍ രാജാവിന്റെ ഞാനെന്ന ഭാവം, ഈശ്വരാ! അങ്ങു പൊറുക്കണേ!”"
"en_XX: He was sitting in a bar very much like the other bars he had seen along the narrow streets of Tangier. Some men were smoking from a gigantic pipe that they passed from one to the other. In just a few hours he had seen men walking hand in hand, women with their faces covered, and priests that climbed to the tops of towers and chanted—as everyone about him went to their knees and placed their foreheads on the ground.",ml_IN: ഒരു ഭക്ഷണശാലയിലാണ്‌ അവന്‍ ഇരുന്നിരുന്നത്‌. ഇതുപോലെയുള്ള കടകള്‍ ടാന്‍ജീറിലെ ഇടുങ്ങിയ തെരുവുകളില്‍ പലയിടത്തും അവന്‍ 53 ആല്‍കെമിസ്റ്റ്‌ കണ്ടിരുന്നു. അവന്‍ തിരിഞ്ഞു നോക്കി. കുറെപ്പേര്‍ ചുറ്റും കൂടിയിരുന്ന്‌ വലിയൊരു ഹുക്ക വലിക്കുന്നു. തെരുവില്‍ നല്ല തിരക്ക്‌. കൈകോര്‍ത്തു നടക്കുന്ന പുരുഷന്മാര്‍. പര്‍ദ്ദയിട്ട സ്ത്രീകള്‍. പള്ളിഗോപുരത്തിന്റെ മുകളില്‍ കയറിനിന്ന്‌ ഉച്ചത്തില്‍ പ്രാര്‍ത്ഥന ഉരുവിടുന്ന മുക്റികള്‍. അതു കേള്‍ക്കു മ്പോഴേക്കും നിന്നിടത്തുതന്നെ മുട്ടുകുത്തി നമസ്കരിക്കുന്ന വിശ്വാസികള്‍.
"en_XX: “A practice of infidels,” he said to himself. As a child in church, he had always looked at the image of Saint Santiago Matamoros on his white horse, his sword unsheathed, and figures such as these kneeling at his feet. The boy felt ill and terribly alone. The infidels had an evil look about them.","ml_IN: "" അവിശ്വാസികളുടെ സ്രമ്പദായങ്ങള്‍,”” അവന്‍ തന്നോടുതന്നെ പറഞ്ഞു. കുട്ടിക്കാലത്ത്‌ നാട്ടിലെ പള്ളിയില്‍ പോയിക്കൊണ്ടിരുന്നപ്പോള്‍ എപ്പോഴും അവന്‍ നോക്കിനില്‍ക്കുമായിരുന്നു. സാന്റിയാഗോ മാട്ടോമാ രോസ്‌ എന്ന പുണ്യവാളന്റെ പ്രതിമ. വലിയൊരു വെള്ളക്കുതിരപ്പുറത്ത്‌..."
"en_XX: Besides this, in the rush of his travels he had forgotten a detail, just one detail, which could keep him from his treasure for a long time: only Arabic was spoken in this country.","ml_IN: അപ്പോഴാണവന്‍ ഓര്‍ത്തത്‌. യാത്രയുടെ തിരക്കിലും ഉത്സാഹത്തിലും വള്രെ (്പധാനപ്പെട്ടൊരു കാര്യം അവന്‍ പാടെ മറന്നുപോയിരുന്നു. ഇവ രുടെ ഭാഷ, അറബി തനിക്കു തീരെ വശമില്ലല്ലൊ. അതറിയാതെ യാത്ര തുടരുന്നതെങ്ങനെ? നിധി തേടിപ്പിടിക്കുന്നതെങ്ങനെ?"
"en_XX: The owner of the bar approached him, and the boy pointed to a drink that had been served at the next table. It turned out to be a bitter tea. The boy preferred wine.",ml_IN: “ഇവിടെ എന്താ വേണ്ടത്‌?” കടയുടെ ഉടമസ്ഥന്‍ അവന്റെ അടുത്തു വന്ന്‌ അന്വേഷിച്ചു. അവന്‌ വേണ്ടിയിരുന്നത്‌ കുറച്ചു വീഞ്ഞായിരുന്നു. അതു പറയാന്‍ അറിയാതിരുന്നതുകൊണ്ട്‌ അവന്‍ അടുത്ത മേശയിലേക്കു വിരല്‍ ചൂണ്ടി. അവര്‍ കുടിക്കുന്നതുതന്നെ എന്ന മട്ടില്‍. കടക്കാരന്‍ ഒരു കോപ്പ നിറച്ച്‌ എന്തോ ഒന്ന്‌ അവന്റെ മുമ്പില്‍ കൊണ്ടുവെച്ചു. അവന്‍ അതെടുത്ത്‌ ഒന്നു നുണഞ്ഞു നോക്കി. ഒരു തരം ചവര്‍പ്പുള്ള ചായ. അവനത്‌ തീരെ പിടിച്ചില്ല. അവനു വേണ്ടത്‌ വീഞ്ഞായിരുന്നു.
en_XX: “Who are you?” he heard a voice ask him in Spanish.,ml_IN: “ആരാണ്‌? ഇതിനു മുമ്പു കണ്ടിട്ടില്ല!” സ്പാനിഷ്‌ ഭാഷയിലായിരുന്നു അവന്റെ നേര്‍ക്കുള്ള ചോദ്യം.
en_XX: “Almost everyone here speaks Spanish. We’re only two hours from Spain.”,ml_IN: ി “അതിലതിശയിക്കാനൊന്നുമില്ല.” ആ ചെറുപ്പക്കാരന്‍ പറഞ്ഞു: ഈ പ്രദേശത്ത്‌ ഒരുമാതിരി എല്ലാവരും സ്പാനിഷ്‌ സംസാരിക്കും. ഇവിടെ നിന്ന്‌ രണ്ടു മണിക്കൂറിന്റെ ദൂരമല്ലേയുള്ളൂ സ്പെയിനിലേക്ക?
"en_XX: “There is no wine in this country,” the young man said. “The religion here forbids it.”","ml_IN: “അയ്യോ, ഇവിടെ വീഞ്ഞു കിട്ടില്ല. അത്‌ ഞങ്ങളുടെ മതാചാരങ്ങള്‍ക്കു വിരുദ്ധമാണ്‌.” പുതിയ ചങ്ങാതി അവനു പറഞ്ഞു കൊടുത്തു."
"en_XX: He took his money from his pouch and showed it to the young man. The owner of the bar came over and looked, as well. The two men exchanged some words in Arabic, and the bar owner seemed irritated.",ml_IN: അവന്‍ മടിശ്ശീല തുറന്ന്‌ ആ ചെറുപ്പക്കാരനെ കാണിച്ചു. കണ്ടു നിന്ന കടക്കാരന്‌ അരിശം. അയാളും ആ യുവാവും തമ്മില്‍ ചെറിയൊരു വാക്കേറ്റം കാര്യമെന്താണെന്ന്‌ അവന്‍ പിടികിട്ടിയില്ല. അറബിഭാഷയായിരുന്നു അവര്‍ സംസാരരിച്ചിരുന്നത്‌.
en_XX: The boy trusted his new friend. He had helped him out in a dangerous situation. He took out his money and counted it.,ml_IN: അവന്‌ തന്റെ പുതിയ പരിചയക്കാരന്റെ പേരിലുള്ള വിശ്വാസം വര്‍ദ്ധിച്ചു. വലിയൊരു കെണിയില്‍നിന്ന്‌ അയാള്‍ തന്നെ രക്ഷിച്ചല്ലോ. പിന്നെ അവന്‍ സംശയിച്ചില്ല. മടിശ്ശീല തുറന്ന്‌ പണമെണ്ണി കൂട്ടുകാരനെ ഏല്‍പിച്ചു അവനതു വാങ്ങി എണ്ണി നോക്കി.
"en_XX: “We could get to the Pyramids by tomorrow,” said the other, taking the money. “But I have to buy two camels.”",ml_IN: ) “നമുക്കു നാളെത്തന്നെ പുറപ്പെടാം.” പണം കൈയിലെടുത്തുകൊണ്ട്‌ അയാള്‍ പറഞ്ഞു: “അതിനു മുമ്പ്‌ രണ്ടു നല്ല ഒട്ടകങ്ങളെ വാങ്ങിക്കണം.”
"en_XX: All around him was the market, with people coming and going, shouting and buying, and the aroma of strange foods…but nowhere could he find his new companion.","ml_IN: ചുറ്റും പരന്നു കിടക്കുന്ന കടകമ്പോളങ്ങള്‍. ഒരായിരം പേരുടെ ഒച്ചയും വിളികളും. പലതരത്തിലുള്ള ഭക്ഷണപദാര്‍ത്ഥങ്ങളുടെ സുഗന്ധം. പക്ഷേ, തന്റെ കൂട്ടുകാരന്‍? അയാളെ അവിടെയെങ്ങും കാണാനുണ്ടായിരുന്നില്ല!"
"en_XX: The sun began its departure, as well. The boy watched it through its trajectory for some time, until it was hidden behind the white houses surrounding the plaza. He recalled that when the sun had risen that morning, he was on another continent, still a shepherd with sixty sheep, and looking forward to meeting with a girl. That morning he had known everything that was going to happen to him as he walked through the familiar fields. But now, as the sun began to set, he was in a different country, a stranger in a strange land, where he couldn’t even speak the language. He was no longer a shepherd, and he had nothing, not even the money to return and start everything over.","ml_IN: പകല്‍ മറയുകയായിരുന്നു. അകലെ വെള്ള പൂശിയ മതിലുകള്‍ക്ക പ്പുറം സൂര്യന്‍ അസ്തമിക്കുന്നത്‌ അവന്‍ നോക്കി നിന്നു. അവന്റെ മനസ്സില്‍ വിഷാദത്തിന്റെ ഉറപൊട്ടി. അന്നു രാവിലെ സൂര്യനുദിക്കുമ്പോള്‍ അവന്‍ അക്കരെയായിരുന്നു. മറ്റൊരു ഭൂഖണ്ഡം. തന്റെ അറുപതാടുകളെയു മേച്ച്‌, പലചരക്കുകടക്കാരന്റെ മകളെക്കുറിച്ചുള്ള പകല്‍ക്കിനാവുകളില്‍ മുഴുകി ആ മേച്ചില്‍പ്പുറങ്ങളിലൂടെ നടന്നു നീങ്ങുമ്പോള്‍ തന്റെ ജീവിതത്തെക്കു റിച്ച്‌, ഭാവിയെക്കുറിച്ച്‌ അവന്‍ വ്യക്തമായ സങ്കല്പങ്ങളുണ്ടായിരുന്നു."
en_XX: He opened his pouch to see what was left of his possessions; maybe there was a bit left of the sandwich he had eaten on the ship.,"ml_IN: ഇനി എന്തെങ്കിലും കൈയില്‍ ബാക്കിയുണ്ടോ? അവന്‍ തന്റെ സഞ്ചി തുറന്നു നോക്കി. കപ്പലില്‍ കഴിക്കാന്‍ കിട്ടിയ റൊട്ടിക്കഷണത്തിന്റെ ബാക്കി വല്ലതും... പക്ഷേ, കണ്ണില്‍ പെട്ടത്‌ വായിക്കാന്‍ വാങ്ങിയ പുസ്തകവും ഒരു കമ്പിളിക്കുപ്പായവും മാദ്രം. അല്ല, അതിനടിയില്‍ കണ്ടു അക്കരെ കണ്ട വൃദ്ധന്‍ കൊടുത്ത തിളങ്ങുന്ന ആ രണ്ടു കല്ലുകള്‍."
"en_XX: As he looked at the stones, he felt relieved for some reason. He had exchanged six sheep for two precious stones that had been taken from a gold breastplate. He could sell the stones and buy a return ticket. But this time I’ll be smarter, the boy thought, removing them from the pouch so he could put them in his pocket.",ml_IN: പകരമായി അവന്‍ കൊടുത്തതോ? ആറാടുകളും. ഈ കല്ലുകള്‍ വിറ്റ്‌ മടക്കയാത്രയ്ക്കുള്ള ടിക്കറ്റ്‌ വാങ്ങിയാലോ? ഇനി തനിക്ക്‌ അബദ്ധം പറ്റു കയില്ല. നല്ലൊരു പാഠം പഠിച്ചുകഴിഞ്ഞതല്ലേ? കല്ലുകള്‍ രണ്ടും സഞ്ചി യില്‍നിന്നെടുത്ത്‌ അവന്‍ കുപ്പായക്കീശയിലിട്ടു. തുറമുഖമാണ്‌. കള്ള ന്മാരുടെ ക്രേനദ്രം. ആ ചെറുപ്പക്കാരന്റെ വാക്കുകള്‍ അവന്‍ ആവര്‍ത്തിച്ചു.
"en_XX: “They’re called Urim and Thummim, and they can help you to read the omens.” The boy put the stones back in the pouch and decided to do an experiment. The old man had said to ask very clear questions, and to do that, the boy had to know what he wanted. So, he asked if the old man’s blessing was still with him.","ml_IN: യുറീമും തുമ്മീമും, അങ്ങനെയാണദ്ദേഹം പറഞ്ഞത. എന്തെങ്കിലും ആശയക്കുഴപ്പമുണ്ടെങ്കില്‍ ഒരു തീരുമാനത്തിലെത്താന്‍ അവ സഹായിക്കും എന്നും അദ്ദേഹം പറഞ്ഞു. എന്നാല്‍ അതൊന്നു പരീക്ഷിച്ചാലോ? ചോദ്യ ങ്ങള്‍ കിറുകൃത്യമായിരിക്കണം. അതിനു വേണ്ടത ഉത്തരത്തെപ്പറ്റി വൃക്ത മായ ധാരണയാണ്‌. ആദ്യമായി “തനിക്കറിയേണ്ടതെന്താണ്‌? അവന്‍ സ്വയം ചോദിച്ചു."
en_XX: “Am I going to find my treasure?” he asked.,ml_IN: “ഞാന്‍ തേടുന്ന നിധി എനിക്കു കണ്ടെത്താനാകുമോ?
"en_XX: He stuck his hand into the pouch, and felt around for one of the stones. As he did so, both of them pushed through a hole in the pouch and fell to the ground. The boy had never even noticed that there was a hole in his pouch. He knelt down to find Urim and Thummim and put them back in the pouch. But as he saw them lying there on the ground, another phrase came to his mind.",ml_IN: വീണ്ടും അവന്‍ സഞ്ചിക്കകത്തേക്കു കൈയിട്ടു. അതിന്റെ അടി വശത്തൊരു ദ്വാരമുണ്ടായിരുന്നു. അതവന്‍ കണ്ടിരുന്നില്ല. വിരലുകള്‍ കൊണ്ട്‌ കല്ലുകള്‍ തിരയുന്നതിനിടയില്‍ ആ ഓട്ടയിലൂടെ അവ രണ്ടും നിലത്തു വീണു. അവന്‍ അതു പെറുക്കി പിന്നെയും സഞ്ചിയിലേക്കിട്ടു.
"en_XX: “I’m an adventurer, looking for treasure,” he said to himself.",ml_IN: “അല്ല.” അവന്‍ പറഞ്ഞു: “ഞാന്‍ അന്വേഷിക്കുന്നത്‌ ഒരു നിധിയാണ്‌.”
"en_XX: When the stall was assembled, the candy seller offered the boy the first sweet he had made for the day. The boy thanked him, ate it, and went on his way. When he had gone only a short distance, he realized that, while they were erecting the stall, one of them had spoken Arabic and the other Spanish.","ml_IN: മധുരപലഹാരക്കാരന്‍ കട തുറന്നു. സാധനങ്ങളൊക്കെ വേണ്ട വിധ ത്തില്‍ ഒരുക്കിവെച്ചു. പണികഴിഞ്ഞവന്‍ പോകാനൊരുങ്ങവേ, അയാള്‍ അവന്റെ നേരെ നീട്ടി, അയാള്‍ ആ ദിവസം ആദ്യമായുണ്ടാക്കിയ പലഹാര ത്തില്‍നിന്ന്‌ കുറച്ച്‌. അതും തിന്നവന്‍ സ്ഥലം വിട്ടു. കുറച്ചുപോയിക്കഴിഞ്ഞ പ്പോഴാണ്‌ അവന്റെ മനസ്സില്‍ ആ ചിന്ത ഉദിച്ചത്‌. പണിയെടുക്കുന്നതിനിടയില്‍ രണ്ടാളും രണ്ടു ഭാഷയാണല്ലോ സംസാരിച്ചിരുന്നത്‌...കച്ചവടക്കാരന്‍ അറബി... താന്‍ സ്പാനിഷും. എന്നിട്ടും പരസ്പരം കാര്യം മനസ്സിലാക്കു വാന്‍ ഒട്ടും പ്രയാസമുണ്ടായില്ലല്ലോ."
"en_XX: There must be a language that doesn’t depend on words, the boy thought. I’ve already had that experience with my sheep, and now it’s happening with people.",ml_IN: ശരിയാണ്‌. ഒരു കാരൃം തീര്‍ച്ച.... വാക്കുകളെ ആധാരമാക്കേണ്ടതി ല്ലാത്ത ഭാഷയും ഉണ്ട്‌. താനും തന്റെ ആടുകളും അന്യോന്യം മനസ്സിലാക്കി യിരുന്നത്‌ വാക്കുകളിലൂടെ ആയിരുന്നില്ലല്ലൊ. മനുഷ്യര്‍ക്കും അതിനു കഴിയും. തമ്മില്‍ തമ്മില്‍ പറഞ്ഞു ധരിപ്പിക്കാന്‍ വാക്കുകള്‍ കൂടിയേ കഴിയൂ എന്നില്ല. ഇവിടെ ഇപ്പോള്‍ അങ്ങനെയല്ലേ ഉണ്ടായത്‌!
"en_XX: He was learning a lot of new things. Some of them were things that he had already experienced, and weren’t really new, but that he had never perceived before. And he hadn’t perceived them because he had become accustomed to them. He realized: If I can learn to understand this language without words, I can learn to understand the world.",ml_IN: [ എന്തെല്ലാം പുതിയ കാര്യങ്ങളാണ്‌ താന്‍ പഠിച്ചുവരുന്നത്‌...? അവന്റെ മനസ്സ്‌ അത്ഭുതം കൂറി. എല്ലാം പുതിയതെന്നു പറയാന്‍ വയ്യ. ചിലതൊക്കെ തനിക്കു നേരത്തേ അറിയാവുന്നതുതന്നെ. എങ്കിലും സ്ഥിരം പതിവുകളാക യാല്‍ അവയെപ്പറ്റി കൂടുതല്‍ ചിന്തിക്കാനിട വന്നിട്ടില്ല എന്നു മാര്തം. വാക്കു കള്‍ കൈമാറോേണ്ടതില്ലാത്ത ഈ ഭാഷ സ്വന്തമാക്കണം.
"en_XX: “All things are one,” the old man had said.",ml_IN: “ശരിയാണ്‌ എല്ലാം ഒന്നുതന്നെ.” അവന്‍ തന്നത്താന്‍ പറഞ്ഞു. “എല്ലാം പരസ്പരം ബന്ധിക്കപ്പെട്ടിട്ടുള്ളതാണ്‌.”
"en_XX: But, as time passed, Tangier had changed. The nearby city of Ceuta had grown faster than Tangier, and business had fallen off.",ml_IN: അതൊക്കെ അന്നായിരുന്നു. ഇപ്പോള്‍ ടാന്‍ജീര്‍ പാടെ മാറി. അയല്‍ വക്കത്തെ സിയൂട്ടാ എന്ന കൊച്ചു പട്ടണം പെട്ടെന്നങ്ങു വളര്‍ന്നു. വലിയൊരു നഗരമായി. അതോടെ ടാന്‍ജീറിന്റെ (്രാധാന്യം നഷ്ടപ്പെട്ടു. വ്യാപാരം മോശമായി.
"en_XX: Neighbors moved away, and there remained only a few small shops on the hill. And no one was going to climb the hill just to browse through a few small shops.",ml_IN: ഈ പ്രദേശത്തെ കച്ചവടക്കാര്‍ കുറെ ആ ഭാഗത്തേക്കു മാറി പ്പോയി. ഇനി ബാക്കിയുള്ളത്‌ ഏതാനും ചെറിയ കടകള്‍ മാത്രം. ഈ കയറ്റം കയറി ഇവിടെ വന്ന്‌ തന്റെ സ്ഫടികപ്പാത്രങ്ങളുടെ ഭംഗി കാണാന്‍ ആരെ ങ്കിലും മിനക്കെടുമോ? എന്നു വെച്ച്‌ മറ്റെന്തിലേക്കെങ്കിലും ശ്രദ്ധതിരിക്കാ മെന്നു വെച്ചാല്‍. അതിനുള്ള കഴിവൊട്ടില്ലതാനും. കൊല്ലം മുപ്പതു കഴിഞ്ഞു.
en_XX: The man looked at him without responding.,ml_IN: അതിനയാള്‍ ഉത്തരം പറഞ്ഞില്ല. ഒന്നും മിണ്ടാതെ യാത്ര തുടര്‍ന്നു.
"en_XX: When he had completed the cleaning, he asked the man for something to eat. “Let’s go and have some lunch,” said the crystal merchant.",ml_IN: തുടയ്ക്കലും ഒതുക്കലും കഴിഞ്ഞപ്പോള്‍ അവന്‍ മുതലാളിയുടെ അടുത്തു ചെന്നു. “വാ.... നമുക്ക്‌ പുറത്തു പോയി എന്തെങ്കിലും കഴിച്ചിട്ടു വരാം.” അവനെയും വിളിച്ച്‌ അയാള്‍ എഴുന്നേറ്റു.
"en_XX: “Well then, why did you let me do it?” the boy asked.","ml_IN: “അതൊക്കെ ശരി. പക്ഷേ, ഞാനെന്തു ചെയ്യണമെന്നാണ്‌ നീ പറഞ്ഞും കൊണ്ടു വരുന്നത്‌?” സൂര്യന്‍ ചോദിച്ചു."
en_XX: “Do you want to go to work for me?” the merchant asked.,ml_IN: “നിനക്ക്‌ എന്റെ കടയില്‍ ജോലിക്കു നിന്നുകൂടെ?
"en_XX: “I can work for the rest of today,” the boy answered. “I’ll work all night, until dawn, and I’ll clean every piece of crystal in your shop.",ml_IN: “ശരി ഞാന്‍ നില്‍ക്കാം. ഇനിയുള്ള പകല്‍ മുഴുവന്‍. പിന്നെ രാത്രി പുലരുന്നതുവരെയും. കടയിലെ പാത്രങ്ങളര്രയും ഞാന്‍ തുടച്ചു മിനുക്കി ത്തരാം. പകരം എനിക്ക്‌ പണമായി കൂലി കിട്ടണം .... ഈജിപ്റ്റിലെത്തിച്ചേ രാന്‍ വേണ്ട തുക. നാളെത്തന്നെ എനിക്കു പുറപ്പെടണം.”
"en_XX: The merchant laughed. “Even if you cleaned my crystal for an entire year…even if you earned a good commission selling every piece, you would still have to borrow money to get to Egypt. There are thousands of kilometers of desert between here and there.”","ml_IN: “ഈജിപ്റ്റില്‍ എത്താന്‍ വേണ്ട പണമോ?” കേട്ടത്‌ ഒരു നേരമ്പോക്കാ ണെന്ന മട്ടില്‍ കച്ചവടക്കാരന്‍ ഉറക്കെ ചിരിച്ചു. “ഒരു വര്‍ഷം മുഴുവന്‍ പണി താലും, വിറ്റുകിട്ടുന്നതില്‍ ഒരോഹരി പങ്കായി ഞാന്‍ തന്നാലും അതിനു തികയില്ല. പിന്നെയും വലിയൊരു തുക കടമായി വാങ്ങേണ്ടിവരും. ഈജിപ്റ്റ്‌ എവിടെയാണെന്നാണ്‌ നിന്റെ വിചാരം? ആയിരമായിരം നാഴിക താണ്ടണം; ഈ മരുഭൂമിയില്‍കൂടി.”"
"en_XX: There was a moment of silence so profound that it seemed the city was asleep. No sound from the bazaars, no arguments among the merchants, no men climbing to the towers to chant. No hope, no adventure, no old kings or Personal Legends, no treasure, and no Pyramids. It was as if the world had fallen silent because the boy’s soul had. He sat there, staring blankly through the door of the café, wishing that he had died, and that everything would end forever at that moment.",ml_IN: പെട്ടെന്ന്‌ സര്‍വ്വവും തനിക്കു ചുറ്റും നിശ്ചലമായതുപോലെ അവനു തോന്നി. അങ്ങാടിയിലെ ആരവങ്ങളില്ല. പള്ളിഗോപുരത്തിലെ പ്രാര്‍ത്ഥന കളില്ല. അജ്ഞാതനായ രാജാവും അദ്ദേഹം ചൂണ്ടിക്കാണിച്ച നിയോഗവും ഈജിപ്റ്റും പിരമിഡുകളും നിധിയും ഒക്കെ അവന്റെ ബോധത്തില്‍നിന്നു മറഞ്ഞു. എങ്ങും കനത്ത നിശ്ശബ്ദതമാത്രം. മനസ്സില്‍ പ്രതീക്ഷകളില്ല.
en_XX: The merchant looked anxiously at the boy. All the joy he had seen that morning had suddenly disappeared.,ml_IN: സ്ഫടിക കച്ചവടക്കാരന്‍ വല്ലാത്ത ആശങ്കയോടെ അവന്റെ നേരെ നോക്കി. എന്തു പറ്റി? ഇത്ര പെട്ടെന്ന്‌... രാവിലെ കണ്ട മുഖ പ്രസാദം...
"en_XX: But he stayed with the job because the merchant, although he was an old grouch, treated him fairly; the boy received a good commission for each piece he sold, and had already been able to put some money aside. That morning he had done some calculating: if he continued to work every day as he had been, he would need a whole year to be able to buy some sheep.",ml_IN: എന്നാലും അവന്‍ അവിടെത്തന്നെ നില്‍ക്കാന്‍ നിശ്ചയിച്ചു. മുതലാളി ആളൊരു മുരടനാണ്‌. എന്നാലും നെറികെട്ടവനല്ല. എന്തു വിറ്റാലും കിട്ടുന്ന തിലൊരു പങ്ക്‌: കൃത്യമായി അവനു കൊടുത്തിരുന്നു. അവന്‍ വെറുതെ കണ ക്കുകൂട്ടി നോക്കി. ചെറിയൊരു തുക ഇതിനകം സമ്പാദിക്കാന്‍ കഴിഞ്ഞി ട്ടുണ്ട്‌. ഇങ്ങനെ പോയാല്‍ കൊല്ലം തികയുമ്പോഴേക്കും ഏതാനും ആടു കളെ വാങ്ങിക്കാനുള്ള കാശ്‌ കൈവശമുണ്ടാകും.
"en_XX: “I’ve never had one before,” the merchant answered. “People will pass by and bump into it, and pieces will be broken.”",ml_IN: “അതൊന്നും വേണ്ട. അങ്ങനെയൊന്നും ഞാന്‍ ഇതുവരെ ചെയ്തി ടടുമില്ല. കടന്നു പോകുന്നവര്‍ തട്ടിയും മുട്ടിയും ചില്ലുപാത്രങ്ങള്‍ ഉടയും. അതു തന്നെ മെച്ചം.” ഉടമസ്ഥന്റെ മറുപടി അങ്ങനെയായിരുന്നു.
"en_XX: “I don’t know anyone around here who would want to cross the desert just to see the Pyramids,” said the merchant. “They’re just a pile of stones. You could build one in your backyard.”","ml_IN: “ഒരുതരം പാറ നുറുങ്ങി ഉണ്ടാകുന്നതാണ്‌. കണ്ടാല്‍ യു തോന്നും എന്നു മാത്രം. ആയിരക്കണക്കിനുണ്ട ഇത്തരം കല്ലുക ന ഈ പ്രദേശത്തിതുണ്ടെന്ന്‌ ഞാന്‍ ധരിച്ചിരുന്നില്ല. ഇതിനെക്കുറിച്ച്‌ വിവരമുള്ള വര്‍ക്കു മാത്രമേ പറയാന്‍ പറ്റൂ, ഇത്‌ യുറീമും വ ത; “ഇതെനിക്ക്‌ ഒരു രാജാവ്‌ സമ്മാനമായി തന്നതാണ്‌."
"en_XX: “You’ve never had dreams of travel,” said the boy, turning to wait on a customer who had entered the shop.",ml_IN: “നിങ്ങളൊരിക്കലും സ്വപ്നം കണ്ടിട്ടില്ല... നീണ്ടുനീണ്ടു പോകുന്ന യാര്രകള്‍...” മുഴുവന്‍ പറയാന്‍ അവനിടകിട്ടിയില്ല. അപ്പോഴേക്കും കടയി ലേക്കൊരു പറ്റുകാരന്‍ കയറിവന്നു.
en_XX: “Why did you think we should have the display?”,ml_IN: “എന്നെ കാണണമെന്നു പറഞ്ഞതെന്തിനാണ്‌?” അവന്‍ ചോദിച്ചു.
"en_XX: The merchant was silent for a few moments. Then he said, “The Prophet gave us the Koran, and left us just five obligations to satisfy during our lives. The most important is to believe only in the one true God. The others are to pray five times a day, fast during Ramadan, and be charitable to the poor.”","ml_IN: അതുപ്രകാരം നമ്മളോരോരുത്തരും ജീവിതത്തില്‍ അഞ്ചു കാര്യങ്ങള്‍ തീര്‍ച്ചയായും ചെയ്തിരിക്കണം. അതില്‍ ഏറ്റവും പ്രധാനപ്പെട്ടത്‌ ദൈവ മൊന്നേയുള്ളു, അവനില്‍ മാത്രം വിശ്വാസമര്‍പ്പിക്കുക എന്നതാണ്‌. പിന്നെ ദിവസവും അഞ്ചുനേരം മുടങ്ങാതെ പ്രാര്‍ത്ഥിക്കുക. റംദാന്‍ മാസത്തില്‍ ഉപവസിക്കുക. അഗതികളെ ആവുംവിധം സഹായിക്കുക.” അപ്പോഴേക്കും അയാളുടെ തൊണ്ട ഇടറാന്‍ തുടങ്ങി. വലിയ വിശ്വാസി. ദൈവത്തിന്റെ സ്മരണതന്നെ അയാളെ വികാരാധീനനാക്കുന്നു. അയാളുടെ കണ്ണുകള്‍ നിറഞ്ഞൊഴുകുവാന്‍ തുടങ്ങി. സ്വന്തം സ്ഥിതിയെ കുറിച്ച്‌ അതൃപ്തി ഇല്ലെന്നല്ല... എന്നാലും ഇസ്ലാമിന്റെ പ്രമാണങ്ങള്‍ വിട്ടു നട ക്കാന്‍ അയാള്‍ തയ്യാറായിരുന്നില്ല."
en_XX: “What’s the fifth obligation?” the boy asked.,ml_IN: “എന്താവശ്യം?” അവന്‍ ചോദിച്ചുപോയി.
"en_XX: “Two days ago, you said that I had never dreamed of travel,” the merchant answered. “The fifth obligation of every Muslim is a pilgrimage. We are obliged, at least once in our lives, to visit the holy city of Mecca.",ml_IN: “അഞ്ചാമത്തെ പ്രമാണമോ? അത്‌ പരിശുദ്ധ മക്കയിലേക്കുള്ള തീര്‍ത്ഥ യാത്രതന്നെ. ജീവിതത്തിലൊരിക്കലെങ്കിലും ഓരോ വിശ്വാസിയും ആ യാത്ര നടത്തിയിരിക്കണം. രണ്ടു ദിവസം മുമ്പ്‌ നീ പറഞ്ഞില്ലേ എനിക്ക്‌ ദൂരയാത്ര യെക്കുറിച്ചുള്ള സ്വപ്നങ്ങളൊന്നും ഇല്ലെന്ന്‌. ഏതോ ഓര്‍മ്മകളില്‍ അയാ ളുടെ വാക്കുകള്‍ ഒരു നിമിഷം കുരുങ്ങിക്കിടന്നു. “പിരമിഡുകളെക്കാള്‍ എത്രയോ ദൂരെയാണ്‌ മക്ക. ചെറുപ്പകാലത്ത്‌ എന്റെ ഏറ്റവും വലിയ മോഹം അതായിരുന്നു. മക്കയില്‍ പോകാന്‍ വേണ്ട പണം സ്വരൂപിക്കുക.
"en_XX: At the same time, people were passing my shop all the time, heading for Mecca. Some of them were rich pilgrims, traveling in caravans with servants and camels, but most of the people making the pilgrimage were poorer than I.","ml_IN: എത്രയെത്ര പേര്‍ ഈ വഴി മക്കയിലേക്കു കടന്നുപോയി. ചിലര്‍ പണ ക്കാരായിരുന്നു. അവര്‍ക്ക്‌ ഒട്ടകങ്ങളും പരിചാരകരുമുണ്ടായിരുന്നു. പക്ഷേ, കൂടുതല്‍ പേരും സാധാരണക്കാരായിരുന്നു. ചിലര്‍ എന്നെക്കാള്‍ ദരിദ്രര്‍."
"en_XX: “All who went there were happy at having done so. They placed the symbols of the pilgrimage on the doors of their houses. One of them, a cobbler who made his living mending boots, said that he had traveled for almost a year through the desert, but that he got more tired when he had to walk through the streets of Tangier buying his leather.”","ml_IN: പോയവരെല്ലാം സംതൃപ്തരായി തിരിച്ചുവന്നു. അവനവന്റെ വീട്ടു വാതില്‍ക്കല്‍ ഹജ്ജിനു പോയിവന്നതിന്റെ ലക്ഷണമായി മുര്രകളും 63 ആല്‍കെമിസ്റ്റ്‌ പതിച്ചുവെച്ചു. അവരിലൊരാള്‍, ഒരു ചെരിപ്പുകുത്തി, എന്നോടു പറയുകയു ണ്ടായി, മക്കയിലെത്താന്‍ ക്ഷീണമെന്തെന്നറിയാതെ ഒരു കൊല്ലം മുഴുവന്‍ അയാള്‍ മരുഭൂമിയില്‍കൂടി നടക്കുകയുണ്ടായെന്ന്‌. പക്ഷേ, തിരിച്ചു വന്ന്‌, ഈ പട്ടണത്തിലെ തെരുവുകളില്‍കൂടി തന്റെ കച്ചവടത്തിനു വേണ്ട തുകലും തേടി നടക്കുമ്പോള്‍ കാലുകുഴഞ്ഞ്‌ തളര്‍ന്നു പോകുന്നുപോലും.”"
"en_XX: “Well, why don’t you go to Mecca now?” asked the boy.","ml_IN: ""എന്നാല്‍ പിന്നെ ഇപ്പോള്‍തന്നെ നമുക്കങ്ങോട്ടു പോയ്ക്കുടേ?”"
en_XX: “But we could sell tea in crystal glasses. The people will enjoy the tea and want to buy the glasses. I have been told that beauty is the great seducer of men.”,ml_IN: “നമുക്ക്‌ ചില്ലുഗ്ലാസ്സുകളില്‍ ചായ പകര്‍ന്നുകൊടുക്കാം.” അവന്‍ പുതി യൊരു നിര്‍ദ്ദേശം മുമ്പിലേക്കിട്ടു: “ആളുകള്‍ക്കിഷ്ടമാകും. രുചിയുള്ള ചായ.
"en_XX: “I’ve already told you. I need to buy my sheep back, so I have to earn the money to do so.”",ml_IN: “ഞാന്‍ നേരത്തേ പറഞ്ഞതുതന്നെ. കുറെ ആടുകളെ വാങ്ങണം.
"en_XX: “I’ve had this shop for thirty years. I know good crystal from bad, and everything else there is to know about crystal. I know its dimensions and how it behaves. If we serve tea in crystal, the shop is going to expand. And then I’ll have to change my way of life.”","ml_IN: “കഴിഞ്ഞ മുപ്പതു കൊല്ലമായി ഞാനീ കച്ചവടം നടത്തുന്നു. സ്ഫടി കത്തെ സംബന്ധിച്ച വിവരങ്ങളൊക്കെയും എനിക്കു മനഃപാഠമാണ്‌. ഓരോ ന്നിന്റെയും ഗുണദോഷങ്ങള്‍ എനിക്കു നന്നായറിയാം. ശരിയാണ്‌, നീ പറ ഞ്ഞതുപോലെ ചില്ലുഗ്ലാസ്സുകളില്‍ ചായ പകര്‍ന്നു വില്ക്കാം. കച്ചവടം മെച്ച പ്പെടും. വരവും വര്‍ദ്ധിക്കും. പക്ഷേ, അതിനനുസരിച്ച്‌ എന്റെ ജീവിത രീതിയും മാറ്റേണ്ടിവരും.”"
"en_XX: “Well, isn’t that good?”",ml_IN: “അതിനെന്താ? അത്‌ നല്ലതല്ലേ?”
"en_XX: The boy didn’t know what to say. The old man continued, “You have been a real blessing to me. Today, I understand something I didn’t see before: every blessing ignored becomes a curse. I don’t want anything else in life. But you are forcing me to look at wealth and at horizons I have never known. Now that I have seen them, and now that I see how immense my possibilities are, I’m going to feel worse than I did before you arrived. Because I know the things I should be able to accomplish, and I don’t want to do so.”","ml_IN: “നീ വന്നത്‌ വാസ്തവത്തില്‍ ഒരനുധ്രഹംതന്നെയാണ്‌.” അയാള്‍ തുടരുകയായിരുന്നു: “മുമ്പ്‌ അറിയാതിരുന്ന ഒരുപാടു കാര്യങ്ങള്‍ ഇപ്പോള്‍ ഞാന്‍ മനസ്സിലാക്കാന്‍ തുടങ്ങിയിരിക്കുന്നു. അനുഗ്രഹങ്ങളെ അവഗണിച്ചു കൂടാ... എങ്കില്‍ അവ ശാപങ്ങളായി തിരിച്ചടിക്കും. എനിക്കിനി ജീവിതത്തില്‍ കൂടുതലാശകളൊന്നുമില്ല. പക്ഷേ, നിന്റെ ശാഠ്യം... എന്റെ സങ്കല്പങ്ങള്‍ ക്കെല്ലാം അപ്പുറത്തുളെ്ളൊരു ലോകവും ഐശ്വര്യവും ചൂണ്ടിക്കാട്ടുന്നു. ആ സാദ്ധ്യതകള്‍ എന്റെ മനസ്സിനെ അലോസരപ്പെടുത്തുന്നു. മുമ്പെങ്ങുമില്ലാത്ത വിധം. എല്ലാം എനിക്കെത്തിപ്പിടിക്കാനാവുന്ന ദൂരത്തില്‍. എന്നിട്ടും ഒന്നി നുവേണ്ടിയും മോഹം തോന്നുന്നില്ല."""
"en_XX: They went on smoking the pipe for a while as the sun began to set. They were conversing in Arabic, and the boy was proud of himself for being able to do so. There had been a time when he thought that his sheep could teach him everything he needed to know about the world. But they could never have taught him Arabic.","ml_IN: സുര്യന്‍ അസ്തമിക്കാന്‍ തുടങ്ങി. അപ്പോഴും അവര്‍ ഹുക്ക വലിച്ചു കൊണ്ടിരിക്കുകയായിരുന്നു. അറബിഭാഷയിലാണ്‌ അവര്‍ സംസാരിച്ചിരു ന്നത്‌. സ്വന്തം കഴിവില്‍ അവന്‌ നല്ല മതിപ്പു തോന്നി. അറിയേണ്ടതായിട്ടുള്ള തെല്ലാം ആടുകളില്‍നിന്ന്‌ ഗ്രഹിക്കാമെന്ന്‌ ഒരുകാലത്ത്‌ അവന്‍ വെറുതെ | ആല്‍കെമിസ്റ്റ്‌ വിചാരിച്ചിരുന്നു. എന്തൊക്കെ പഠിച്ചാലും ആടുകളില്‍നിന്ന്‌ അറബി ഭാഷ വശമാക്കാന്‍ കഴിയുമായിരുന്നില്ലല്ലോ. വേറെയും പലതും കാണും, അവര്‍ക്ക്‌ പഠിപ്പിക്കാന്‍ പറ്റാത്തതായിട്ട്‌. വാസ്തവത്തില്‍ അവ തന്നെ പഠിപ്പിക്കുക യായിരുന്നില്ലല്ലെ. താന്‍ അവയെ കണ്ടു പഠിക്കുകയായിരുന്നില്ലേ. അരി കില്‍ മിണ്ടാതിരുന്നിരുന്ന മുതലാളിയുടെ മുഖത്തേക്ക്‌ അവന്‍ കണ്ണുകള്‍ തിരിച്ചു."
en_XX: “What does that mean?”,ml_IN: “എന്താണിതിനിത്ര പ്രാധാന്യം?”
"en_XX: “You would have to have been born an Arab to understand,” he answered. “But in your language it would be something like ‘It is written.’”","ml_IN: “ഒരറബിക്കേ ആ വാക്കിന്റെ അര്‍ത്ഥം തികച്ചും മനസ്സിലാകൂ. നിന്റെ ഭാഷയില്‍, “എഴുതപ്പെട്ടത്‌” എന്നു വേണമെങ്കില്‍ പറയാം.”"
"en_XX: Eventually, the merchant had to hire two more employees. He began to import enormous quantities of tea, along with his crystal, and his shop was sought out by men and women with a thirst for things new.",ml_IN: അങ്ങനെയങ്ങനെ കച്ചവടം അഭിവൃദ്ധിപ്പെട്ടു. സഹായികളായി രണ്ടു പേരെക്കൂടി മുതലാളി കടയില്‍ നിര്‍ത്തി. സ്ഫടികപ്പാരതങ്ങളോടൊപ്പം ധാരാളം ചായയും അയാള്‍ വിദേശത്തുനിന്നും വരുത്തിച്ചു.
"en_XX: And, in that way, the months passed.",ml_IN: അങ്ങനെ മാസങ്ങള്‍ കടന്നുപോയി....
en_XX: THE BOY AWOKE BEFORE DAWN. IT HAD BEEN ELEVEN months and nine days since he had first set foot on the African continent.,"ml_IN: ആ പുലര്‍ച്ചയ്ക്കുമുമ്പേ ഉണര്‍ന്നു. കൃത്യം പതിനൊന്നു മാസവും ഒമ്പതു ദിവസവുമായി അവന്‍ ഈ ആഫ്രിക്കാഭുഖണ്ഡത്തില്‍ കാലു കുത്തിയിട്ട്‌. ഇന്നേദിവസം ഉപയോഗിക്കാന്‍ വേണ്ടി നേരത്തെതന്നെ വാങ്ങി സൂക്ഷിച്ചിരുന്ന പുതിയ വസ്ത്രങ്ങള്‍ അവന്‍ ധരിച്ചു: അറബി വേഷമാ യിരുന്നു. വെളുത്ത കുപ്പായം. തല മൂടിക്കെട്ടാനുള്ള തുണി. അത്‌ വേണ്ടവിധ ത്തില്‍ ഉറപ്പിച്ചു നിര്‍ത്തുന്ന, ഒട്ടകത്തോല്‍ കൊണ്ടുള്ള കറുത്ത വളയം കാലില്‍ പുതിയ ചെരിപ്പുകള്‍."
en_XX: He waited patiently for the merchant to awaken and open the shop. Then the two went off to have some more tea.,ml_IN: മുതലാളി ഉണര്‍ന്ന്‌ കട തുറക്കാനായി അവന്‍ കാത്തിരുന്നു. അയാള്‍ എഴുന്നേറ്റു വന്നപ്പോള്‍ രണ്ടുപേ സ്‌ മം പ്പ ുപേരുംകൂടി വീണ്ടും ഓരോ ഗ്ലാസ്‌ ചായ പം “ഞാനിന്ന്‌ യാത്രയാവുകയാണ്‌.” അവന്‍ പറഞ്ഞു: “ആടുകളെ വാങ്ങി നുള്ളു പണം എന്റെ കൈയിലുണ്ട്‌. മക്കയില്‍ പോയി നിങ്ങളുടെ കൈയിലും.”
en_XX: The old man said nothing.,ml_IN: ആ വൃദ്ധന്‍ അങ്ങനെ പറഞ്ഞിരുന്നു.
"en_XX: “Who told you that?” asked the boy, startled.",ml_IN: ആല്‍കെമിസ്റ്റ്‌ “എന്നാരു പറഞ്ഞു?” ഒരു ഞെട്ടലോടെയാണവന്‍ അതു ചോദിച്ചത്‌.
"en_XX: THE BOY WENT TO HIS ROOM AND PACKED HIS BELONGINGS. They filled three sacks. As he was leaving, he saw, in the corner of the room, his old shepherd’s pouch. It was bunched up, and he had hardly thought of it for a long time. As he took his jacket out of the pouch, thinking to give it to someone in the street, the two stones fell to the floor. Urim and Thummim.",ml_IN: അവന്‍ സ്വന്തം മുറിയില്‍ ചെന്ന്‌ സാധനങ്ങളൊക്കെ കെട്ടി ഒതുക്കാന്‍ തുടങ്ങി. മൂന്നു സഞ്ചി നിറയെ സാമാനങ്ങള്‍. എല്ലാം കഴിഞ്ഞ്‌ പുറത്തേ ക്കിറങ്ങവേ മുറിയുടെ ഒരു മൂലയില്‍ കിടക്കുന്നു അവന്റെ പഴയ സഞ്ചി...
"en_XX: It made the boy think of the old king, and it startled him to realize how long it had been since he had thought of him. For nearly a year, he had been working incessantly, thinking only of putting aside enough money so that he could return to Spain with pride.",ml_IN: കുറെ നാളായി അദ്ദേഹത്തെക്കുറിച്ച്‌ ആലോചിക്കാറില്ലായിരുന്നു. കൊല്ലം ഒന്നു തികയാന്‍ പോകുന്നു. പണക്കാരനായി സ്പെയ്നില്‍ തിരിച്ചെത്തു ന്നതിനെക്കുറിച്ചു മാത്രമായിരുന്നു ഇത്ര നാളും ചിന്തിച്ചുകൊണ്ടിരുന്നത്‌.
"en_XX: But the sheep had taught him something even more important: that there was a language in the world that everyone understood, a language the boy had used throughout the time that he was trying to improve things at the shop. It was the language of enthusiasm, of things accomplished with love and purpose, and as part of a search for something believed in and desired. Tangier was no longer a strange city, and he felt that, just as he had conquered this place, he could conquer the world.","ml_IN: ആടുകളില്‍നിന്ന്‌ അറബിഭാഷ പഠിക്കാനായില്ല. എങ്കിലെന്താ? മറ്റൊരു പ്രധാന കാര്യം മനസ്സിലാക്കാനായില്ലേ. ലോകത്തില്‍ എല്ലാവര്‍ക്കും ഒരു പോലെ മനസ്സിലാക്കാന്‍ കഴിയുന്നൊരു ഭാഷയുണ്ട്‌--ഉത്സാഹത്തിന്റെ, സ്നേഹത്തിന്റെ, ഉദ്ദേശ്യശുദ്ധിയുടെ ഭാഷ. ചില്ലുപാ(്തക്കടക്കാരന്റെ കച്ച വടം മെച്ചപ്പെടുത്താന്‍ അവനെ സഹായിച്ചത്‌ ആ ഭാഷയാണ്‌. ശരിയാണെന്ന്‌ തനിക്കു ബോദ്ധയമുള്ളൊരു ലക്ഷ്യം നേടിയെടുക്കുന്നതിനിടയില്‍ വീണു കിട്ടിയ ഒരറിവ്‌. ടാന്‍ജീര്‍ ഇപ്പോള്‍ അവനെ സംബന്ധിച്ചിടത്തോളം അപരി ചിതമായൊരു നഗരമല്ല. തികച്ചും സ്വന്തമാണെന്നൊരു തോന്നല്‍. തെല്ലു ശ്രമിച്ചാല്‍ ഇതുപോലെതന്നെ ഈ ലോകം മുഴുവന്‍ തനിക്കു സ്വന്തമാ ക്കാന്‍ കഴിയുമല്ലോ."
"en_XX: The hills of Andalusia were only two hours away, but there was an entire desert between him and the Pyramids. Yet the boy felt that there was another way to regard his situation: he was actually two hours closer to his treasure…the fact that the two hours had stretched into an entire year didn’t matter.",ml_IN: ആന്‍ഡലുസിയയിലെ കുന്നിന്‍ചരിവുകള്‍... ഇവിടെനിന്ന്‌ രണ്ടു മണി ക്കൂറിന്റെ ദൂരമേയുള്ളൂ... എന്നാല്‍ പിരമിഡുകളിലെത്താന്‍ അറ്റമില്ലാത്ത ഈ മണല്‍ക്കാടു മുഴുവന്‍ കടന്നു ചെല്ലണം. ഒരു നിലയ്ക്ക്‌ നോക്കിയാല്‍ ഇനി അവിടെയെത്താന്‍ രണ്ടു മണിക്കൂര്‍ കുറച്ച്‌ യാത്ര ചെയ്താല്‍ മതി എന്നു കണക്കാക്കാം. ആ രണ്ടു മണിക്കൂര്‍ ഒരു കൊല്ലമായി നീണ്ടുപോയത്‌.
"en_XX: But he had to move on. He believed in omens. All his life and all his studies were aimed at finding the one true language of the universe. First he had studied Esperanto, then the world’s religions, and now it was alchemy. He knew how to speak Esperanto, he understood all the major religions well, but he wasn’t yet an alchemist. He had unraveled the truths behind important questions, but his studies had taken him to a point beyond which he could not seem to go. He had tried in vain to establish a relationship with an alchemist. But the alchemists were strange people, who thought only about themselves, and almost always refused to help him. Who knows, maybe they had failed to discover the secret of the Master Work—the Philosopher’s Stone—and for this reason kept their knowledge to themselves.","ml_IN: ഈ തൊഴു എന്തൊക്കെയായാലും മുമ്പോട്ടു നീങ്ങാ തെ തരമില്ലല്ലോ. സ യ ഭാഷ കണ്ടുപിടിക്കുകയായിരുന്നു ഹ; പു ക്കും നിമിത്തങ്ങളില്‍ വലിയ വിശ്വാസമായി ി മായിരുന്നു. ആദ്യം “എസ്‌ പ ന ഭാഷ വശമാക്കി. എല്ലാ മതങ്ങളെയും പറ്റി വിശദമായി റി ം ഒരു ആല്‍കെമിസ്റ്റിന്റെ വിദ്യ സ്വന്തമാക്കാന്‍ കഴിഞ്ഞില്ല ) ക നു ടും ളു രഹസ്യങ്ങളുടെ പിന്നില്‍ മറഞ്ഞിരിക്കുന്ന ക്കു ഗ്രഹിക്കാന്‍ സാധിച്ചു. എന്നാല ി ബാക്കിയുണ്ട്‌, അറിയേണ്ടതായിട്ട്‌ പ തതി [ ടട. ഉത്തരം കിട്ടാത്തതായി മിസ്റ്റുകളുമായി പരിചയഒ വ."
en_XX: “Where are you bound?” asked the young Arab.,ml_IN: ന്ിങ്ങള്‍ എങ്ങോട്ടാണ്‌?” അകത്തേക്കു കടന്നുവന്ന അറബി യുവാവ്‌ അയാ ളോടു ചോദിച്ചു. അയാളും യാത്രയ്ക്കൊരുങ്ങിത്തന്നെയാണ്‌ വന്നിരുന്നത്‌.
"en_XX: “I’m going into the desert,” the man answered, turning back to his reading. He didn’t want any conversation at this point. What he needed to do was review all he had learned over the years, because the alchemist would certainly put him to the test.",ml_IN: “എനിക്കും മരുഭൂമി കടക്കണം.” വലിയ ഉത്സാഹം കാണിക്കാതെ അയാള്‍ വായനയിലേക്കുതന്നെ (ശ്രദ്ധ തിരിച്ചു. സംസാരം തുടരാന്‍ അയാള്‍ ഒട്ടും ഉത്സാഹം കാട്ടിയില്ല. മനസ്സുമുഴുവന്‍ കൈയിലിരുന്നിരുന്ന പുസ്തകത്തി ലായിരുന്നു.
"en_XX: The young Arab took out a book and began to read. The book was written in Spanish. That’s good, thought the Englishman. He spoke Spanish better than Arabic, and, if this boy was going to Al- Fayoum, there would be someone to talk to when there were no other important things to do.",ml_IN: ആ പുസ്തകം സ്പാനിഷ്ഭാഷയിലായിരുന്നു. അതു കണ്ടപ്പോള്‍ ഇംഗ്ലീഷുകാരന്‍ ആശ്വാസം തോന്നി. അറബിയെക്കാള്‍ അയാള്‍ക്കു വശം സ്പാനിഷ്‌ ആയി രുന്നു. യാത്രയില്‍ മിണ്ടാനും പറയാനും കൂടെയൊരാളുണ്ടാവുക രസമല്ലേ.
"en_XX: “THAT’S STRANGE,” SAID THE BOY, AS HE TRIED ONCE again to read the burial scene that began the book. “I’ve been trying for two years to read this book, and I never get past these first few pages.” Even without a king to provide an interruption, he was unable to concentrate.",ml_IN: വ്വ ഓന്‍ തുടങ്ങിയ പുസ്തകത്തില്‍ ര്രദ്ധചെലുത്താന്‍ എന്തു കൊണ്ടോ അവനു സാധിച്ചില്ല. ഇതെന്ത്‌ അത്ഭുതം. കൊല്ലം രണ്ടായി ഇതു വായിക്കാന്‍ തുടങ്ങിയിട്ട്‌. ഇനിയും ആദ്യത്തെ ഏതാനും പേജുകള്‍ക്ക പ്പുറത്തേക്കു വായന നീങ്ങുന്നില്ല.
"en_XX: Nearby was the Englishman, reading a book. He seemed unfriendly, and had looked irritated when the boy had entered.",ml_IN: അറബി യുവാവ്‌ അയാളുടെ അരികില്‍ വന്നിരുന്നു; കൈയിലുണ്ടാ യിരുന്ന ഏതോ പുസ്തകം നിവര്‍ത്തി വായിക്കാന്‍ തുടങ്ങി.
en_XX: “Did you say a king?” he asked.,"ml_IN: ""നിങ്ങള്‍ക്കു നിര്‍ബന്ധിച്ചുകൂടേ?” അവന്‍ ചോദിച്ചു."
"en_XX: “But I’m going to Egypt,” the boy said.","ml_IN: “പക്ഷേ, എനിക്കു പോകേണ്ടത്‌ ഈജിപ്റ്റിലേക്കാണ്‌.”” അവന്‍ പറഞ്ഞു."
"en_XX: “Al-Fayoum is in Egypt,” said the Arab. “What kind of Arab are you?”",ml_IN: “അതിനെന്താ? അല്‍ഫയും ഈജിപ്റ്റില്‍തന്നെയല്ലേ? അറബിയാ ണത്രേ. നിനക്കിതുകൂടി അറിയില്ലേ?”
"en_XX: “That’s a good luck omen,” the Englishman said, after the fat Arab had gone out. “If I could, I’d write a huge encyclopedia just about the words luck and coincidence. It’s with those words that the universal language is written.”","ml_IN: “ഇത്‌ നല്ല ലക്ഷണംതന്നെ.” തടിയന്‍ അറബി അവിടെനിന്നു പോയ പ്പോള്‍ ഇംഗ്ലീഷുകാരന്‍ പറഞ്ഞു: “കഴിവുണ്ടായിരുന്നെങ്കില്‍ ഞാന്‍ ഇതി നെപ്പറ്റി ഒരു പുസ്തകംതന്നെ എഴുതിയേനെ. ഭാഗ്യം. യാദൃച്ഛികത. എല്ലാ വര്‍ക്കും അറിയാമായിരുന്ന ഭാഷ എന്നു പറഞ്ഞില്ലേ. ഈ വാക്കുകളാ യിരുന്നു ആ ഭാഷയുടെ ആധാരം.” ഒന്നു നിര്‍ത്തി, എന്തോ ആലോചിച്ചെടു ത്തിട്ടെന്നവണ്ണം അയാള്‍ തുടര്‍ന്നു: “നീയും ഞാനും ഇവിടെ ഇങ്ങനെ കണ്ടുമുട്ടിയത്‌ വെറുതെയാണെന്നു കരുതുന്നുണ്ടോ? അതും രണ്ടുപേരുടെ കൈയിലും ഈ മാന്ത്രികക്കല്ലുകളും. പറയൂ, നീയും ഇറങ്ങിത്തിരിച്ചിരി ക്കുന്നത്‌ ആ ആല്‍കെമിസ്റ്റിനെ അന്വേഷിച്ചുംകൊണ്ടാണോ?”"
"en_XX: There were almost two hundred people gathered there, and four hundred animals—camels, horses, mules, and fowl. In the crowd were women, children, and a number of men with swords at their belts and rifles slung on their shoulders. The Englishman had several suitcases filled with books. There was a babble of noise, and the leader had to repeat himself several times for everyone to understand what he was saying.","ml_IN: സ്ര്രീകളും കുട്ടികളുമടക്കം ആ കൂട്ടത്തില്‍ യാത്രക്കാരായി ഏതാ ണ്ടിരുനൂറു പേരോളം ഉണ്ടായിരുന്നു; നാനൂറോളം മൃഗങ്ങളും. കുതിര, ഒട്ടകം, കോഴി, കഴുത. പുരുഷന്മാര്‍ പലരുടെയും അരയില്‍ വാളുകള്‍ തുങ്ങിക്കി ടന്നു. തോളില്‍ തോക്കുകളും. ഇംഗ്ലീഷുകാരന്റെ ഭാണ്ഡക്കെട്ടില്‍ അധികവും പുസ്തകങ്ങളായിരുന്നു. ആകപ്പാടെ വല്ലാത്ത ഒച്ചയും ബഹളവും. എല്ലാ വരെയും കാര്യം പറഞ്ഞു മനസ്സിലാക്കാന്‍ സംഘത്തലവന്‍ ഏറെ ശ്രമ പ്പെടേണ്ടിവന്നു."
"en_XX: “There are a lot of different people here, and each has his own God. But the only God I serve is Allah, and in his name I swear that I will do everything possible once again to win out over the desert.","ml_IN: 82 ആല്‍കെമിസ്റ്റ്‌ “ന്നിങ്ങളോരോരുത്തര്‍ക്കും അവനവന്റേതായൊരു ദൈവമുണ്ടായി രിക്കാം; ആ ദൈവത്തില്‍ ഉറച്ച വിശ്വാസവും. എന്റെ ദൈവം ഏകനും സര്‍വൃശക്തനുമായ അള്ളായാണ്‌. ആ തിരുനാമത്തെ മുന്‍നിര്‍ത്തി ഞാനിതാ സത്യം ചെയ്യുന്നു, ഈ മരുഭൂമിയുടെ കെണിയില്‍ പെടാതെ നിങ്ങളെ എല്ലാവരെയും സുരക്ഷിതരായി അക്കരെയെത്തിക്കാന്‍ ഒരിക്കല്‍ കൂടി എന്നാലാകുംവിധം ഞാന്‍ ശ്രമിക്കുന്നതാണ്‌. അതുപോലെ നിങ്ങളോ രോരുത്തരും എനിക്കു വാക്കു തരണം, എപ്പോഴും ഏതു കാര്യത്തിലും നിങ്ങളെന്നെ പൂര്‍ണ്ണമായും അനുസരിക്കുമെന്ന്‌. അനുസരണക്കേടു കാണി ച്ചാല്‍ അതിന്റെ ഫലം മരുഭൂമിയില്‍ മരണമാണ്‌.”"
"en_XX: “There’s no such thing as coincidence,” said the Englishman, picking up the conversation where it had been interrupted in the warehouse. “I’m here because a friend of mine heard of an Arab who…”",ml_IN: “യാദൃച്ഛികം എന്നൊന്നില്ല.” പാണ്ടികശാലയില്‍വെച്ച്‌ ഇടയില്‍ നിര്‍ത്തേണ്ടിവന്ന വര്‍ത്തമാനം ഇംഗ്ലീഷുകാരന്‍ പിന്നെയും തുടങ്ങി. “മരു ഭൂമിയില്‍ താമസിക്കുന്ന ആ അറബിയെപ്പറ്റി ഒരു ചങ്ങാതി എന്നോടു പറഞ്ഞു. അതുകൊണ്ടാണ്‌.”
"en_XX: The caravan moved toward the east. It traveled during the morning, halted when the sun was at its strongest, and resumed late in the afternoon. The boy spoke very little with the Englishman, who spent most of his time with his books.",ml_IN: 83 ആല്‍കെമിസ്റ്റ്‌ കിഴക്കോട്ടാണ്‌ അവര്‍ യാത്ര ചെയ്തിരുന്നത്‌. യാത്ര അധികവും രാവി ലെയായിരുന്നു. ഉച്ചയ്ക്ക്‌ വെയിലിന്‌ ചൂടേറുന്നതോടെ എവിടെയെങ്കിലും താവളമടിക്കും. പിന്നെ യാത്ര തുടരുക വൈകുന്നേരമായിട്ടാണ്‌. കൂടെയുള്ള ഇംഗ്ലീഷുകാരനോട്‌ അധികമൊന്നും അവന്‍ സംസാരിച്ചില്ല. അയാളുടെ ശ്രദ്ധ മുഴുവന്‍ വായിക്കുന്നതിലായിരുന്നു.
"en_XX: The boy observed in silence the progress of the animals and people across the desert. Now everything was quite different from how it was that day they had set out: then, there had been confusion and shouting, the cries of children and the whinnying of animals, all mixed with the nervous orders of the guides and the merchants.",ml_IN: ഒന്നും മിണ്ടാതെ എന്നാല്‍ എല്ലാം ര്രദ്ധയോടെ നോക്കി കണ്ടു കൊണ്ട്‌ അവന്‍ ഒട്ടകപ്പുറത്തിരുന്നു. അന്ന്‌... യാത്ര പുറപ്പെട്ട ദിവസം ആകപ്പാടെ ഒരു ബഹളമായിരുന്നു. ഒച്ചയും വിളികളും കുട്ടികളുടെ കരച്ചിലും വഴികാടി കളുടെ നിര്‍ദ്ദേശങ്ങളും മൃഗങ്ങളുടെ മൂളലുകളും മുരളിച്ചകളും. ഇപ്പോള്‍ ആ സ്ഥിതി മാറിയിരിക്കുന്നു. തികഞ്ഞ അച്ചടക്കം... ശാന്തത.
"en_XX: “I’ve crossed these sands many times,” said one of the camel drivers one night. “But the desert is so huge, and the horizons so distant, that they make a person feel small, and as if he should remain silent.”",ml_IN: ഞാന്‍ ഒരു നൂറു തവണ ഈ മരുഭൂമിയില്‍ക്കൂടി യാത്ര ചെയ്തി ട്ടുണ്ട്‌.” ഒരു രാത്രി ഒട്ടകക്കാരിലൊരാള്‍ അവനോടു പറഞ്ഞു: “അറ്റമില്ലാതെ പരന്നു കിടക്കുന്ന മണലാഴി. അകലെ അകലെ എങ്ങോ കാണുന്ന ച്ക്ര വാളങ്ങള്‍. ഇതു രണ്ടിനുമിടയില്‍ മനുഷ്യന്‍ എത്ര നിസ്സാരനാണ്‌. അപ്പോള്‍ പിന്നെ അവന്റെ മൌനം സ്വാഭാവികം മാത്രം!”
"en_XX: I’ve learned things from the sheep, and I’ve learned things from crystal, he thought. I can learn something from the desert, too. It seems old and wise.",ml_IN: ആടുകളില്‍നിന്ന്‌ പല പാഠങ്ങളും താന്‍ പഠിച്ചു. അവന്‍ ആലോചിക്കു കയായിരുന്നു. സ്ഫടികപ്പാധ്രങ്ങളും തന്നെ പലതും പഠിപ്പിച്ചു. ഇപ്പോഴിതാ ഈ മരുഭൂമിയും തനിക്കെന്തൊക്കയോ പാഠങ്ങള്‍ ചൊല്ലിത്തരുന്നു. കാല പ്പഴക്കംകൊണ്ട്‌ അനുഭവവും ജ്ഞാനവും നേടിയ മരുഭൂമി.
"en_XX: The wind never stopped, and the boy remembered the day he had sat at the fort in Tarifa with this same wind blowing in his face.",ml_IN: നിരന്തരം വീശിക്കൊണ്ടിരിക്കുന്ന കാറ്റ്‌. അന്ന്‌ ടരീഫയിലെ കോട്ട മതിലില്‍ ഇരുന്നപ്പോള്‍ ഇതേ കാറ്റുതന്നെയല്ലേ തന്റെ മുഖത്തേക്കാഞ്ഞ ടിച്ചത്‌. തന്റെ ആടുകളും അവയുടെ കമ്പിളിയും....അവന്‍ ഒരു ക്ഷണം ഓര്‍ത്തുപോയി...ആന്‍ഡലുസിയയിലെ മേച്ചില്‍പ്പുറങ്ങളില്‍ പുല്ലും വെള്ളവും തേടി അവ അലയുന്നുണ്ടാവും...
"en_XX: “They’re not my sheep anymore,” he said to himself, without nostalgia. “They must be used to their new shepherd, and have probably already forgotten me. That’s good. Creatures like the sheep, that are used to traveling, know about moving on.”",ml_IN: അവ എന്നേ എന്നെ മറന്നുകഴിഞ്ഞിരിക്കും. പുതിയ ഇടയനുമായി ഇതിനകം അവ നല്ലവണ്ണം ഇണങ്ങിക്കഴിഞ്ഞിരിക്കും... .സ്ഥിരമായൊരു സ്ഥാനമി ല്ലാതെ നടന്നു നീങ്ങുന്ന ആടുകള്‍... ഒരു മാറ്റവും അവര്‍ക്ക്‌ പുത്തരിയല്ല...
"en_XX: The boy, too, had his book, and he had tried to read it during the first few days of the journey. But he found it much more interesting to observe the caravan and listen to the wind. As soon as he had learned to know his camel better, and to establish a relationship with him, he threw the book away. Although the boy had developed a superstition that each time he opened the book he would learn something important, he decided it was an unnecessary burden.","ml_IN: മരുഭൂമിയില്‍ നിലയ്ക്കാതെ വീശിക്കൊണ്ടിരിക്കുന്ന കാറ്റിന്റെ ഒച്ചയ്ക്കായി കാതോര്‍ക്കാനും അവനു കൌതുകം തോന്നി. സഞ്ചരിച്ചുകൊണ്ടിരുന്ന ഒട്ടക വുമായി നല്ലവണ്ണം ഇടപഴകിയതോടെ പുസ്തകം അവന്‍ തീര്‍ത്തും മാറ്റിവെച്ചു. സ്വതവേ അവന്‍ വിചാരിക്കാറ്‌ പുസ്തകങ്ങള്‍ വായിച്ച്‌ അറിവ്‌ വര്‍ദ്ധിപ്പിക്കാനാകുമല്ലോ എന്നായിരുന്നു. എന്തായാലും ഇത്തവണ അവനു തോന്നിയത്‌, ഇത്‌ ആവശ്യമില്ലാത്തൊരു ഭാരമായല്ലോ എന്നായിരുന്നു."
"en_XX: He became friendly with the camel driver who traveled alongside him. At night, as they sat around the fire, the boy related to the driver his adventures as a shepherd.","ml_IN: ആ ഒട്ടകത്തിന്റെ ഉടമസ്ഥന്‍ കൂടെത്തന്നെ സഞ്ചരിച്ചിരുന്നു. ക്രമേണ അയാളുമായി അവന്‍ നല്ല അടുപ്പത്തിലായി. രാത്രി, യാത്ര അവസാനിപ്പിച്ച്‌ ഏതെങ്കിലും താവളങ്ങളില്‍ തീ കാഞ്ഞിരിക്കവേ.... ഒരിക്കല്‍ അവന്‍ അയാ ളോട്‌ സ്വന്തം കഥ പറയുകയുണ്ടായി. ആന്‍ഡലുസിയയിലെ പുല്‍മേടു കളില്‍ ആടുകളെ മേച്ചുനടന്നിരുന്നപ്പോഴത്തെ സാഹസകഥകള്‍.... അങ്ങി നെയൊരു ദിവസം, അയാളും അവനു പറഞ്ഞു കൊടുത്തു, സ്വന്തം ജീവിത കഥ."
"en_XX: “I used to live near El Cairum,” he said. “I had my orchard, my children, and a life that would change not at all until I died. One year, when the crop was the best ever, we all went to Mecca, and I satisfied the only unmet obligation in my life. I could die happily, and that made me feel good.",ml_IN: “എന്റെ വീട്‌ കൈറുമിനടുത്തായിരുന്നു. ഭാര്യയും മക്കളും സ്വന്തമാ യൊരു തോപ്പും. മരണംവരെ യാതൊരല്ലലും അലട്ടും കൂടാതെ കഴിയാ മെന്നാശിച്ചു. ഒരുകൊല്ലം പതിവില്‍ കൂടുതല്‍ വിളവു കൊയ്യാനായി. നല്ല ആദായവും കിട്ടി. എല്ലാവരും കൂടി ഹജ്ജ്‌ യാത്രയും നടത്തി. അങ്ങനെ അവശ്യം ചെയ്തിരിക്കേണ്ട ആ ഒരു കടമയും നിറവേറ്റാനായി. മനസ്സില്‍ നിറഞ്ഞ തൃപ്തി. ഇനി സമാധാനത്തോടെ മരിക്കാം.
"en_XX: “One day, the earth began to tremble, and the Nile overflowed its banks. It was something that I thought could happen only to others, never to me. My neighbors feared they would lose all their olive trees in the flood, and my wife was afraid that we would lose our children. I thought that everything I owned would be destroyed.",ml_IN: അങ്ങനെയിരിക്കെ ഒരു ദിവസം ഭയങ്കരമായ ഭൂമികുലുക്കം. നൈല്‍ നദി കരകവിഞ്ഞൊഴുകാന്‍ തുടങ്ങി. അങ്ങനെയൊരത്യാപത്ത്‌ തീരെ പ്രതീ ക്ഷിച്ചിരുന്നില്ല. അപകടങ്ങളും ആപത്തുകളുമൊക്കെ മറ്റുള്ളവര്‍ക്ക്‌ എന്നാ ണല്ലോ നമ്മളൊക്കെ വിചാരിക്കാറ്‌. വെള്ളപ്പൊക്കത്തില്‍ നഷ്ടപ്പെടുന്ന ഒലീവ്‌ മരങ്ങളെക്കുറിച്ചായിരുന്നു അയല്‍ക്കാര്‍ക്കു വ്യസനം. മക്കളെങ്ങാന്‍ അതില്‍ ഒലിച്ചുപോയേക്കുമോ എന്നായിരുന്നു എന്റെ ഭാര്യയുടെ ആശങ്ക.
"en_XX: “The land was ruined, and I had to find some other way to earn a living. So now I’m a camel driver. But that disaster taught me to understand the word of Allah: people need not fear the unknown if they are capable of achieving what they need and want.",ml_IN: “ആ വെള്ളപ്പൊക്കത്തില്‍ ഭൂമി മുഴുവന്‍ താറുമാറായി. വേറെ പണിയെ ന്തെങ്കിലും നോക്കാതെ ജീവിക്കാനാവില്ല എന്ന സ്ഥിതിയായി. അങ്ങനെ 86 ആല്‍കെമിസ്റ്റ്‌ യാണ്‌ ഞാന്‍ ഒട്ടകക്കാരനായത്‌. ആ ദുരന്തത്തില്‍നിന്ന്‌ ഒരു കാര്യം കം പഠിച്ചു. അള്ളായുടെ തിരുവചനത്തിന്റെ പൊരുള്‍. ഒരാളും മ ലു; വിധിയെ കുറിച്ചോര്‍ത്ത്‌. സ്വന്തം യി മനസ്സിലാക്കി ആ പോകാന കഴിവുണ്ടായിരുന്നാല്‍ മതി.
"en_XX: “And you ought to read more about the world,” answered the Englishman. “Books are like caravans in that respect.”",ml_IN: അതിനുള്ള അയാളുടെ പ്രതികരണം മറ്റൊരു മട്ടിലായിരുന്നു. “ലോക ത്തെപ്പറ്റി നീയും കൂടുതല്‍ വായിച്ചു മനസ്സിലാക്കണം. ഈ യാത്രപോലെ തന്നെയാണ്‌ പുസ്തകങ്ങളും. കൂടുതല്‍ കൂടുതല്‍ അറിവു പകര്‍ന്നു തരും.”
"en_XX: The immense collection of people and animals began to travel faster. The days had always been silent, but now, even the nights— when the travelers were accustomed to talking around the fires— had also become quiet. And, one day, the leader of the caravan made the decision that the fires should no longer be lighted, so as not to attract attention to the caravan.",ml_IN: മനുഷ്യരും മൃഗങ്ങളുമടങ്ങുന്ന ആ വലിയ സംഘം യാത്ര കുറെക്കൂടി വേഗത്തിലാക്കി. സാധാരണയായി പകലൊക്കെ ഏതാണ്ട്‌ നിശ്ശബ്ദത തന്നെ യാണ്‌; അവരവരുടെ പാടും നോക്കി വഴിയില്‍ ശ്രദ്ധ പതിപ്പിച്ചുകൊണ്ട്‌ അധി കമൊന്നും മിണ്ടാതെയും പറയാതെയുമുള്ള യാത്ര. എന്നാല്‍ രാത്രിയിലെ മട്ടൊന്നു വേറെയാണ്‌. തീ കാഞ്ഞ്‌ യാത്രക്കാരെല്ലാം അവിടവിടെ കൂട്ടം കൂടും. ഈയിടെയായി ഏതാണ്ട്‌ ആ പതിവും നിലച്ച മട്ടാണ്‌. അങ്ങനെ പോകവേ ഒരു ദിവസം സംഘത്തലവന്റെ ഉത്തരവ്‌: “ആരും തീ കൂട്ടരുത്‌...
"en_XX: The Englishman was unable to sleep one night. He called to the boy, and they took a walk along the dunes surrounding the encampment. There was a full moon, and the boy told the Englishman the story of his life.",ml_IN: ഒരു രാത്രിയില്‍ ഇംഗ്ലീഷുകാരന്‍ തീരെ ഉറങ്ങാനായില്ല. അവനെയും വിളിച്ച്‌ കൂട്ടത്തില്‍നിന്നു വിട്ട്‌ അരികിലുള്ള ഒരു മണല്‍ക്കൂനയുടെ ചെരിവില്‍ ചെന്നിരുന്നു. നല്ല നിലാവുള്ള രാത്രി. അന്നാണവന്‍ കൂട്ടുകാരനോട്‌ തന്റെ കഥ പറഞ്ഞത്‌. അവന്‍ ചെന്നതില്‍ പിന്നെ സ്ഫടികപ്പാത്രക്കടയ്ക്കുണ്ടായ അഭിവൃദ്ധി. അതു കേട്ടപ്പോള്‍ അയാള്‍ക്കു കൂടുതല്‍ രസം തോന്നി. അയാള്‍ പറഞ്ഞു; ഈ പ്രപഞ്ചത്തെ മുഴുവന്‍ കൊണ്ടുനടക്കുന്ന ഒരു ശക്തിയുണ്ട്‌.
"en_XX: He also said that this was not just a human gift, that everything on the face of the earth had a soul, whether mineral, vegetable, or animal—or even just a simple thought.",ml_IN: മണ്ണിനും കല്ലിനും മൃഗത്തിനും മനുഷ്യനും ചെടികള്‍ക്കുമൊക്കെ. ഇത്‌ മനുഷ്യനുമാരതമുള്ളൊരു സിദ്ധിയാണെന്നു ധരിക്കരുത്‌... വെറും ഒരു തോന്നല്‍ എന്നു കരുതി തള്ളിക്കളയുകയുമരുത്‌.”
"en_XX: THEY WERE STRANGE BOOKS. THEY SPOKE ABOUT MERCURY, salt, dragons, and kings, and he didn’t understand any of it. But there was one idea that seemed to repeat itself throughout all the books: all things are the manifestation of one thing only.",ml_IN: രെ വിചിത്രങ്ങളായിരുന്നു ആ പുസ്തകങ്ങള്‍. രസം. ടാ വ... സര്‍പ്പങ്ങള്‍... രാജാക്കന്മാര്‍... വായിച്ചതിലധികവും അ ു മനസ്സിലാക്കാന്‍ കഴിഞ്ഞില്ല. എന്നാലും ഒരു കാര്യം എല്ലാ യം പം എടുത്തു പറഞ്ഞിട്ടുള്ളത്‌ അവന്റെ ശ്രദ്ധയില്‍പെട്ടു. ഈ ന ം പ സര്‍വ്വചരാചരങ്ങളും ഒരേയൊരു ശക്തിയുടെ വൈവിദ്ധ്യമാ ഭേദങ്ങളാണ്‌.
"en_XX: “Well, then, why do we need all these books?” the boy asked.",ml_IN: ഇക്കണ്ട പുസ്തക ങ്ങളുടെയൊക്കെ ആവശ്യം?” അവന്‍ സംശയം ചോദിച്ചു.
"en_XX: “So that we can understand those few lines,” the Englishman answered, without appearing really to believe what he had said.","ml_IN: 89 ആല്‍കെമിസ്റ്റ്‌ “ഈ പുസ്തകങ്ങള്‍ മുഴുവന്‍ വായിച്ചു മനസ്സിലാക്കിയാലേ ആ ഏതാനും വരികളുടെ അര്‍ത്ഥം ഗ്രഹിക്കാനാവൂ...” ഇംഗ്ലീഷുകാരന്‍ വെറുതെ പറഞ്ഞു, ആ കാര്യത്തില്‍ തനിക്കും ഇത്തിരി സംശയമുണ്ടെന്ന ഭാവ ത്തോടെ."
"en_XX: The book that most interested the boy told the stories of the famous alchemists. They were men who had dedicated their entire lives to the purification of metals in their laboratories; they believed that, if a metal were heated for many years, it would free itself of all its individual properties, and what was left would be the Soul of the World. This Soul of the World allowed them to understand anything on the face of the earth, because it was the language with which all things communicated. They called that discovery the Master Work—it was part liquid and part solid.","ml_IN: പ്രശസ്തരായ ആല്‍കെമിസ്റ്റുകളെക്കുറിച്ചു വിവരിച്ചിട്ടുള്ള പുസ്ത കമാണ്‌, കൂട്ടത്തില്‍ അവനേറ്റവും പിടിച്ചത്‌. ജീവിതകാലം മുഴുവന്‍ തങ്ങ ളുടെ പരീക്ഷണശാലകളിലിരുന്ന്‌ വില കുറഞ്ഞ ലോഹങ്ങളെ ശുദ്ധീകരി ച്ചെടുക്കുവാന്‍ ശ്രമിച്ചവര്‍. അവരുടെ വിശ്വാസം, ഒരു ലോഹത്തെ വളരെ കാലം വീണ്ടും വീണ്ടും ഉരുക്കി അരിച്ചെടുത്താല്‍ അവശേഷിക്കുന്ന വസ്തു."
en_XX: “Can’t you just observe men and omens in order to understand the language?” the boy asked.,ml_IN: “ഇതൊന്നും വായിച്ചു പഠിക്കാതെതന്നെ നമുക്ക്‌ ആ പ്രപഞ്ച ഭാഷ യുടെ അര്‍ത്ഥം ഗ്രഹിക്കാനാവില്ലേ? മൃഗങ്ങളെയും മനുഷ്യരെയും പ്രകൃതി കാട്ടിത്തരുന്ന സൂചനകളെയും ശ്രദ്ധിച്ചാല്‍ പോരെ?” അവന്റെ സംശയം അതായിരുന്നു.
"en_XX: “You have a mania for simplifying everything,” answered the Englishman, irritated. “Alchemy is a serious discipline. Every step has to be followed exactly as it was followed by the masters.”",ml_IN: “നിനക്ക്‌ എല്ലാറ്റിനും വേണം ഒരെളുപ്പവഴി.” ഇംഗ്ലീഷുകാരന്റെ സ്വര ത്തില്‍ ചെറിയൊരു നീരസം: “ആല്‍കെമി നീ കരുതുംപോലെ നിസ്സാര മായൊരു വിഷയമല്ല... ഗൌരവത്തോടെ കൈകാര്യം ചെയ്യേണ്ടതാണ്‌.
en_XX: “When were these books written?” the boy asked.,ml_IN: ” ഏതുകാലത്തെഴുതപ്പെട്ടതായിരിക്കും ഈ ഗ്രന്ഥങ്ങള്‍?”
en_XX: “Many centuries ago.”,ml_IN: “നൂറ്റാണ്ടുകള്‍ക്കു മുമ്പ്‌.”
"en_XX: “They didn’t have the printing press in those days,” the boy argued. “There was no way for everybody to know about alchemy.",ml_IN: “അന്നുകാലത്ത്‌ അച്ചടി ഉണ്ടായിരുന്നില്ലല്ലൊ. ആല്‍കെമി പോലുള്ള വിഷയങ്ങളെക്കുറിച്ച്‌ സാമാന്യജനങ്ങള്‍ക്ക്‌ വിവരമുണ്ടായിരുന്നില്ല. പിന്നെ എന്തിനാണവര്‍ ഈ രഹസ്യഭാഷ ഉപയോഗിച്ചത്‌? ആര്‍ക്കും നോക്കി മനസ്സി ലാക്കാന്‍ പറ്റാത്ത രേഖാചിത്രങ്ങളും.”
"en_XX: The Englishman didn’t answer him directly. He said that for the past few days he had been paying attention to how the caravan operated, but that he hadn’t learned anything new. The only thing he had noticed was that talk of war was becoming more and more frequent.","ml_IN: അതിനുള്ള മറുപടിയല്ല അയാള്‍ പറഞ്ഞത്‌. “കുറച്ചു ദിവസങ്ങളായി ഞാന്‍ നമ്മുടെ ഈ യാത്രാസംഘത്തിന്റെ നീക്കങ്ങള്‍ ശ്രദ്ധിക്കുന്നു. പുതി യതായി ഒന്നും എനിക്കു പഠിക്കാന്‍ കഴിഞ്ഞില്ല. പക്ഷേ, ഒരു കാര്യം വ്യക്ത മാണ്‌. യുദ്ധവാര്‍ത്തകള്‍ കൂടുതലായി കേള്‍ക്കാന്‍ തുടങ്ങിയിരിക്കുന്നു.”"
"en_XX: “I learned that the world has a soul, and that whoever understands that soul can also understand the language of things. I learned that many alchemists realized their Personal Legends, and wound up discovering the Soul of the World, the Philosopher’s Stone, and the Elixir of Life.","ml_IN: “ഉവ്വ്‌, ഒരു കാര്യം ഞാന്‍ മനസ്സിലാക്കി.” അവന്‍ പറഞ്ഞു: “ഈ പ്രപ ഞ്ചത്തിനൊരാത്മാവുണ്ട്‌. അതു കണ്ടെത്താന്‍ കഴിയുന്ന ആള്‍ക്ക്‌ പ്രകൃ തിയുടെ ഭാഷയും വശമാക്കാന്‍ കഴിയും. പണ്ടത്തെ ആല്‍കെമിസ്റ്റു കള്‍ ഈ ആത്മബോധം കൈവരിച്ചവരായിരുന്നു. അതുകൊണ്ടാണ വര്‍ക്ക്‌ കണ്ടെത്താനായത്‌. പ്രപഞ്ചത്തിന്റെ ആത്മാവിനെ, ചിന്താമണിയെ, പ്രാണസുധയെ.... ഇതൊന്നും അത്ര വലിയ കാര്യങ്ങളല്ലെന്നും ഞാന്‍ മനസ്സിലാക്കി. ഒരു മരതകക്കല്ലിന്റെ ഉപരിതലത്തില്‍ കുറിച്ചിടാവുന്നതേ യുള്ളൂ."""
"en_XX: The Englishman was disappointed. The years of research, the magic symbols, the strange words, and the laboratory equipment…none of this had made an impression on the boy. His soul must be too primitive to understand those things, he thought.","ml_IN: അവന്റെ വാക്കുകള്‍... ഇംഗ്ലീഷുകാരന്‍ നിരാശ തോന്നി. എത്രയോ വര്‍ഷങ്ങളായുള്ള പരീക്ഷണങ്ങളും നിരീക്ഷണങ്ങളും... നിഗുഡഃമായ പ്രതീ കങ്ങള്‍. വിചിത്രമായ ഭാഷ.... അസാധാരണമായ ഉപകരണങ്ങള്‍. ഇതൊന്നും അവന്റെ മനസ്സില്‍ പ്രതേൃകിച്ചൊരു ചലനവുമുണ്ടാക്കിയില്ലെന്നോ? ഒരു പക്ഷേ, ഇതൊന്നും ഉള്‍ക്കൊള്ളാന്‍തക്ക വികാസം അവന്റെ ബുദ്ധിക്കു കൈവന്നിട്ടുണ്ടാവില്ല!"
en_XX: He took back his books and packed them away again in their bags.,ml_IN: അയാള്‍ പുസ്തകങ്ങളൊക്കെയെടുത്ത്‌ സ്വന്തം സഞ്ചികളില്‍ ഒതുക്കി വെച്ചു. എന്നിട്ട നേരിയ മുഷിച്ചിലോടെ പറഞ്ഞു: “നീ നിന്റെ ഒട്ടകങ്ങളുടെ പിന്നാലെതന്നെ പൊക്കോ. അവയില്‍നിന്ന്‌ എനിക്കും ഒന്നും പഠിക്കാന്‍ സാധിച്ചില്ല.”
"en_XX: The animals were exhausted, and the men talked among themselves less and less. The silence was the worst aspect of the night, when the mere groan of a camel—which before had been nothing but the groan of a camel—now frightened everyone, because it might signal a raid.",ml_IN: മൃഗങ്ങളൊക്കെ ക്ഷീണിച്ചു വലഞ്ഞു. യാരതക്കാരുമതെ. പഴയ ഉണര്‍വ്വും ഉത്സാഹവുമില്ല. എപ്പോഴും കനത്ത മൌനം. രാത്രിയിലെ ഇരുട്ടില്‍ ആ നിശ്ശബ്ദതയ്ക്ക്‌ പിന്നെയും കനമേറുന്നു. ഒട്ടകത്തിന്റെ അമറല്‍പോലും യാത്രക്കാര്‍ക്കു ഭയത്തിനു കാരണമാകുന്നു. മുമ്പ അത്തരത്തിലുള്ള ഒച്ചുക ളൊന്നും ആരും ശ്രദ്ധിക്കാറേയില്ല. ഇപ്പോഴത്തെ സ്ഥിതി അതല്ല. ന അനക്കങ്ങളും ശ്രതുവിന്റെ ശ്രദ്ധയില്‍പ്പെട്ടാലോ? ആക്രമണത്തിന്‌ വഴിതെള 9 ല്‍ അവന്റെ ഒട്ടകക്കാരന്‍ മാത്രം യുദ്ധത്തെക്കുറിച്ച്‌ പ്രത്യേകമാ യമോ ശങ്കയോ പ്രകടിപ്പിച്ചില്ല.
"en_XX: “We’ve done it!” said the Englishman, who had also awakened early.",ml_IN: നമ്മള്‍ എത്തേണ്ടിടത്തെത്തിയിരിക്കുന്നു.” ഇംഗ്ലീഷുകാ രനും നേരത്തെ ഉണര്‍ന്നിരുന്നു. അയാളുടെ വാക്കുകളിലും ഉത്സാഹം തുളുമ്പി.
"en_XX: But none of that mattered to the alchemist. He had already seen many people come and go, and the desert remained as it was. He had seen kings and beggars walking the desert sands. The dunes were changed constantly by the wind, yet these were the same sands he had known since he was a child. He always enjoyed seeing the happiness that the travelers experienced when, after weeks of yellow sand and blue sky, they first saw the green of the date palms.","ml_IN: റ; ആല്‍കെമിസ്റ്റ്‌ ഇതൊന്നും അത്ര കാര്യമായെടുത്തില്ല. ഇതെ ളം മരുഭൂമിയിലെ സാധാരണ പതിവുകള്‍ മാത്രം. ഇതുപോലെ ത യാത്രാസംഘങ്ങള്‍ വരുന്നു, പോകുന്നു. പക്ഷേ,.ഈ മണല്‍പരപ്പിനു മാര യാതൊരു മാറ്റവുമില്ല. രാജാക്കന്മാരും യാചകന്മാരും ഈ വഴി ന ു ന്നതു കണ്ടിട്ടുണ്ട്‌. കാറ്റിന്റെ ഗതിക്കനുസരിച്ച്‌ മണല്‍ക്കൂനകള്‍ മാറിമറ കൊണ്ടിരിക്കുന്നതും കണ്ടിട്ടുണ്ട്‌. എന്നാലും മണല്‍ എന്നും ഒന്നുതന്നെ."
"en_XX: Because people become fascinated with pictures and words, and wind up forgetting the Language of the World.",ml_IN: വാക്കുകളും ചിത്രങ്ങളും കണ്ടാല്‍ ചിലപ്പോള്‍ മനുഷ്യമനസ്സ്‌ അതില്‍ത്തന്നെ ര്രമിച്ചുപോയെന്നുവരാം. പിന്നെ പ്രകൃതിയുടെ ഭാഷ മനസ്സിലാക്കാനുള്ള ര്രമം ഉപേക്ഷിച്ചെന്നുവരാം.
"en_XX: With some difficulty, the leader of the caravan brought all his people together and gave them his instructions. The group was to remain there at the oasis until the conflict between the tribes was over. Since they were visitors, they would have to share living space with those who lived there, and would be given the best accommodations. That was the law of hospitality. Then he asked that everyone, including his own sentinels, hand over their arms to the men appointed by the tribal chieftains.","ml_IN: സംഘത്തലവന്‍ തന്റെ കൂട്ടത്തിലുള്ളവരെയൊക്കെ ഒരുമിച്ചു കൂട്ടി തത്‌കാലത്തേക്കു വേണ്ട ആജ്ഞകളും നിര്‍ദ്ദേശങ്ങളും നല്‍കി: 96 ആല്‍കെമിസ്റ്റ്‌ “മരുഭൂമിയിലെ യുദ്ധം അവസാനിക്കുന്നതുവരെ നമ്മളെല്ലാവരും ഇവിടെ അതിഥികളായി കഴിയുന്നതാണ്‌. ഇവിടത്തുകാരുടെകൂടെ അവരി ലൊരാളായി കഴിയുക. ആകാവുന്ന സൌകര്യങ്ങള്‍ അവര്‍ ചെയ്തുതരുന്ന തായിരിക്കും. അതാണല്ലോ ആതിഥ്യമര്യാദ. കൂട്ടത്തിലുള്ള ഓരോരുത്തരും, കാവല്‍ഭടന്മാരടക്കം തങ്ങളുടെ കൈവശമുള്ള ആയുധങ്ങള്‍ ഇവിടത്തെ ഗോത്രമുഖ്യന്മാരെ ഏല്പിക്കേണ്ടതാണ്‌”. ഒരു കാരൃംകൂടി അദ്ദേഹം ഓര്‍മ്മിപ്പിച്ചു: “അതാണ്‌ യുദ്ധത്തിന്റെ പൊതുനിയമം. ആരുടെ സേനയാ യാലും മരുപ്പച്ചയ്ക്കകത്ത്‌ പ്രവേശനമില്ല...”"
"en_XX: To the boy’s surprise, the Englishman took a chrome-plated revolver out of his bag and gave it to the men who were collecting the arms.","ml_IN: [ ഇംഗ്ലീഷുകാരന്‍ തന്റെ കെട്ടുകളിലൊന്നില്‍നിന്ന്‌ സ്വര്‍ണ്ണച്ചായം പൂശിയ ഒരു കൈത്തോക്കെടുത്ത്‌, ആയുധങ്ങള്‍ ഏറ്റുവാങ്ങാന്‍ ചുമതലപ്പെടുത്തി യിട്ടുള്ള ഒരാളെ ഏല്പിച്ചു."
"en_XX: Meanwhile, the boy thought about his treasure. The closer he got to the realization of his dream, the more difficult things became. It seemed as if what the old king had called “beginner’s luck” were no longer functioning. In his pursuit of the dream, he was being constantly subjected to tests of his persistence and courage. So he could not be hasty, nor impatient. If he pushed forward impulsively, he would fail to see the signs and omens left by God along his path.",ml_IN: ഇതിനൊക്കെ ഇടയിലും അവന്റെ മനസ്സ്‌ ആ നിധിയുടെ ചുറ്റും വട്ടം കറങ്ങുകയായിരുന്നു. ലക്ഷ്യത്തോടടുക്കുംതോറും കാര്യങ്ങള്‍ കൂടുതല്‍ കൂടുതല്‍ സങ്കീര്‍ണ്ണമാകുന്നതുപോലെ. ജ്ഞാനിയായ രാജാവ്‌ പറഞ്ഞ “ആരംഭക്കാരന്റെ ഭാഗ്യം” തന്നെ സംബന്ധിച്ചിടത്തോളം അവസാനിച്ചിരി ക്കുന്നുവോ? ഒരു സ്വപ്നത്തിന്റെ പേരില്‍ തുടങ്ങിയ യാത്ര... എന്തെന്തു പരീക്ഷണങ്ങളാണ്‌ തന്റെ മുമ്പില്‍ വന്നുപെടുന്നത്‌. ക്ഷമയും കരുത്തും ധൈര്യവും ആരോ പിന്നെയും പിന്നെയും പരീക്ഷിക്കുകയാണോ? ധൃതിയും ക്ഷമകേടും കാണിച്ചിട്ടു ഫലമില്ല. ഇടംവലം നോക്കാതെ മുന്നോട്ട്‌ കുതി ച്ചാല്‍... വഴിയില്‍ തനിക്കായി വിധി കുറിച്ചിടിടുള്ള ലക്ഷണങ്ങളും നിമിത്ത ങ്ങളും കാണാതെപോകുമെന്നു തീര്‍ച്ച.
"en_XX: The woman said she had never heard of such a person, and hurried away. But before she fled, she advised the boy that he had better not try to converse with women who were dressed in black, because they were married women. He should respect tradition.",ml_IN: അങ്ങനെയൊരാളെപ്പറ്റി കേട്ടിട്ടേയില്ല എന്നു പറഞ്ഞ്‌ അവര്‍ തിടുക്ക ത്തില്‍ വെള്ളവും കോരി അവിടെ നിന്നുപോയി. പോകും മുമ്പേ ഒരു കാര്യം അവനെ അവര്‍ പറഞ്ഞു മനസ്സിലാക്കി; “കറുത്ത കുപ്പായമിട്ട സ്ര്രീകളോട്‌ വര്‍ത്തമാനത്തിനു ചെല്ലരുത്‌. അവര്‍ വിവാഹിതരാണ്‌. അതാണ്‌ നാട്ടാചാരം.
"en_XX: “I had never heard of alchemists before,” the boy said. “Maybe no one here has, either.”",ml_IN: “ഒരാല്‍കെമിസ്റ്റിനെ പറ്റിയും ഞാനിതുവരെ കേട്ടിട്ടില്ല. ഇവിടെയും ആരും കേട്ടിട്ടില്ല എന്നല്ലേ.”
en_XX: The Englishman’s eyes lit up. “That’s it! Maybe no one here knows what an alchemist is! Find out who it is who cures the people’s illnesses!”,"ml_IN: അവന്‍ പറഞ്ഞു നിര്‍ത്തുംമുമ്പേ ഇംഗ്ലീഷുകാരന്‍ പറഞ്ഞു; “ഒരുപക്ഷേ, ആല്‍കെമിസ്റ്റ്‌ എന്നു പറഞ്ഞാല്‍ എന്താണ്‌ എന്നുതന്നെ അവര്‍ക്കു മന സ്സിലായിട്ടുണ്ടാവില്ല.""” അയാളുടെ കണ്ണില്‍ പെട്ടെന്നൊരു തിളക്കം. “ആര്‍ക്കെ ങ്കിലും രോഗം ബാധിച്ചാല്‍ ആരാണ്‌ ചികിത്സിച്ചു ഭേദമാക്കുന്നതെന്ന്‌ ചോദിക്ക്‌.”"
"en_XX: Several women dressed in black came to the well for water, but the boy would speak to none of them, despite the Englishman’s insistence. Then a man approached.","ml_IN: കറുത്ത വസ്ര്രങ്ങള്‍ ധരിച്ച ഏതാനും സ്ത്രീകള്‍ വെള്ളം കോരാന്‍ വന്നു. പക്ഷേ, അവന്‍ ഇരുന്നിടത്തുനിന്ന്‌ എഴുന്നേറ്റതേയില്ല. ഇംഗ്ലീഷു കാരന്‍ പലവട്ടം അവനെ തോണ്ടി. എന്നിട്ടും അവന്‍ കൂട്ടാക്കിയില്ല. കുറച്ചു നേരം കഴിഞ്ഞപ്പോള്‍ ഒരു പുരുഷന്‍ അങ്ങോട്ടു നടന്നു വന്നു."
en_XX: “Do you know someone here who cures people’s illnesses?” the boy asked.,ml_IN: “അസുഖം പിടിപെട്ടാല്‍ ചികിത്സിച്ചു ഭേദമാക്കാന്‍ ഇവിടെ ആരെങ്കി ലുമുണ്ടോ?” അവന്‍ അയാളോടു ചോദിച്ചു.
"en_XX: Another man appeared. He was older, and was carrying a small bucket. The boy repeated his question.",ml_IN: പിന്നെ വേറൊരാള്‍. അല്പംകൂടി പ്രായം ചെന്നിട്ടുണ്ട്‌. കൈയില്‍ വെള്ളം കോരാനുള്ള ബക്കറ്റ്‌.
en_XX: “Why do you want to find that sort of person?” the Arab asked.,ml_IN: “അങ്ങനെയൊരാളെ നിങ്ങള്‍ തിരയുന്നതിന്റെ ഉദ്ദേശ്യം?” അറബിയുടെ ഉത്തരം ഒരു മറുചോദ്യമായിരുന്നു.
"en_XX: “Because my friend here has traveled for many months in order to meet with him,” the boy said.",ml_IN: “ദാ... എന്റെ ഈ സുഹൃത്തിനു വേണ്ടിയാണ്‌. അങ്ങനെയൊരാളെ തിരഞ്ഞ്‌ മാസങ്ങളായി അദ്ദേഹം യാത ചെയ്യുന്നു.”
"en_XX: At that moment, it seemed to him that time stood still, and the Soul of the World surged within him. When he looked into her dark eyes, and saw that her lips were poised between a laugh and silence, he learned the most important part of the language that all the world spoke—the language that everyone on earth was capable of understanding in their heart. It was love. Something older than humanity, more ancient than the desert. Something that exerted the same force whenever two pairs of eyes met, as had theirs here at the well. She smiled, and that was certainly an omen—the omen he had been awaiting, without even knowing he was, for all his life. The omen he had sought to find with his sheep and in his books, in the crystals and in the silence of the desert.","ml_IN: ഒരു നിമിഷം. അവന്റെയുള്ളില്‍ സ്നേഹത്തിന്റെ സ്രോതസ്സ്‌ നിറഞ്ഞൊ ഴുകുവാന്‍ തുടങ്ങി. അവന്റെ മനസ്സ്‌ പ്രാര്‍ത്ഥനാനിര്‍ഭരമായി. ആ പ്രാര്‍ത്ഥ നയില്‍ വാക്കുകളോ അപേക്ഷകളോ ഉണ്ടായിരുന്നില്ല. ഇതിനു മുമ്പൊരി ക്കലും അവന്‍ അങ്ങനെ പ്രാര്‍ത്ഥിച്ചിട്ടുമുണ്ടായിരുന്നില്ല. തന്റെ ആടുകള്‍ക്ക്‌ വേണ്ട്ര പുല്ലും വെള്ളവും കിട്ടിയതിന്‌ നന്ദി പറയുകയായിരുന്നില്ല. ധാരാളം ചില്ലുപാര്രതങ്ങള്‍ വിറ്റ്‌ നല്ല ലാഭമുണ്ടാക്കാന്‍ കഴിയണേ എന്ന്‌ ആവശ്യപ്പെടുകയായിരുന്നില്ല. തന്റെ വരവും കാത്തിരിക്കുന്ന പെണ്‍കിടാ വിന്റെ പ്രതീക്ഷ നില നിര്‍ത്തിക്കൊണ്ടുപോരണേ എന്നും അപേക്ഷിക്കു കയായിരുന്നില്ല. തന്നെ ചൂഴ്ന്നു നില്‍ക്കുന്ന കനമാര്‍ന്ന നിശ്ശബ്ദത. അവനു തോന്നി മരുഭൂമിയും കാറ്റും സൂര്യനും തന്റെ പ്രാര്‍ത്ഥനയില്‍ പങ്കുകൊള്ളുക യാണെന്ന്‌. പ്രപഞ്ചസൃഷ്ടി നടത്തിയ ആ കൈകളുടെ മുദ്രകള്‍ മനസ്സി ലാക്കാന്‍ ശ്രമം നടത്തുകയാണെന്ന്‌ . അതു വഴി അവനവന്റേതായ വീഥി കള്‍ പിന്‍തുടരാന്‍ ബദ്ധപ്പെടുകയാണെന്ന്‌. ആ മരതക ഫലകത്തിലെ കുറിമാനം മനസ്സിലാക്കാന്‍ പ്രയാസപ്പെടുകയാണെന്ന്‌. പലതരത്തിലുള്ള ശകുനങ്ങളും നിമിത്തങ്ങളും ലക്ഷണങ്ങളുംകൊണ്ട്‌ ആകാശവും ഭൂമിയും നിറഞ്ഞിരിക്കുന്നു. പക്ഷേ, അതിന്റെ പുറകിലൊന്നും പ്രത്യേകിച്ചൊരു അര്‍ത്ഥമോ യുക്തിയോ ഇല്ല. കാറ്റിനോ മരുഭൂമിക്കോ സൂര്യനോ മനു ഷ്യനോ അറിയാന്‍ കഴിവില്ല, എന്തുദ്ദേശ്ൃയത്തോടുകൂടിയാണ്‌ തന്നെ ഈശ്വരന്‍ സൃഷ്ടിച്ചിരിക്കുന്നതെന്ന്‌. എന്നാല്‍ ആ കൈകളുടെ സങ്കല്പ 148 ആല്‍കെമിസ്റ്റ്‌ ത്തിലുണ്ട്‌ ഓരോ സൃഷ്ടികൊണ്ടും നിറവേറ്റപ്പെടേണ്ടെ ഒരു ദൌത്യം. അത്ഭു തങ്ങള്‍ കാട്ടാനും പ്രവര്‍ത്തിക്കാനുമുള്ള സ്വാതന്ത്യം ആ കൈ കള്‍ക്കു മാര്രം അവകാശപ്പെട്ടതാണ്‌. കടലിനെ മരുഭൂമിയാക്കാനും മനുഷ്ൃനെ കാറ്റാക്കി മാറ്റാനും ആ കൈകള്‍ക്കു മാത്രമേ കഴിയു. ആ കൈകള്‍ക്കു മാത്രമേ അറിയു അഞ്ചു ദിവസത്തെ സൃഷ്ടി തുടര്‍ന്നത്‌ അതിബൃഹത്തായ ഒരു പദ്ധതിയുടെ പരിസമാപ്തി എന്ന നിലയ്ക്കാണ്‌ എന്ന്‌. അന്നേ സൃഷ്ടി അതിന്റെ പരമകാഷ്ഠയിലെത്തിച്ചേരുകയുണ്ടായുള്ളു."
"en_XX: The Englishman shook the boy: “Come on, ask her!”","ml_IN: “വേഗമാകട്ടെ, പോയി ചോദിക്ക്‌.” ഇംഗ്ലീഷുകാരന്‍ അവന്റെ തോളില്‍ തട്ടി തിരക്കുകൂട്ടി."
en_XX: “What’s your name?” he asked.,ml_IN: “നിന്റെ പേരെന്താണ്‌?” അവന്റെ ചോദ്യം.
"en_XX: “Fatima,” the girl said, averting her eyes.","ml_IN: “ഫാത്തിമ,” നേരെ നോക്കാതെ അവള്‍ മറുപടി പറഞ്ഞു."
en_XX: “That’s what some women in my country are called.”,ml_IN: “എന്റെ നാട്ടിലും ചില സ്ര്രീകള്‍ക്ക്‌ ഈ പേരുണ്ട്‌.”
"en_XX: “It’s the name of the Prophet’s daughter,” Fatima said. “The invaders carried the name everywhere.” The beautiful girl spoke of the invaders with pride.",ml_IN: “പ്രവാചകന്റെ മകളുടെ പേരാണ്‌.” അവള്‍ പറഞ്ഞു: “അന്യ രാജ്യ ങ്ങള്‍ വെട്ടിപ്പിടിച്ചെടുക്കാന്‍ പോയ പടയാളികള്‍ ഈ പേര്‍ അവിടങ്ങളില്‍ പ്രചരിപ്പിച്ചിരിക്കാം...
"en_XX: “That’s the man who knows all the secrets of the world,” she said. “He communicates with the genies of the desert.”","ml_IN: “ഉവ്വല്ലോ. ഒരാളുണ്ട്‌."" അവള്‍ പറഞ്ഞു: “ഈ ലോകത്തിലെ എല്ലാ രഹസ്യങ്ങളും അയാള്‍ക്കറിയാം. മരുഭൂമിയുടെ നടുവിലെവിടെയോ താമ സിച്ച്‌ ഭൂതപ്രേതങ്ങളുമായി അയാള്‍ സംവദിക്കുന്നു. മരുഭൂമിയില്‍ പലതര ത്തിലുള്ള ഭൂതങ്ങളുണ്ട്‌; ദുഷ്ടാത്മാക്കളും; പുണ്യാത്മാക്കളും.” അവള്‍ തെക്കോട്ടു വിരല്‍ചൂണ്ടി: “അതാ... അവിടെയാണയാളുടെ താവളം.” പിന്നീട വള്‍ അവിടെ നിന്നില്ല. തോളിലെ ചെപ്പുകുടത്തില്‍ വെള്ളവും നിറച്ച്‌ നടന്നു പോയി..."
"en_XX: “I waited all afternoon and evening,” he said. “He appeared with the first stars of evening. I told him what I was seeking, and he asked me if I had ever transformed lead into gold. I told him that was what I had come here to learn.","ml_IN: അയാള്‍ തലേന്നാളത്തെ തന്റെ അനുഭവം വിസ്തരിക്കാന്‍ തുടങ്ങി: “സന്ധ്യകഴിഞ്ഞ്‌ നക്ഷത്രങ്ങള്‍ തെളിയാന്‍ തുടങ്ങിയ നേരത്താണ്‌ അയാള്‍ വന്നത്‌. എന്റെ അന്വേഷണം എന്തിനുവേണ്ടിയാണെന്നു പറഞ്ഞപ്പോള്‍ അയാള്‍ എന്നോടു ചോദിച്ചു, ഞാനെപ്പോഴെങ്കിലും ഈയമുരുക്കി പൊന്നാക്കി മാറ്റിയിട്ടുണ്ടോ എന്ന്‌. ഞാന്‍ പറഞ്ഞു ആ വിദ്യ പഠിക്കാനാണ്‌ ഞാന്‍ വന്നിരിക്കുന്നതെന്ന്‌. അതിനയാളുടെ മറുപടി, എന്നാല്‍ പോയി ശ്രമിച്ചുനോക്കൂ എന്നായിരുന്നു... വേറെയൊന്നും പറയുകയുണ്ടായില്ല."
en_XX: “That’s what I’m going to do. I’m going to start now.”,ml_IN: “അതുതന്നെയാണ്‌ ഞാന്‍ ചെയ്യാന്‍ പോകുന്നത്‌...ഇപ്പോള്‍ തന്നെ തുടങ്ങിയേക്കാം.” നിറഞ്ഞ ഉത്സാഹത്തോടെ ഇംഗ്ലീഷുകാരന്‍ എഴു ന്നേറ്റു.
"en_XX: As the Englishman left, Fatima arrived and filled her vessel with water.",ml_IN: അയാള്‍ പോയപ്പോഴേക്കും ഫാത്തിമ വന്ന്‌ വെള്ളം കോരാന്‍ തുടങ്ങി.
"en_XX: “I came to tell you just one thing,” the boy said. “I want you to be my wife. I love you.”",ml_IN: യാതൊരു മുഖവുരയും കൂടാതെ അവളുടെ അരികില്‍ ചെന്ന്‌ അവന്‍ പറഞ്ഞു: “ഒരേയൊരു കാര്യമേ എനിക്കു നിന്നോടു പറയാനുള്ളു. നീ എന്നെ വിവാഹം കഴിക്കണം. നിന്നെ ഞാന്‍ അത്രമാത്രം സ്നേഹിക്കുന്നു.”
"en_XX: The girl dropped the container, and the water spilled.",ml_IN: അവളുടെ കൈയില്‍നിന്ന്‌ കുടം വഴുതി വീണു. കോരിയ വെള്ളം മുഴു വന്‍ ഒഴുകിപ്പോയി.
"en_XX: “I’m going to wait here for you every day. I have crossed the desert in search of a treasure that is somewhere near the Pyramids, and for me, the war seemed a curse. But now it’s a blessing, because it brought me to you.”","ml_IN: “എന്നും ഇവിടെ വന്ന്‌ ഞാന്‍ നിന്നെ കാത്തിരിക്കും.” അവന്‍ പറഞ്ഞു: “പിരമിഡുകള്‍ക്കടുത്ത്‌ എവിടെയോ കിടക്കുന്ന ഒരു നിധിയും തേടിയാണ്‌ എന്റെ ഈ യാത്ര. ഇവിടെ നടക്കുന്ന ഈ യുദ്ധം എന്റെ വഴിമുടക്കി. ഇത്‌ വല്ലാത്തൊരു വിനയായല്ലോ എന്ന്‌ ഞാന്‍ സങ്കടപ്പെട്ടതാണ്‌. പക്ഷേ, ഇപ്പോള്‍ തോന്നുന്നു, വാസ്തവത്തില്‍ അത്‌ നിനച്ചിരിക്കാത്തൊരു അനുഗ്രഹമായാ ണല്ലോതീര്‍ന്നതെന്ന്‌! അതുകൊണ്ടാണല്ലോ എനിക്കു നിന്നെ കാണാന്‍ ഇ ്ര്‍ കഴിഞ്ഞത്‌."
"en_XX: “The war is going to end someday,” the girl said.",ml_IN: “എന്നെങ്കിലുമൊരുനാള്‍ ഈ യുദ്ധം അവസാനിക്കും.” അവള്‍ പറഞ്ഞു.
"en_XX: “The tribesmen are always in search of treasure,” the girl said, as if she had guessed what he was thinking. “And the women of the desert are proud of their tribesmen.”",ml_IN: 102 ആല്‍കെമിസ്റ്റ്‌ “അല്ലെങ്കിലും മരുഭൂമിയില്‍ ഓരോ ഗോത്രക്കാരും എപ്പോഴും നിധി കള്‍ക്കുവേണ്ടിയുള്ള അന്വേഷണത്തിലാണ്‌. പെണ്ണുങ്ങള്‍ക്കാണെങ്കില്‍ ആ കാരൃത്തില്‍ വലിയ അഭിമാനവും.” അവന്റെ മനസ്സിലുള്ളത്‌ തൊട്ടറി ഞ്ഞിരിക്കുന്നു എന്ന മട്ടില്‍ അവള്‍ പറഞ്ഞു.
en_XX: She refilled her vessel and left.,ml_IN: വീണ്ടും വെള്ളം കോരി അവള്‍ കുടത്തില്‍ നിറച്ചു. കൂടുതലൊന്നും പറയാന്‍ നില്‍ക്കാതെ തന്റെ വഴിക്കു നടന്നു.
"en_XX: “We don’t know when the war will end, so we can’t continue our journey,” he said. “The battles may last for a long time, perhaps even years. There are powerful forces on both sides, and the war is important to both armies. It’s not a battle of good against evil. It’s a war between forces that are fighting for the balance of power, and, when that type of battle begins, it lasts longer than others—because Allah is on both sides.”","ml_IN: ആടുമേച്ചു നടന്നതും ജ്ഞാനിയായ രാജാവിനെ കണ്ടുമുട്ടിയതും സ്ഫടിക പ്പാര്രക്കടയില്‍ വേലയ്ക്കു നിന്നതും. അങ്ങനെ അവര്‍ തമ്മില്‍തമ്മില്‍ നല്ല അടുപ്പമായി. സ്വതവേ വിരസങ്ങളായി നീണ്ടുപോകുന്ന ദിവസങ്ങള്‍. അവ ളുടെ അരികുപറ്റി കഴിയുന്ന ഏതാനും നിമിഷങ്ങള്‍ മാത്രമേ അര്‍ത്ഥപൂര്‍ണ്ണ മായി അവനു തോന്നിയുള്ളു. അങ്ങനെ ഏതാണ്ടൊരു മാസം കഴിഞ്ഞ പ്പോള്‍, അവന്റെ സംഘത്തലവന്‍ തന്റെ ഒപ്പം വന്നവരെയൊക്കെ ഒരു ദിവസം വിളിച്ചുകൂട്ടി. അയാള്‍ക്കു പറയാനുണ്ടായിരുന്നത്‌ ഇത്ര മാതം: “ഈ യുദ്ധം എപ്പോള്‍ അവസാനിക്കുമെന്ന്‌ പറയാന്‍ വയ്യ. അതു കൊണ്ട്‌ നമ്മുടെ തുടര്‍ന്നുള്ള യാത്രയും അനിശ്ചിതമായിരിക്കുന്നു. രണ്ടു പക്ഷക്കാരും തുലൃബലമുള്ളവര്‍.... യുദ്ധം ജയിക്കേണ്ടത രണ്ടു കൂട്ടര്‍ക്കും ഒരുപോലെ ആവശ്യം. അതുകൊണ്ട്‌ യുദ്ധം തുടര്‍ന്നുപോകാനാണ്‌ സാദ്ധ്യത; ഒരുപക്ഷേ, വര്‍ഷങ്ങളോളം. നന്മയും തിന്മയും തമ്മിലുള്ള ഏറ്റു മുട്ടലല്ല ഇത്‌. തുല്യശക്തിയുള്ള രണ്ടു പക്ഷക്കാര്‍ തമ്മിലുള്ള ബലപരര്‍ീ ക്ഷണം... അങ്ങനെ വരുമ്പോള്‍ അത്‌ പെട്ടെന്നു തീര്‍ന്നെന്നു വരില്ല."
"en_XX: The people went back to where they were living, and the boy went to meet with Fatima that afternoon. He told her about the morning’s meeting. “The day after we met,” Fatima said, “you told me that you loved me. Then, you taught me something of the universal language and the Soul of the World. Because of that, I have become a part of you.”","ml_IN: സഭ പിരിഞ്ഞു. ഓരോരുത്തരും അവരവരുടെ താമസസ്ഥലങ്ങളിലേക്കു മടങ്ങി. ഉച്ചയായപ്പോള്‍ പതിവുപോലെ ഫാത്തിമയെ കാണാന്‍ അവന്‍ കിണ റ്റിന്‍കരയിലെത്തി. സംഘത്തലവന്‍ പറഞ്ഞതെല്ലാം അവന്‍ അവള്‍ക്കു വിവരിച്ചു കൊടുത്തു. എല്ലാം കേട്ടശേഷം അവള്‍ പറഞ്ഞു: “നമ്മള്‍ ആദ്യമായി കണ്ടുമുട്ടിയതിന്റെ പിറ്റേദിവസം നീ എന്നോടു പറഞ്ഞില്ലേ, എന്നെ സ്നേഹിക്കുന്നുവെന്ന്‌. പ്രകൃതിയുടെ ഭാഷയും പ്രപഞ്ച ത്തിന്റെ ആത്മാവും എന്താണ്‌ എന്ന്‌ നീ എന്നെ പഠിപ്പിച്ചു... അങ്ങനെ ഞാനി പ്പോള്‍ നിന്റെ ജീവിതത്തിന്റെ ഭാഗമായിത്തീര്‍ന്നിരിക്കുന്നു."
en_XX: The boy wanted to take her hand. But Fatima’s hands held to the handles of her jug.,"ml_IN: അവളുടെ കൈകള്‍ രണ്ടും കൂട്ടിച്ചേര്‍ത്ത്‌ സ്വന്തം കൈപ്പിടിയിലൊതു ക്കാന്‍ അവന്‍ മുന്നോട്ടാഞ്ഞു. പക്ഷേ, അവള്‍ രണ്ടു കൈയുംകൊണ്ട്‌ ചുമലിലെ ചെപ്പുകുടം മുറുകെ പിടിച്ചിരിക്കുകയായിരുന്നു."
"en_XX: “Some do come back. And then the other women are happy because they believe that their men may one day return, as well. I used to look at those women and envy them their happiness. Now, I too will be one of the women who wait.",ml_IN: 104 ആല്‍കെമിസ്റ്റ്‌ “പോയവരില്‍ ചിലര്‍ മടങ്ങിവരും. അപ്പോള്‍ മറ്റു സ്രതീകളുടെ മന സ്സിലും പ്രതീക്ഷകളുടെ നാമ്പുകളുയരും--ഇതുപോലെ ഒരു വ ല്‍ ളുടെ ഭര്‍ത്താക്കന്മാരും തിരിച്ചു വരാതിരിക്കില്ല. അവരുടെ മനസ്സില്‍ നിറ യുന്ന ഉത്സാഹവും ആവേശവും ഞാന്‍ അസൂയയോടെ നോക്കിനില്‍ക്കാ റുണ്ട്‌. ഇനിമുതല്‍ ഞാനും അവരിലൊരാളാകും. പ്രിയതമന്റെ വരവും കാത്തുനില്‍ക്കുന്ന സ്ര്രീ.... ഞാന്‍ ജനിച്ചുവളര്‍ന്നത്‌ ഈ മരുഭൂമിയിലാണ്‌.
"en_XX: “I’m a desert woman, and I’m proud of that. I want my husband to wander as free as the wind that shapes the dunes. And, if I have to, I will accept the fact that he has become a part of the clouds, and the animals, and the water of the desert.”","ml_IN: അതിനെക്കുറിച്ചെനിക്ക്‌ അഭിമാനമേയുള്ളു. മരുഭൂമിയില്‍ മണല്‍ക്കൂനകളു യര്‍ത്തുന്ന കാറ്റിനെപ്പോലെ എന്റെ ഭര്‍ത്താവ്‌ സ്വത്ര്രനായി എല്ലായിടത്തും ചെന്നെത്തണം. ഒരുപക്ഷേ, തിരിച്ചുവന്നില്ലെങ്കില്‍ അതാണെന്റെ വിധി യെന്നു കരുതി ഞാന്‍ സമാധാനിക്കും. എന്റെ ഭര്‍ത്താവ മൃഗമായോ വെള്ള മായോ മേഘമായോ ഈ മരുഭൂമിയുടെ ഒരു ഭാഗമായിത്തീര്‍ന്നിരിക്കുന്നു വെന്ന്‌ ഞാന്‍ സങ്കല്‍പിച്ചോളാം.”"
"en_XX: The boy went to look for the Englishman. He wanted to tell him about Fatima. He was surprised when he saw that the Englishman had built himself a furnace outside his tent. It was a strange furnace, fueled by firewood, with a transparent flask heating on top. As the Englishman stared out at the desert, his eyes seemed brighter than they had when he was reading his books.","ml_IN: അവന്‍ നടന്നു, കൂട്ടുകാരനായ ഇംഗ്ലീഷുകാരനെ തേടി. ഫാത്തിമയു മായുണ്ടായ സംഭാഷണത്തെക്കുറിച്ച്‌ ചങ്ങാതിയോടു പറയാന്‍ അവനു തിടു ക്കമായി. അവിടെപച്ചെന്നപ്പോള്‍ അയാള്‍ തന്റെ കൂടാരത്തിന്റെ മുറ്റത്ത്‌ ഒരു ചൂളയുണ്ടാക്കി വിറകു കൂട്ടി കത്തിച്ച്‌, അതിനു മീതെ സുതാര്യമായൊരു പാഠര്തം കയറ്റിവെച്ച്‌ എന്തോ ഉരുക്കിക്കൊണ്ടിരിക്കുകയായിരുന്നു. അകലെ മരുഭൂമിയിലേക്കുതന്നെ ഉറ്റുനോക്കിക്കൊണ്ടിരിക്കുന്ന അയാളുടെ കണ്ണു ില്ലാത്തൊരു തിളക്കം."
"en_XX: “This is the first phase of the job,” he said. “I have to separate out the sulfur. To do that successfully, I must have no fear of failure. It was my fear of failure that first kept me from attempting the Master Work. Now, I’m beginning what I could have started ten years ago.","ml_IN: “ഗന്ധകത്തിനെ ഈ മുലകത്തില്‍നിന്ന്‌ വേര്‍തിരിക്കണം. ഒരു പത്തു കൊല്ലം മുമ്പേ ഞാനീ പണി തുടങ്ങേണ്ടതായിരുന്നു. പേടി, ന ്കിലോ...? ഇപ്പോഴെങ്കിലും മനസ്സിലെ ശങ്ക തട്ടിമാറ്റി ഈ പണി തുടങ്ങാ കഴിഞ്ഞല്ലോ... ഇനി ഒരുപക്ഷേ, ആ മഹാവിദ്യ എനിക്കു സ്വന്തമാക്കാന്‍ കഴിഞ്ഞേക്കും. ഒരു സമാധാനം മാതം. പത്തു വര്‍ഷമല്ല പാഴായി പോയുള്ളു. ഇരുപതു വര്‍ഷം കാത്തിരിക്കാന്‍ തോന്നിയില്ലല്ലോ."
"en_XX: He wandered for a while, keeping the date palms of the oasis within sight. He listened to the wind, and felt the stones beneath his feet. Here and there, he found a shell, and realized that the desert, in remote times, had been a sea. He sat on a stone, and allowed himself to become hypnotized by the horizon. He tried to deal with the concept of love as distinct from possession, and couldn’t separate them. But Fatima was a woman of the desert, and, if anything could help him to understand, it was the desert.",ml_IN: | കാറ്റിന്റെ മൂളലിനു കാതോര്‍ത്തു. കാല്‍ക്കീഴില്‍ കല്ലുകള്‍ ഞെരിഞ്ഞമ രുന്നത്‌ ശ്രദ്ധിച്ചു. അവിടവിടെ കടല്‍കക്കകള്‍ കിടക്കുന്നതു കണ്ടു. അത്തു തപ്പെടേണ്ടതില്ല. ഏതോ കാലത്ത്‌ ഈ മരുഭൂമികള്‍ സമു്രങ്ങളായിരു ന്നല്ലോ. ഒരു കല്ലില്‍ ചെന്നിരുന്ന്‌ അവന്‍ മനോരാജ്യത്തില്‍ മുഴുകി. തന്നെ ചൂഴ്ന്നുനില്‍ക്കുന്ന ഈ ച്രകവാളം... അതിന്റെ മ്രന്തശക്തിയില്‍ താന്‍ സ്വയം നഷ്ടപ്പെടുകയാണോ? പ്രേമത്തിന്റെ രണ്ടു ഭാവങ്ങള്‍. തിരിച്ചൊന്നും 105 ആല്‍കെമിസ്റ്റ്‌ പതീ ്ം യാം ശുദ്ധമായ സ്നേഹം. താന്‍ സ്നേഹിക്കുന്നത്‌ എല്ല പി തന്റെ സ്വന്തമാകണമെന്ന അവകാശബോധം.
"en_XX: As he sat there thinking, he sensed movement above him.",ml_IN: ആലോചിച്ചാലോചിച്ച്‌ അവന്‍ അവിടെത്തന്നെ കിടന്നുറക്കമായി.
"en_XX: He rose, and made his way back toward the palm trees. Once again, he perceived the many languages in the things about him: this time, the desert was safe, and it was the oasis that had become dangerous.","ml_IN: അവനെഴുന്നേറ്റ്‌ തിരിച്ചു നടന്നു, ഈന്തല്‍തോപ്പുകളുടെ നേരെ. തനിക്കു ചുറ്റുമുളള സര്‍വ്വവും തന്നോടെന്തൊ വിളിച്ചുപറയുന്നു; അവരുടേതായ ഭാഷയില്‍. ഈ തവണ മരുഭൂമിയാണ്‌ സുരക്ഷിതം. മരുപ്പച്ചയുടെ സ്ഥിതി അപകടത്തിലാണ്‌."
"en_XX: “An army is coming,” the boy said. “I had a vision.”","ml_IN: “എനിക്കൊരു വെളിപാടുണ്ടായി. ഒരുകൂട്ടം പട്ടാളക്കാര്‍ നമ്മെ ആക്ര മിക്കാനായി വന്നുകൊണ്ടിരിക്കുന്നു.""” തന്റെ സുഹൃത്തായ ഒട്ടകക്കാരനെ വിളിച്ച്‌ അവന്‍ പറഞ്ഞു."
"en_XX: The camel driver understood what the boy was saying. He knew that any given thing on the face of the earth could reveal the history of all things. One could open a book to any page, or look at a person’s hand; one could turn a card, or watch the flight of the birds…whatever the thing observed, one could find a connection with his experience of the moment. Actually, it wasn’t that those things, in themselves, revealed anything at all; it was just that people, looking at what was occurring around them, could find a means of penetration to the Soul of the World.",ml_IN: ഏതെങ്കിലും ഒരു പുസ്തകമെടുത്ത്‌ ഒരു പേജു നിവര്‍ത്തുക. ഒരാളുടെ ഉള്ളംകൈയിലെ രേഖകള്‍ നോക്കുക. ഒരുകെട്ടു ശീട്ടില്‍നിന്ന്‌ ഏതെങ്കിലു മൊന്നെടുത്തു മലര്‍ത്തുക. അല്ലെങ്കില്‍ ഇതുപോലെ മാനത്തെ പരുന്തുക ളുടെ പറക്കല്‍ നിരീക്ഷിക്കുക... എന്തോ ആകട്ടെ ആ കണ്ടതിനും തത്സമ യത്തെ അനുഭവത്തിനും തമ്മില്‍ എന്തോ ഒരു ബന്ധം കാണാനാകും എന്നു തീര്‍ച്ച. അവ തനതായി ഒന്നും പ്രവചിക്കുന്നില്ല.
"en_XX: “Well…so I can do things,” he had responded. “And so I can change those things that I don’t want to happen.”",ml_IN: “എനിക്ക്‌ വല്ലതുമൊക്കെ ചെയ്യാന്‍ പറ്റുമല്ലൊ.” അയാള്‍ പറഞ്ഞു: “അപ്രിയമായ സംഭവങ്ങള്‍ ഒഴിവാക്കാം.”
"en_XX: “Well, maybe I just want to know the future so I can prepare myself for what’s coming.”",ml_IN: “എന്തായാലും വേണ്ടില്ല... എനിക്കെന്റെ ഭാവി അറിഞ്ഞേ പറ്റൂ.” ഒട്ടക ക്കാരന്‍ തെല്ലു വാശി പിടിച്ചു “ഞാനൊരാണല്ലേ. സ്വന്തം ഭാവിയെ മുമ്പില്‍ കണ്ടുകൊണ്ടല്ലേ ഒരു പുരുഷന്‍ ജീവിക്കേണ്ടത്‌?”
"en_XX: “Well, then, they probably already know.”","ml_IN: “അപ്പോള്‍, പ്രേമത്തെക്കുറിച്ച്‌ നിനക്ക്‌ ബോധമുണ്ട്‌.” അവന്‍ ആശ്വാ സമായി."
"en_XX: There were eight chieftains, but the boy could see immediately which of them was the most important: an Arab dressed in white and gold, seated at the center of the semicircle. At his side was the young Arab the boy had spoken with earlier.","ml_IN: പ്രഭുക്കന്മാര്‍ എട്ടുപേരാണവിടെ ഇരുന്നിരുന്നത്‌. അതില്‍ പ്രധാനി ആരാണെന്ന്‌ ഒറ്റനോട്ടത്തില്‍ത്തന്നെ അവന്‍ മനസ്സിലാക്കി. ആ അര്‍ദ്ധ വൃത്തത്തിന്റെ ഒത്ത നടുവിലിരുന്നിരുന്ന അറബി, അയാളും കസവുനുൂലു കള്‍കൊണ്ട്‌ അലങ്കാരപ്പണികള്‍ ചെയ്തിട്ടുള്ള വെള്ളവസ്ര്രങ്ങളാണ്‌ ധരിച്ചിരുന്നത്‌. അദ്ദേഹത്തിന്റെ പുറകില്‍ നിന്നിരുന്നു, അവന്‍ ആദ്യം കണ്ടു സംസാരിച്ച അറബിയുവാവ്‌...ആദൃത്തെ ചോദ്യം സംഘത്തലവന്റേതാ യിരുന്നു."
"en_XX: “It is I,” the boy answered. And he told what he had seen.",ml_IN: “ഞാന്‍തന്നെ.” തുടര്‍ന്നു താന്‍ കണ്ടതും മനസ്സി അവര്‍ക്ക്‌ വിശദമായി പറഞ്ഞുകൊടുത്തു.
"en_XX: “The oasis is neutral ground. No one attacks an oasis,” said a third chieftain.",ml_IN: “മരുപ്പച്ചകള്‍ നിഷ്പക്ഷ മേഖലകളാണ്‌. ആരും ഇങ്ങോട്ടു കടന്നുവന്ന്‌ ആക്രമിക്കുകയില്ല.” മൂന്നാമതൊരാള്‍ അവനു പറഞ്ഞുകൊടുത്തു.
"en_XX: “I can only tell you what I saw. If you don’t want to believe me, you don’t have to do anything about it.”",ml_IN: “അതുമിതും പറയാതെ നീ കണ്ട സ്വപ്നത്തെക്കുറിച്ചു മാത്രം പറ ഞ്ഞാല്‍ മതി.” വൃദ്ധ അക്ഷമ പ്രകടിപ്പിച്ചു: “എനിക്കടുക്കളയില്‍ പണിയുണ്ട്‌.
"en_XX: “We always observe the Tradition. The Tradition saved Egypt from famine in those days, and made the Egyptians the wealthiest of peoples. The Tradition teaches men how to cross the desert, and how their children should marry. The Tradition says that an oasis is neutral territory, because both sides have oases, and so both are vulnerable.”",ml_IN: “ഞങ്ങള്‍ പഴയ പാരമ്പര്യങ്ങളെ മാനിക്കുന്നവരാണ്‌. ആ ശീലമാണ്‌ അന്ന്‌ ഈജിപ്റ്റിനെ ഭയങ്കരമായ ക്ഷാമത്തില്‍നിന്നു രക്ഷിച്ചത്‌. അതു തന്നെയാണ്‌ ഈജിപ്തുകാരെ ഇര്രയും സമ്പന്നരാക്കിത്തീര്‍ത്തതും. പരമ്പ രാഗതമായി സിദ്ധിച്ചു ഈ അറിവാണ്‌ മരുഭൂമിയില്‍ യാത്രചെയ്യാന്‍ ഞങ്ങളെ സഹായിക്കുന്നത്‌. വിവാഹാദികാര്യങ്ങളിലും അതേ ആചാരങ്ങള്‍ ഞങ്ങള്‍ പിന്‍തുടരുന്നു. അങ്ങനെ കാലങ്ങളായി പാലിച്ചുവരുന്ന നിയമങ്ങളിലൊ ന്നാണിത്‌. മരുഭൂമികള്‍ സമാധാന മേഖലകളാണ്‌. കടന്നാക്രമിക്കാനുള്ള തല്ല. രണ്ടുപക്ഷത്തുമുണ്ടാകും ഇതുപോലെയുള്ള ജനവാസസ്ഥലങ്ങള്‍.
"en_XX: The old man gave a signal, and everyone stood. The meeting was over. The hookahs were extinguished, and the guards stood at attention. The boy made ready to leave, but the old man spoke again: “Tomorrow, we are going to break the agreement that says that no one at the oasis may carry arms. Throughout the entire day we will be on the lookout for our enemies. When the sun sets, the men will once again surrender their arms to me. For every ten dead men among our enemies, you will receive a piece of gold.","ml_IN: ത കൈയൊന്നുയര്‍ത്തി. എല്ലാവരും ന ലി ി. കാവല്‍ക്കാര്‍ അ രിരിയുകയായിരുന്നു. ഹുക്കകള്‍ കെടുത്ത്‌ ന പു നിന്നു. അവനും സ്ഥലംവിടാന്‍ ഭാവിച്ചു. അപ്പോഴേക്കും വീണ്ടും എന്തോ പറയാന്‍ തുടങ്ങി: യ ലം ആരും ആയുധങ്ങള്‍ കൊണ്ടുനടന്നുകൂടാ എന്ന കല്പന ഞാന്‍ പിന്‍വലിച്ചിരിക്കുന്നു. നാളെ പകല്‍ ന ന ന്ന്‌ നാം ജാഗ്രത പുല ക്കളുടെ നീക്കമറിയാന്‍ കണ്ണും കാതും തുറ റ അവനവന്റെ ആയുധങ്ങള്‍ മാ ന തിരിച്ചേല്പിക്കണം. ശ്ര്രുപക്ഷത്തില്‍ പത്തുപേര്‍ ര ര്‍ണ്ണനാണയം. ൭ ടെ വകയായി ഒരു സമ്മാനം. ഒരു സ്വരണ്ണ യ എണ്ണമനുസരിച്ച്‌ സ്വര്‍ണ്ണനാണയങ്ങളുടെ പ ള്‍ അകാരണമായി ഉപയോഗ ക്കൊണ്ടിരിക്കും. പക്ഷേ, ഒരാളും ആയുധങ്ങ 0 കൂടാ ക പ്രയോഗിക്കുകയാണെങ്കില്‍ പ്രാണരക്ഷയ്ക്കായി മരുഭൂമിയെപ്പോലെതന്നെ ആയുധങ്ങള്‍ക്കുമുണ്ട ഒരു നി യ്ക്കൊന്നെടുത്ത്‌ പെരുമാറിയില്ലെങ്കില്‍ പെട്ടെന്നൊരാവശ്യം വരു ജനപ്പെട്ടെന്നുവരില്ല.”"
"en_XX: Suddenly he heard a thundering sound, and he was thrown to the ground by a wind such as he had never known. The area was swirling in dust so intense that it hid the moon from view. Before him was an enormous white horse, rearing over him with a frightening scream.",ml_IN: പെട്ടെന്ന്‌ ഇടിവെട്ടുംപോലെ ഭയങ്കരമായൊരു മുഴക്കം. അതി ശക്തി യായി ആഞ്ഞടിച്ചു കാറ്റില്‍ കാലുറപ്പിച്ചു നില്‍ക്കാനാകാതെ അവന്‍ അവിടെ ത്തന്നെ വീണുപോയി. ആ കാറ്റിന്റെ ഈക്കില്‍ ഉയര്‍ന്നുപൊങ്ങിയ മണല്‍ ത്തരികള്‍ മാനത്തെ ചന്ദ്രനെ അപ്പാടെ മറച്ചു. അതിനിടയില്‍ അവന്റെ തൊട്ടുമുമ്പില്‍ വളരെ വലിയൊരു വെള്ളക്കുതിര. പേടിപ്പെടുത്തുന്ന വിധ ത്തില്‍ ഉച്ചത്തില്‍ അത്‌ അമറുന്നു.
"en_XX: When the blinding dust had settled a bit, the boy trembled at what he saw. Astride the animal was a horseman dressed completely in black, with a falcon perched on his left shoulder. He wore a turban and his entire face, except for his eyes, was covered with a black kerchief. He appeared to be a messenger from the desert, but his presence was much more powerful than that of a mere messenger.","ml_IN: കാഴ്ച മറയ്ക്കുന്ന ആ പൊടിക്കാറ്റ്‌ ക്രമേണ അടങ്ങി. മുമ്പില്‍ കണ്ട കാഴ്ച. അവന്‍ ഭയന്നു വിറയ്ക്കുകതന്നെ ചെയ്തു. കുതിരയുടെ പുറത്ത്‌ അടിമുടി കറുത്ത വസ്ത്രംകൊണ്ടു മൂടിയ ഒരാള്‍. അയാളുടെ ഇടത്തെ തോളില്‍ ഒരു പരുന്ത്‌. തലയില്‍ തലപ്പാവുണ്ട്‌. കണ്ണുകളൊഴിച്ച്‌ മുഖം മുഴു വന്‍ ഒരു കറുത്ത തുണികൊണ്ട്‌ മൂടിയിരിക്കുന്നു. മരുഭൂമിയില്‍ സാധാര ണയായി കാണുന്ന ബെഡോയിന്മാരില്‍ ഒരാളാണെന്നേ തോന്നു. പക്ഷേ, ശ്രദ്ധിച്ചാല്‍ മനസ്സിലാക്കാം അങ്ങനെയൊരു സാമാന്യക്കാരനല്ല അയാള്‍ എന്ന്‌. ആ മട്ടും മാതിരിയും അതു വിളിച്ചുപറയുന്നുമുണ്ട്‌."
"en_XX: “Who dares to read the meaning of the flight of the hawks?” he demanded, so loudly that his words seemed to echo through the fifty thousand palm trees of Al-Fayoum.",ml_IN: “ആര്‍ക്കാണിര്ര ധൈര്യം?” അയാളുടെ ഒച്ച അവിടെയുള്ള അമ്പതിനാ യിരം ഈന്തപ്പനകളിലും തട്ടി മാറ്റൊലിക്കൊള്ളുന്നതുപോലെ: “കഴുക ന്മാരുടെ പറക്കല്‍ നോക്കി അര്‍ത്ഥം വ്യാഖ്യാനിക്കാന്‍?”
"en_XX: “Allah created the armies, and he also created the hawks. Allah taught me the language of the birds. Everything has been written by the same hand,” the boy said, remembering the camel driver’s words.","ml_IN: “ആ സൈന്യങ്ങളെ സൃഷ്ടിച്ചത്‌ ദൈവമാണ്‌. ഈ കഴുകന്മാരെ സൃഷ്ടിച്ചതും അദ്ദേഹംതന്നെ. പക്ഷികളുടെ ഭാഷ എനിക്കു മനസ്സി ലാക്കിത്തന്നതും അവിടന്നുതന്നെ. എല്ലാം ഒരേ കൈകള്‍കൊണ്ട്‌ സൃഷ്ടി ക്കപ്പെട്ടവ.""” ഒട്ടകക്കാരന്റെ വാക്കുകള്‍ ഓര്‍ത്തെടുത്തുംകൊണ്ട അവന്‍ ന ന മെല്ലെ അവന്റെ നെറ്റിയില്‍നിന്ന്‌ തന്റെ വാള്‍ നീക്കി. അവന്റെ മനസ്സില്‍ അളവറ്റ ആശ്വാസം. അപ്പോഴും അവനു തോന്നിയില്ല, അവിടെ നില്‍ക്കാതെ ഓടി രക്ഷപ്പെടണമെന്ന."
"en_XX: “All I saw was an army,” said the boy. “I didn’t see the outcome of the battle.”",ml_IN: യ; പടനീക്കം മാത്രം. അതിന്റെ അവസാനം എന്താ കുമെന്ന്‌ ഞാന്‍ കാണുകയുണ്ടായില്ല.” പേടി കൂടാതെ അവന്‍ പറഞ്ഞു.
"en_XX: “Where do you live?” shouted the boy, as the horseman rode away.",ml_IN: അതിന്‌ എവിടെയാണ്‌ നിങ്ങളുടെ താമസം?” അവന്റെ ചോദ്യം മുഴുവ നാകുംമുമ്പുതന്നെ അയാള്‍ തന്റെ കുതിരയെ ഓടിച്ചു പാഞ്ഞുപോയി.
"en_XX: NEXT MORNING, THERE WERE TWO THOUSAND ARMED men scattered throughout the palm trees at Al-Fayoum. Before the sun had reached its high point, five hundred tribesmen appeared on the horizon. The mounted troops entered the oasis from the north; it appeared to be a peaceful expedition, but they all carried arms hidden in their robes. When they reached the white tent at the center of Al-Fayoum, they withdrew their scimitars and rifles. And they attacked an empty tent.","ml_IN: യപ്പോഴേക്കും അഞ്ഞൂറോളം സൈനികര്‍ അടങ്ങുന്ന ഒരു ന വ ത്തിനരികെ കാണാറായി. വടക്കുനിന്ന്‌ കുതിരസ്സവാരി ചെയ്താണവര്‍ വന്നിരുന്നത്‌. കാഴ്ചയില്‍ സാധാരണ ഒരു യാത്രാസംഘം. സമാധാന പരമായ നീക്കങ്ങള്‍. പക്ഷേ, അവരെല്ലാവരുംതന്നെ തങ്ങളുടെ നീണ്ട മേല്‍ക്കുപ്പായങ്ങള്‍ക്കടിയില്‍ പല വിധത്തിലുള്ള ആയുധങ്ങള്‍ കരുതി വെച്ചിരുന്നു. അവര്‍ നേരെ കയറിച്ചെന്നത്‌ ഗോത്രത്തലവന്റെ വെള്ളക്കൂടാര 116 ആല്‍കെമിസ്റ്റ്‌ ത്തിലേക്കാണ്‌; കുറുവാളുകളും കൈത്തോക്കുകളുമേന്തി ആക്രമണത്തിനു തയ്യാറായി പക്ഷേ, ആ കൂടാരം തികച്ചും ശൂന്യമായിരുന്നു."
"en_XX: WHEN THE SUN HAD SET, AND THE FIRST STARS MADE their appearance, the boy started to walk to the south. He eventually sighted a single tent, and a group of Arabs passing by told the boy that it was a place inhabited by genies. But the boy sat down and waited.",ml_IN: സൂര്യന്‍ അസ്തമിച്ചു. ആകാശത്ത്‌ നാലഞ്ചു നക്ഷത്രങ്ങള്‍ തിളങ്ങാന്‍ തുടങ്ങി. അവന്‍ തെക്കോട്ടു നടന്നു. കുറെ ചെന്നപ്പോള്‍ ഒറ്റ തിരിഞ്ഞു നില്‍ ക്കുന്നൊരു കൂടാരം. അതിലേ കടന്നുപോയ ഒരു കൂട്ടം അറബികള്‍ അവനെ വിളിച്ചുപറഞ്ഞു: “സൂക്ഷിച്ചോളു. ഭൂതപ്രേതപിശാചുക്കളുടെ വാസസ്ഥാ നമാണ്‌.” അവന്‍ അത്‌ കാര്യമാക്കിയില്ല. അവിടെത്തന്നെ കാത്തിരിക്കാന്‍ തീരുമാനിച്ചു.
en_XX: Not until the moon was high did the alchemist ride into view. He carried two dead hawks over his shoulder.,"ml_IN: ആല്‍കെമിസ്റ്റ്‌ ച്ര്രന്‍ ഉദിച്ചുപൊങ്ങിയിട്ടേ ആല്‍കെമിസ്റ്റ്‌ അവന്റെ മുമ്പില്‍ വരികയു ണ്ടായുള്ളു. കുതിരപ്പുറത്തു കയറി, തോളില്‍ രണ്ട്‌ ചത്ത കഴുകന്മാരെയും തൂക്കിയിട്ട്‌, അയാള്‍ അവന്റെ അരികില്‍ വന്നു നിന്നു."
"en_XX: “I am here,” the boy said.",ml_IN: “ഞാനിവിടെയുണ്ട്‌.” അവന്‍ പറഞ്ഞു.
"en_XX: “You shouldn’t be here,” the alchemist answered. “Or is it your Personal Legend that brings you here?”",ml_IN: “നീ ഇവിടെ വരരുതായിരുന്നു.” അയാള്‍ പ്രതികരിച്ചു: “അല്ലെങ്കില്‍ നിന്റെ വിധിതന്നെയായിരിക്കും നിന്നെ ഇവിടെക്കൊണ്ടെത്തിച്ചത്‌.”
"en_XX: “With the wars between the tribes, it’s impossible to cross the desert. So I have come here.”",ml_IN: “ഗോത്രങ്ങള്‍ തമ്മില്‍ യുദ്ധം നടന്നുകൊണ്ടിരിക്കെ മരുഭൂുമിയില്‍ക്കൂടി യുള്ള യാത്ര അസാദ്ധ്യം. അതുകൊണ്ടാണ്‌ ഞാനിവിടെ വന്നത്‌. ”
"en_XX: “Sit down. We’ll have something to drink and eat these hawks,”",ml_IN: “അവിടെ ഇരിക്ക്‌.” അയാള്‍ അവനെ ക്ഷണിച്ചു: “ആദ്യം നമുക്കെന്തെ ങ്കിലും കുടിക്കാം. പിന്നെ ഇവറ്റയെ തിന്നാം.”
en_XX: said the alchemist.,ml_IN: ആല്‍കെമിസ്റ്റ്‌ പറഞ്ഞു.
"en_XX: “Because of the omens,” the alchemist answered. “The wind told me you would be coming, and that you would need help.”",ml_IN: “നിമിത്തങ്ങള്‍ അങ്ങനെ സൂചിപ്പിച്ചു. കാറ്റാണ്‌ പറഞ്ഞത്‌ നീ ഇവിടെ വന്നെത്തുമെന്നും സഹായം വേണ്ടിവരുമെന്നും.”
en_XX: “He has other things to do first. But he’s on the right track. He has begun to try to understand the desert.”,ml_IN: അയാള്‍ക്ക്‌ വേറെയും പല കാര്യങ്ങള്‍ ചെയ്തുതീര്‍ക്കാനുണ്ട്‌. ഏതായാലും അയാള്‍ക്ക്‌ വഴി തെറ്റിയിട്ടില്ല. മരുഭൂമിയെ കുറേശ്ശെയായി മനസ്സിലാക്കാന്‍ തുടങ്ങിയിരിക്കുന്നു.”
en_XX: “And what about me?”,ml_IN: “ഞാനോ? എന്നെക്കുറിച്ചെന്താണ്‌ പറയാനുള്ളത്‌?”
"en_XX: “But there’s a tribal war,” the boy reiterated.","ml_IN: “പക്ഷേ, ഇവിടെ യുദ്ധം തുടര്‍ന്നുകൊണ്ടിരിക്കുകയല്ലേ?” അവന്‍ പിന്നേയും അതുതന്നെ പറഞ്ഞു."
en_XX: “I know what’s happening in the desert.”,ml_IN: [ എ “എനിക്കറിയാം മരുഭൂമിയില്‍ എന്താണ നടക്കുന്നതെന്ന.
"en_XX: “I have already found my treasure. I have a camel, I have my money from the crystal shop, and I have fifty gold pieces. In my own country, I would be a rich man.”",ml_IN: “എന്റെ നിധി ഞാന്‍ കണ്ടെത്തിക്കഴിഞ്ഞിരിക്കുന്നു. എനിക്കിപ്പോള്‍ സ്വന്തമായൊരൊട്ടകമുണ്ട്‌. സ്ഫടികക്കടയില്‍നിന്നു സമ്പാദിച്ച പണമുണ്ട.
en_XX: “I also have Fatima. She is a treasure greater than anything else I have won.”,ml_IN: “അതിനെന്താ? എനിക്കു ഫാത്തിമയെ കിട്ടിയല്ലോ. അതിലും വലി യൊരു നിധി വേറെ എവിടെനിന്നു കിട്ടാന്‍!”
"en_XX: “She wasn’t found at the Pyramids, either.”",ml_IN: “അവളേയും കിട്ടിയത്‌ പിരമിഡില്‍നിന്നല്ലല്ലൊ.”
en_XX: They ate in silence. The alchemist opened a bottle and poured a red liquid into the boy’s cup. It was the most delicious wine he had ever tasted.,ml_IN: കുറച്ചു നേരത്തേക്ക്‌ രണ്ടുപേരും ഒന്നും മിണ്ടുകയുണ്ടായില്ല. ആഹാര ത്തില്‍ മാത്രമായിരുന്നു ശ്രദ്ധ. ആല്‍കെമിസ്റ്റ്‌ ഒരു കുപ്പി തുറന്നു. ചുവന്ന നിറത്തിലുള്ള ഒരു പാനീയം അവന്റെ കോപ്പയിലേക്കൊഴിച്ചു. അത്‌ വീഞ്ഞാ യിരുന്നു. ഇത്രയും രുചിയുള്ള വീഞ്ഞ്‌ അവന്‍ മുമ്പു കുടിച്ചിരുന്നില്ല.
"en_XX: “Isn’t wine prohibited here?” the boy asked “It’s not what enters men’s mouths that’s evil,” said the alchemist. “It’s what comes out of their mouths that is.”",ml_IN: “ഇവിടെ വീഞ്ഞുകുടിക്കാന്‍ പാടില്ല എന്നല്ലേ?” അവന്‍ ചോദിച്ചു.
"en_XX: “Tomorrow, sell your camel and buy a horse. Camels are traitorous: they walk thousands of paces and never seem to tire.",ml_IN: “നാളെ ഈ ഒട്ടകത്തിനെ വിറ്റ്‌ നല്ലൊരു കുതിരയെ വാങ്ങണം. ഒട്ടക ങ്ങളെ വിശ്വസിച്ചുകൂടാ. യാതൊരു ക്ഷീണവും കൂടാതെ ആയിരമായിരം 119 ആല്‍കെമിസ്റ്റ്‌ കാതങ്ങള്‍ അവന്‍ നടന്നോളും.
"en_XX: “There’s life here,” the boy said to the alchemist. “I don’t know the language of the desert, but my horse knows the language of life.”",ml_IN: ഇവിടെ ഏതോ ജീവികളുണ്ട്‌.” അവന്‍ തിരിഞ്ഞ്‌ ആല്‍കെമിസ്റി നോടു പറഞ്ഞു: മരുഭൂമിയുടെ പ്രകൃതം എനിക്കറിഞ്ഞുകൂടാ. പക്ഷേ എന്റെ കുതിരയ്ക്കറിയാമെന്നു തോന്നുന്നു.”
"en_XX: “Not to worry,” said the alchemist. “He won’t leave the circle.",ml_IN: “അവിടെ വിട്ടുപോന്നതിനെക്കുറിച്ചോര്‍ത്ത്‌ മനസ്സു വിഷമിക്കേണ്ട.” ആല്‍ കെമിസ്റ്റ്‌ പറഞ്ഞു. കുതിരപ്പുറത്തു കയറി മണല്‍പരപ്പിലൂടെയുള്ള യാത്ര.
en_XX: “Because the Pyramids are surrounded by the desert.”,"ml_IN: “പിരമിഡുകള്‍ക്കു ചുറ്റും മരുഭൂമിയാണ്‌, അതുതന്നെ.”"
"en_XX: “I’m going to guide you across the desert,” the alchemist said.",ml_IN: “നിന്നെ ഞാന്‍ ഈ മരുഭൂമി കടത്തിത്തരാം.” ആല്‍കെമിസ്റ്റ്‌ പറഞ്ഞു.
"en_XX: “Well, what if I decide to stay?”",ml_IN: എങ്ങും പോകുന്നില്ല എന്നാണ്‌ എന്റെ തീരുമാനമെങ്കിലോ?”
en_XX: “Let me tell you what will happen. You’ll be the counselor of the oasis. You have enough gold to buy many sheep and many camels.,ml_IN: എന്നാല്‍ എന്തു സംഭവിക്കുമെന്ന്‌ ഞാന്‍ പറയാം.” ഒരു വിശദീ കരണത്തിനയാള്‍ തയ്യാറെടുത്തു. “ഗോത്രത്തലവന്റെ ഉപദേഷ്ടാവായി നീ ഇവിടെ കഴിയും. വേണ്ടത്ര ആടുകളെയും ഒട്ടകങ്ങളെയും വാങ്ങാനുള്ള പണം നിന്റെ കൈയിലുണ്ട്‌. നീ ഫാത്തിമയെ വിവാഹം കഴിക്കും. ഒരു കൊല്ലം സുഖമായി കഴിയും.
"en_XX: You’ll marry Fatima, and you’ll both be happy for a year. You’ll learn to love the desert, and you’ll get to know every one of the fifty thousand palms. You’ll watch them as they grow, demonstrating how the world is always changing. And you’ll get better and better at understanding omens, because the desert is the best teacher there is.","ml_IN: ഈ മരുഭൂമിയിലെ ജീവിതവുമായി പൂര്‍ണ്ണ മായും ഇഴുകിച്ചേരും. ഇവിടെയുള്ള അമ്പതിനായിരം ഈന്തല്‍പ്പനകളെയും വെവ്വേറെ തിരിച്ചറിയാമെന്നാകും. അവയുടെ വളര്‍ച്ച നോക്കിക്കൊണ്ടിരിക്കേ നിനക്കു ബോദ്ധ്യപ്പെടും, ലോകം നിരന്തരമായ മാറ്റങ്ങള്‍ക്കു വിധേയ മാണെന്ന . നിമിത്തങ്ങളെപ്പറ്റി പഠിപ്പിക്കാന്‍ മരുഭൂമിയെക്കാള്‍ യോഗ്യനാ തരു ഗുരുവില്ല. അങ്ങനെ ആ വിദ്യയിലും നീ വൈദഗ്ദ്ധ്യം നേടും."
"en_XX: “Sometime during the second year, you’ll remember about the treasure. The omens will begin insistently to speak of it, and you’ll try to ignore them. You’ll use your knowledge for the welfare of the oasis and its inhabitants. The tribal chieftains will appreciate what you do. And your camels will bring you wealth and power.","ml_IN: ഏതാണ്ട രണ്ടാമത്തെ കൊല്ലമാകുമ്പോള്‍ വീണ്ടും മനസ്സില്‍ നിധി യുടെ ഓര്‍മ്മ കടന്നുകൂടും. ഒരായിരം നിമിത്തങ്ങള്‍ അതിന്റെ നേരെ വിരല്‍ ചൂണ്ടും. ഒക്കെ നീ തള്ളിക്കളയും. സ്വന്തം അറിവും കഴിവും ഈ മരുപ്പച്ചയു ടെയും ഇവിടത്തെ ആളുകളുടെയും ക്ഷേമത്തിനുവേണ്ടി നീ ഉപയോഗിക്കും, ഗോത്രത്തലവന്മാര്‍ നിന്നെ ആദരിച്ചുകൊണ്ടു നടക്കും. നിന്റെ ഒട്ടകങ്ങള്‍ പണവും അധികാരവും നേടിത്തരും."
"en_XX: “You must understand that love never keeps a man from pursuing his Personal Legend. If he abandons that pursuit, it’s because it wasn’t true love…the love that speaks the Language of the World.”",ml_IN: “ഒരു കാര്യം മനസ്സിലാക്കിക്കോളൂ. പ്രേമത്തിന്റെ പേരില്‍ ഒരാളും തന്റെ മാര്‍ഗ്ഗം കൈവെടിയുകയില്ല. പ്രേമം ലക്ഷ്യപ്രാപ്തിയില്‍ ഒരാള്‍ക്കും തടസ്സ മായി നില്‍ക്കുകയില്ല. അഥവാ അങ്ങനെ സംഭവിക്കുകയാണെങ്കില്‍ ആ പ്രേമം യഥാര്‍ത്ഥമല്ല എന്നാണര്‍ത്ഥം. ഒരു വിധത്തില്‍ പറഞ്ഞാല്‍ അതില്‍ പ്രകൃതിയുടെ ചൈതന്യം സ്ഫുരിക്കുന്നില്ല എന്നുതന്നെ.”
"en_XX: “I’m going with you,” the boy said. And he immediately felt peace in his heart.",ml_IN: പെട്ടെന്നവന്‍ പറഞ്ഞു: “ഞാനും നിങ്ങളുടെകൂടെ വരികയാണ്‌.” ആ പ അവന്റെ മനസ്സിലെ ആധികളൊക്കെ പിന്‍മാറി. മനസ്സ്‌ ശാന്ത .
"en_XX: THE BOY SPENT A SLEEPLESS NIGHT. TWO HOURS BEFORE dawn, he awoke one of the boys who slept in his tent, and asked him to show him where Fatima lived. They went to her tent, and the boy gave his friend enough gold to buy a sheep.",ml_IN: ആല്‍ ആ രാര്തി അവനുറങ്ങാനായില്ല. ഉദയത്തിന്‌ വളരെ മുമ്പുതന്നെ അ ള വന്‍ എഴുന്നേറ്റു. തൊട്ടടുത്തുകിടന്നിരുന്ന യുവാവിനെ വിളിച്ചു എ: യി സഹായത്തോടെ ഫാത്തിമയുടെ വീട്‌ കണ്ടുപിടിച്ചു തിഫലമായി ഒരാടിനെ വിലയ്ക്കു വാങ്ങാന്‍ 6 പ ) വണ്ട്രത സ്വര്‍ണ്ണവും അവനു അവളുടെ കൂടാരത്തിനടുത്തെത്തിയപ്പോള്‍ അവന്‍ ഒന്ന 0 കൂടി വ ശ്യപ്പെട്ടു; അകത്തുചെന്ന്‌ ഫാത്തിമയെ ഉണര്‍ത്തി വിവരം വം ലം അവളെ കാണാന്‍ അവിടെ കാത്തുനില്‍ക്കുന്നുവെന്ന്‌.
"en_XX: “Before this, I always looked to the desert with longing,” said Fatima. “Now it will be with hope. My father went away one day, but he returned to my mother, and he has always come back since then.”","ml_IN: രണ്ടുപേരും പരസ്പരം കെട്ടിപ്പിടിച്ചു. ആദ്യത്തെ സ്പര്‍ശനം. “തീര്‍ച്ച, ഞാന്‍ തിരിച്ചുവരും,” അവന്‍ വീണ്ടും പറഞ്ഞു: “ഇത്രനാളും ഞാന്‍ മരു ഭൂമിയെ നോക്കിക്കൊണ്ടിരുന്നത്‌ മോഹത്തോടുകൂടിയാണ്‌.” അവള്‍ പറഞ്ഞു: “ഇനി മുതല്‍ എന്റെ നോട്ടത്തില്‍ കത്തിനില്‍ക്കുക പ്രതീക്ഷ കളാണ്‌.” ഒരു ദിവസം ഇതുപോലെ എന്റെ അച്ഛനും യാത പറഞ്ഞു പോകുകയുണ്ടായി. പക്ഷേ, അമ്മയുടെ അരികത്തേക്കുതന്നെ അദ്ദേഹം തിരിച്ചുവന്നു. പിന്നേയും പലതവണ പോയി. മടങ്ങിവരുകയും ചെയ്തു.”"
"en_XX: They said nothing else. They walked a bit farther among the palms, and then the boy left her at the entrance to her tent.",ml_IN: ഒന്നും മിണ്ടാതെ കുറച്ചുനേരംകൂടി അവര്‍ നടത്തം തുടര്‍ന്നു. പിന്നെ അവളെ അവളുടെ കൂടാരത്തിലെത്തിച്ച്‌ അവന്‍ യാത്രയായി.
"en_XX: “I’ll return, just as your father came back to your mother,” he said.",ml_IN: “നിന്റെ അച്ഛന്‍ നിന്റെ അമ്മയുടെ അരികത്തേക്കു തിരിച്ചു വന്നതു പോലെ ഞാനും ഒരു ദിവസം നിന്റെ അടുത്ത്‌ തിരിച്ചെത്തും.” അവന്‍ വീണ്ടും അവള്‍ക്കുറപ്പുകൊടുത്തു.
en_XX: “You’re crying?”,ml_IN: “എന്നുവച്ചാല്‍?”
"en_XX: From that day on, it was the desert that would be important. She would look to it every day, and would try to guess which star the boy was following in search of his treasure. She would have to send her kisses on the wind, hoping that the wind would touch the boy’s face, and would tell him that she was alive. That she was waiting for him, a woman awaiting a courageous man in search of his treasure.","ml_IN: ഇനിമുതല്‍ തന്റെ ജീവിതത്തില്‍ ഏറ്റവും പ്രധാനപ്പെട്ടത്‌ ഈ മരുഭുമി യായിരിക്കും. അവിടെ എവിടെയോ തന്റെ പ്രിയപ്പെട്ടവനുണ്ട്‌. ഏതു നക്ഷ ത്രത്തെ ആയിരിക്കും അവന്‍ പിന്‍തുടരുന്നത്‌. ആരും കാണാതെ അവള്‍ കാറ്റിനു ചുംബനങ്ങള്‍ നല്‍കി. എവിടെയോ കിടക്കുന്ന തന്റെ പ്രിയതമന്റെ ചുണ്ടിലേക്ക്‌ തന്റെ ഉമ്മകള്‍ കാറ്റു പകര്‍ന്നു കൊടുക്കുമെന്ന്‌ അവള്‍ ആശിച്ചു. കാറ്റേ പോയി പറയൂ, അവനെ കാത്ത്‌ ഞാന്‍ ജീവനോടെ നാളെണ്ണി കഴിയുന്നുവെന്ന്‌. ഇനി മുതല്‍, നിധി തേടിപ്പോയ പരാക്രമിയായ 125 ആല്‍കെമിസ്റ്റ്‌ തന്റെ കാമുകന്റെ വരവും കാത്ത്‌ നിമിഷങ്ങള്‍ തള്ളിനീക്കുന്ന യുവതിയാണ്‌ താന്‍. തന്റെ കണ്ണില്‍ മരുഭൂമി ഇപ്പോള്‍ ഒരു പ്രതീകം മാത്രം. അവന്‍ തിരിച്ചുവരും എന്ന പ്രതീക്ഷയുടെ പ്രതീകം."
"en_XX: “Everything is written in the Soul of the World, and there it will stay forever.”",ml_IN: “ഇതെല്ലാം പ്രപഞ്ചത്തിന്റെ ആത്മാവില്‍ നേരത്തെ എഴുതപ്പെട്ടു കഴിഞ്ഞ താണ്‌. ഇനി അതിന്‌ യാതൊരു മാറ്റവുമുണ്ടാകില്ല.”
en_XX: The man was speaking the language of alchemy. But the boy knew that he was referring to Fatima.,"ml_IN: ആല്‍കെമിസ്റ്റിന്റെ ഭാഷയാണ്‌ അയാള്‍ സംസാരിച്ചിരുന്നത്‌. എന്നാലും അവനു മനസ്സിലായി, അയാള്‍ സൂചിപ്പിച്ചത്‌ ഫാത്തിമയെ ആണെന്ന്‌."
"en_XX: It was difficult not to think about what he had left behind. The desert, with its endless monotony, put him to dreaming. The boy could still see the palm trees, the wells, and the face of the woman he loved. He could see the Englishman at his experiments, and the camel driver who was a teacher without realizing it. Maybe the alchemist has never been in love, the boy thought.","ml_IN: മരുഭൂമിയില്‍ക്കുടിയുള്ള വിരസമായ അന്തമില്ലാത്ത യാത്ര. പകല്‍ക്കിനാക്ക ളില്‍ മുഴുകാന്‍ മനസ്സിനു വേണ്ട്ര്ത സമയം. അവന്റെ മനോമുകുരത്തില്‍ ആ ഈന്തല്‍തോപ്പുകളും കിണറും ഫാത്തിമയുടെ മുഖവും അപ്പോഴും മിഴിവാര്‍ന്നു നിന്നു. ഇംഗ്ലീഷുകാരനും അയാളുടെ പരീക്ഷണങ്ങളും, സ്വയ മറിയാതെ തന്റെ ഗുരുവായിത്തീര്‍ന്ന ആ ഒട്ടകക്കാരനും... ഓര്‍മ്മകളില്‍ അവ നോടൊപ്പം യാത ചെയ്തു. ഇടയിലെപ്പോഴോ അവന്റെ മനസ്സിലൊരു തോന്നല്‍, ഈ ആല്‍കെമിസ്റ്റ്‌ ഒരിക്കലും ഒരാളെയും പ്രേമിച്ചിട്ടുണ്ടാവില്ലേ?"
"en_XX: “There is only one way to learn,” the alchemist answered. “It’s through action. Everything you need to know you have learned through your journey. You need to learn only one thing more.”",ml_IN: “ശരിയാണ്‌. അതൊക്കെ മനസ്സിലാക്കാന്‍ ഒരു മാര്‍ഗ്ഗമേയുള്ളു. സ്വന്തം അനുഭവം.” അയാള്‍ പറഞ്ഞു. “പഠിക്കേണ്ടതൊക്കെ ഈ യാത്രയിക്കിടയില്‍ നീ പഠിച്ചു കഴിഞ്ഞിരിക്കുന്നു. ഇനി അറിയേണ്ടതായി ഒന്നു മാ്രം.
"en_XX: The boy wanted to know what that was, but the alchemist was searching the horizon, looking for the falcon.","ml_IN: അതെന്താണെന്നറിയാന്‍ അവന്‌ തിടുക്കമായി. പക്ഷേ, ആല്‍കെമി സ്റ്റിന്റെ ശ്രദ്ധ അകലെ ച്രകവാളത്തിലായിരുന്നു. ഇര തേടിപ്പോയ കഴു കനെ തിരയുകയായിരുന്നു ആ കണ്ണുകള്‍."
en_XX: “Why are you called the alchemist?”,ml_IN: “നിങ്ങളെ എല്ലാവരും ആല്‍കെമിസ്റ്റ്‌ എന്നു വിളിക്കുന്നതെന്തു കൊണ്ടാണ്‌?” അവന്റെ ചോദ്യം.
en_XX: “And what went wrong when other alchemists tried to make gold and were unable to do so?”,ml_IN: “പല ആല്‍കെമിസ്റ്റുകളും മറ്റു ലോഹങ്ങളുരുക്കി മാക്കാന്‍ ശ്രമിച്ചിട്ട്‌ പരാജയപ്പെട്ടിട്ടുണ്ടല്ലോ. അതെന്തുകൊണ്ടാണ്‌?
"en_XX: “They were looking only for gold,” his companion answered.","ml_IN: “അവര്‍ മോഹിച്ചത്‌ വെറും സ്വര്‍ണ്ണത്തിനുവേണ്ടിമാത്രമാണ്‌""”"
en_XX: “What is it that I still need to know?” the boy asked.,ml_IN: “ഞാന്‍ പഠിക്കേണ്ടതായി ഇനിയും എന്തെങ്കിലുമൊന്ന്‌ ബാക്കി യുണ്ടോ?”
"en_XX: “I’m an alchemist simply because I’m an alchemist,” he said, as he prepared the meal. “I learned the science from my grandfather, who learned from his father, and so on, back to the creation of the world. In those times, the Master Work could be written simply on an emerald. But men began to reject simple things, and to write tracts, interpretations, and philosophical studies. They also began to feel that they knew a better way than others had. Yet the Emerald Tablet is still alive today.”","ml_IN: 127 ആല്‍കെമിസ്റ്റ്‌ “ഞാനൊരു പഴഞ്ചന്‍ ആല്‍കെമിസ്റ്റാണ്‌,” ഭക്ഷണം പാകം ചെയ്യവേ അയാള്‍ പറഞ്ഞു: “ഞാന്‍ എന്റെ മുത്തച്ഛനില്‍നിന്നാണ്‌ ഈ വിദ്യ പഠി ച്ചത്‌. അദ്ദേഹം അദ്ദേഹത്തിന്റെ അച്ഛനില്‍നിന്ന്‌. അങ്ങനെ പരമ്പരാഗത മായി കൈമാറിക്കിട്ടിയ അറിവ്‌. പുറകോട്ടു പോയാല്‍ സൃഷ്ടിയുടെ ആരംഭ ത്തില്‍ ചെന്നെത്താം. പുരാതന കാലത്ത്‌ ഈ വിദ്യയുടെ രഹസ്യം കുറി ച്ചിട്ടിരുന്നത്‌ ഒരു മരതകക്കല്ലിന്റെ ഉപരിതലത്തിലായിരുന്നു. അത്രയ്ക്കും (ഹസ്വവും ലളിതവും. കാലം ചെന്നപ്പോള്‍ ലളിതമായ ആശയങ്ങള്‍ക്ക്‌ വില പോരെന്നു വന്നു. അതേ ആശയത്തെ കുറിച്ചുതന്നെ നീണ്ട നീണ്ട പ്രബന്ധങ്ങളും വ്യാഖാനങ്ങളും തയ്യാറാക്കപ്പെട്ടു. ഓരോരുത്തരും ഭാവിച്ചു; താന്‍ മറ്റുള്ളവരെക്കാള്‍ കൂടുതല്‍ മനസ്സിലാക്കിയിരിക്കുന്നുവെന്ന്‌. എന്നാല്‍ വാസ്തവം പറഞ്ഞാല്‍ ഇന്നും ആ മരതകഫലകം അതേപോലെതന്നെ യുണ്ട്‌.”"
en_XX: “What was written on the Emerald Tablet?” the boy wanted to know.,ml_IN: “അതിലെന്താണ്‌ എഴുതിയിട്ടുള്ളത്‌?” അതറിയാന്‍ അവന്‌ ധൃതിയായി.
en_XX: The boy tried to read what was written in the sand.,ml_IN: മണലില്‍ എഴുതിയിട്ടിരിക്കുന്നതെന്താണെന്നറിയാന്‍ അവനൊരു ശ്രമം നടത്തി. “ഇതെന്തോ രഹസ്യ ഭാഷയാണല്ലോ.
"en_XX: “It’s a code,” said the boy, a bit disappointed. “It looks like what I saw in the Englishman’s books.”",ml_IN: ആ ഇംഗ്ലീഷുകാരന്റെ കൈ യിലുള്ള പുസ്തകത്തിലും ഞാന്‍ ഇതുപോലെ ചിലതു കാണുകയു ണ്ടായി.”
"en_XX: “Listen to your heart. It knows all things, because it came from the Soul of the World, and it will one day return there.”","ml_IN: “സ്വന്തം ആത്മാവിലേക്കു ശ്രദ്ധതിരിക്കുക. അതിനറിയാത്തതായി ഒന്നുംതന്നെയില്ല. കാരണം, ഈ പ്രപഞ്ചാത്മാവില്‍നിന്നാണ്‌ അത്‌ രൂപം കൊണ്ടിരിക്കുന്നത്‌. ഒരു നാള്‍ അതില്‍ത്തന്നെ ചെന്നു ചേരുകയും ചെയ്യും.”"
"en_XX: THEY CROSSED THE DESERT FOR ANOTHER TWO DAYS IN silence. The alchemist had become much more cautious, because they were approaching the area where the most violent battles were being waged. As they moved along, the boy tried to listen to his heart.",ml_IN: രുഭൂമിയില്‍ക്കൂടി പിന്നെയും രണ്ടു ദിവസത്തെ യാത്ര. രണ്ടുപേരും ഇട റി ലൊന്നും സംസാരിക്കുകയുണ്ടായില്ല. ആല്‍കെമിസ്റ്റ്‌ പതിവില്‍ കൂടുതല്‍ ജാഗ്രത പുലര്‍ത്തി. കടുത്ത പോരാട്ടം നടന്നുകൊണ്ടിരിക്കുന്ന പ്രദേശത്തിനു സമീപത്തുകുടിയായിരുന്നു അപ്പോള്‍ അവര്‍ യാത്ര ചെയ്തി രുന്നത്‌. അവന്‍ കൂടുതല്‍ കുടുതല്‍ അന്തര്‍മുഖനായി. സ്വന്തം ഹൃദയ ത്തിന്റെ വാക്കുകള്‍ ക്കായി കാതോര്‍ത്തു.
"en_XX: It was not easy to do; in earlier times, his heart had always been ready to tell its story, but lately that wasn’t true. There had been times when his heart spent hours telling of its sadness, and at other times it became so emotional over the desert sunrise that the boy had to hide his tears. His heart beat fastest when it spoke to the boy of treasure, and more slowly when the boy stared entranced at the endless horizons of the desert. But his heart was never quiet, even when the boy and the alchemist had fallen into silence.","ml_IN: മറ്റു ചിലപ്പോള്‍ വല്ലാതെ വികാരാധീനനാകും; പ്രത്യകിച്ചും മരുഭൂമിയിലെ പുലർകാലങ്ങളിൽ. അവന്റെ കണ്ണുകള്‍ താനറിയാതെ നിറഞ്ഞു തുളുമ്പും. നിധിയെപ്പറ്റി ഓര്‍ക്കാന്‍ തുടങ്ങുമ്പോഴാണ്‌ ഹൃദയം ഏറ്റവും വേഗം മിടിക്കുക. അനന്തമായ ച്ക്രവാളങ്ങളിലേക്കു കണ്ണും നട്ട സ്വയം മറന്നിരിക്കുമ്പോള്‍ ഹൃദയത്തുടിപ്പുകള്‍ തനിയെത്തന്നെ മെല്ലെ യാകും. എന്നാലും അതൊരിക്കലും ശാന്തമാകാറില്ല രണ്ടുപേരും മൌന ത്തിന്റെ അഗാധതയില്‍ ആണ്ടുപോകുമ്പോള്‍ പോലും. “അവനവന്റെ മനസ്സിനുനേരെ ശ്രദ്ധ തിരിക്കണമെന്നു പറഞ്ഞില്ലേ, അതിന്റെ ഉദ്ദേശ്യ മെന്താണ്‌?” അവന്‍ ചോദിച്ചു. അന്നത്തെ യാത്ര അവസാനിപ്പിച്ച്‌ അവര്‍ വിശ്രമിക്കാന്‍ തയ്യാറാവുകയായിരുന്നു. “നിന്റെ മനസ്സെവിടെയാണോ അവി ടെത്തന്നെയാണ്‌ നീ തേടുന്ന നിധിയും.”"
"en_XX: “But my heart is agitated,” the boy said. “It has its dreams, it gets emotional, and it’s become passionate over a woman of the desert.","ml_IN: “പക്ഷേ, എന്റെ മനസ്സ്‌ വല്ലാതെ അസ്വസ്ഥമാണല്ലോ?” അവന്‍ സങ്കട പ്പെട്ടു: “അതിന്റെ സ്വപ്നങ്ങള്‍. വികാരങ്ങള്‍. മരുഭൂമിയില്‍ വിട്ടിട്ടുപോന്ന ആ പെണ്‍കുട്ടിയോടു തോന്നുന്ന തീരവമായ പ്രേമം. മനസ്സിന്റെ പ്രേരണ കള്‍. എനിക്കു തടുക്കാനാകുന്നില്ല. അവളെക്കുറിച്ചോര്‍ത്ത്‌ രാത്രി എനിക്കുറ ങ്ങാനും പറ്റുന്നില്ല.”"
"en_XX: “Well, that’s good. Your heart is alive. Keep listening to what it has to say.”","ml_IN: 3129 ആല്‍കെമിസ്റ്റ്‌ “കൊള്ളാം, അത്‌ നല്ല കാര്യമാണല്ലോ. നിന്റെ ഹൃദയം സജീവ മാണെന്നതിന്റെ ലക്ഷണം. ഇനിയും കാതോര്‍ത്തുകൊണ്ടിരിക്കു. അതിനു പറയാനുള്ളതൊക്കെ കേള്‍ക്കു.”"
"en_XX: During the next three days, the two travelers passed by a number of armed tribesmen, and saw others on the horizon. The boy’s heart began to speak of fear. It told him stories it had heard from the Soul of the World, stories of men who sought to find their treasure and never succeeded. Sometimes it frightened the boy with the idea that he might not find his treasure, or that he might die there in the desert. At other times, it told the boy that it was satisfied: it had found love and riches.",ml_IN: അടുത്ത മൂന്നു ദിവസത്തെ യാത്രയ്ക്കിടയില്‍ ആയുധധാരികളായ പല രെയും ഇടയ്ക്കിടെ വഴിയില്‍ കണ്ടു. ഏതോ പ്രത്യേക ഗോത്രത്തില്‍ പ്പെട്ടവരായിരുന്നു അവര്‍. അകലെ മാറി വേറെയും സൈനികരെ കാണുക യുണ്ടായി. അവന്റെ ഹൃദയം ഭയത്തെക്കുറിച്ചു പറയാന്‍ തുടങ്ങി. പ്രപഞ്ച ചേതനയില്‍നിന്ന്‌ പകര്‍ന്നുകിട്ടിയ വസ്തുതകള്‍; കൂട്ടത്തില്‍ നിധിതേടിയ ലഞ്ഞ്‌ പരാജയപ്പെട്ടവരുടെ കഥകളും. അതു കേള്‍ക്കേ അവനും ആശങ്ക തോന്നി. തന്റെ ഗതിയും അതാകുമോ? തേടിപ്പോകുന്ന നിധി കൈക്കലാ ക്കാന്‍ കഴിയാതെ തോറ്റ്‌ പിന്‍തിരിയേണ്ടിവരുമോ? അതോ ഈ മണല്‍ പരപ്പിലെവിടെയെങ്കിലും താന്‍ മമരിച്ചുവീണേക്കുമോ?
"en_XX: “Well, then, why should I listen to my heart?”",ml_IN: ൂ “അങ്ങനെയാണെങ്കില്‍ ഞാന്‍ അതു പറയുന്നത്‌ കേള്‍ക്കേണ്ട കാര്യ മില്ലല്ലൊ?”
"en_XX: “Because you will never again be able to keep it quiet. Even if you pretend not to have heard what it tells you, it will always be there inside you, repeating to you what you’re thinking about life and about the world.”","ml_IN: അതു പറ്റില്ല. ഇനിയൊരിക്കലും സ്വന്തം ഹൃദയത്തിന്റെ വായ മൂടാന്‍ നിനക്കാവില്ല. നീ കേള്‍ക്കുന്നില്ലെന്നു നടിച്ചാലും നിന്റെ ഉള്ളിലിരുന്ന്‌ അതു പറഞ്ഞുകൊണ്ടേയിരിക്കും. ലോകത്തെക്കുറിച്ച്‌, ജീവിതത്തെക്കുറിച്ച്‌ നിന ക്കുള്ള വിചാരങ്ങള്‍.”"
"en_XX: “Treason is a blow that comes unexpectedly. If you know your heart well, it will never be able to do that to you. Because you’ll know its dreams and wishes, and will know how to deal with them.",ml_IN: വിശ്വാസവഞ്ചന ഓര്‍ക്കാപ്പുറത്തു കിട്ടുന്ന ഒരടിയാണ്‌. ഹൃദയത്തെ പൂര്‍ണ്ണമായും മനസ്സിലാക്കിക്കഴിഞ്ഞാല്‍ പിന്നെ ഒരിക്കലും അതു നിന്നെ വഞ്ചിക്കുകയില്ല. അതിന്റെ മോഹങ്ങളും സങ്ക്ലപങ്ങളും നിനക്ക്‌ തൊട്ടറിയാ നാകും. അവ കൈകാര്യം ചെയ്യേണ്ടതെങ്ങനെ എന്നും നീ ക്രമേണ പഠിക്കും.
"en_XX: “You will never be able to escape from your heart. So it’s better to listen to what it has to say. That way, you’ll never have to fear an unanticipated blow.”",ml_IN: “ഭയത്തിനടിമപ്പെടരുത്. പിന്നെ ഹൃദയത്തിന്റെ വാക്കുകള്‍ കേള്‍ക്കാന്‍ പറ്റാതെയാകും.” അയാളുടെ സ്വരം വളരെ ശാന്തമായിരുന്നു.
"en_XX: “Even though I complain sometimes,” it said, “it’s because I’m the heart of a person, and people’s hearts are that way. People are afraid to pursue their most important dreams, because they feel that they don’t deserve them, or that they’ll be unable to achieve them. We, their hearts, become fearful just thinking of loved ones who go away forever, or of moments that could have been good but weren’t, or of treasures that might have been found but were forever hidden in the sands. Because, when these things happen, we suffer terribly.”","ml_IN: മനുഷ്യന്റെ ഹൃദയം, അതിങ്ങനെയൊക്കെത്തന്നെയാണ്‌..' അവനെ പറഞ്ഞു മനസ്സിലാ ക്കുകയായിരുന്നു അവന്റെ ഹൃദയം. പലര്‍ക്കും വലിയ വലിയ സ്വപ്നങ്ങള്‍ കാണും. പക്ഷേ, അതൊന്നും സഫലമാക്കി കിട്ടാനായി അവര്‍ ശ്രമിക്കാറില്ല. അത്രയ്ക്കൊന്നും താനര്‍ഹിക്കുന്നില്ല എന്ന്‌ ഒരു സ്വയം വിശ്വാസമില്ലായ്മ. അല്ലെങ്കില്‍ തന്നെക്കൊണ്ട്‌ അതിനൊന്നു മാവില്ല എന്ന പരാജയഭീതി,” ഹൃദയം പറഞ്ഞുകൊണ്ടടേയിരുന്നു: “മടക്ക യാത്രയില്ലാത്ത വഴിയിലൂടെ എന്നെന്നേക്കുമായി ഇറങ്ങിത്തിരിക്കുന്ന പ്രിയ പ്പെട്ടവര്‍. തൊട്ടു തൊട്ടില്ല എന്ന മട്ടില്‍ കൈയില്‍നിന്നു വഴുതിപ്പോകുന്ന സൌഭാഗ്യങ്ങള്‍. ഒന്നു തോണ്ടിയാല്‍ കിട്ടുമെന്നിരിക്കേ കാണാമറയത്തു കാത്തുകിടക്കുന്ന നിധികള്‍. ഇതൊക്കെയോര്‍ത്ത്‌ ഞങ്ങള്‍, മനുഷ്ൃഹൃദയ ങ്ങള്‍, വ്യാകുലപ്പെടാറുണ്ട്‌. അങ്ങനെയൊക്കെ സംഭവിക്കുമ്പോള്‍ കഠിന മായ വേദനയും അനുഭവിക്കാറുണ്ട്‌.”"
"en_XX: “My heart is afraid that it will have to suffer,” the boy told the alchemist one night as they looked up at the moonless sky.",ml_IN: നിലാവില്ലാത്തൊരു രാത്രി. വെറുതെ മാനത്തേക്കു നോക്കി കിടക്കവേ അവന്‍ ആല്‍കെമിസ്റ്റിനോടു പറഞ്ഞു: “ഒടുവില്‍ വല്ലാതെ ദുഃഖിക്കേണ്ടി വരുമെന്നോര്‍ത്ത്‌ എന്റെ മനസ്സ്‌ പരിര്രമിക്കുന്നു.”
"en_XX: “Tell your heart that the fear of suffering is worse than the suffering itself. And that no heart has ever suffered when it goes in search of its dreams, because every second of the search is a second’s encounter with God and with eternity.”","ml_IN: “എന്നാല്‍ നിന്റെ ഹൃദയത്തോട്‌ പറഞ്ഞേക്ക്‌, അതുകൊണ്ട്‌ യാതൊരു പ്രയോജനവുമില്ലെന്ന്‌. യഥാര്‍ത്ഥ വേദനയെക്കാള്‍ ഭയങ്കരമാണ്‌ വേദനി ക്കേണ്ടിവരുമല്ലൊ എന്നു പേടിച്ചുകൊണ്ടുള്ളു വേദന. അല്ലെങ്കിലും ഇതു പോലെ സ്വന്തം സ്വപ്നം സാക്ഷാത്കരിക്കാനുള്ള യാത്രയില്‍ ഒരു ഹൃദ യവും നോവനുഭവിക്കേണ്ടതില്ല. കാരണം, ഈ അന്വേഷണത്തിലെ ഓരോ നിമിഷവും അയാളെ ഈശ്വരന്റെ അനന്തശക്തിയോട്‌ കൂടുതല്‍ കൂടുതല്‍ അടുപ്പിക്കുന്നു. ഓരോ നിമിഷവും ഈശ്വരനുമായുള്ള ഒരു നിമിഷത്തെ കൂടിക്കാഴ്ചയാണ്‌.”"
"en_XX: So his heart was quiet for an entire afternoon. That night, the boy slept deeply, and, when he awoke, his heart began to tell him things that came from the Soul of the World. It said that all people who are happy have God within them. And that happiness could be found in a grain of sand from the desert, as the alchemist had said.",ml_IN: 131 ആല്‍കെമിസ്റ്റ്‌ അന്നുച്ചമുഴുവന്‍ അവന്റെ മനസ്സ്‌ ശാന്തമായിരുന്നു. രാത്രി സുഖമായി ഉറങ്ങാനും സാധിച്ചു. രാവിലെ എഴുന്നേറ്റപ്പോള്‍ വീണ്ടും മനസ്സ്‌ മ്രത്രിക്കാന്‍ തുടങ്ങി. പ്രപഞ്ചാത്മാവിന്റെ മാറ്റൊലിയായിരുന്നു അതത്രയും. ഈശ്വരന്റെ സാന്നിദ്ധ്യമുള്ള മനസ്സ്‌ സ്വസ്ഥവും സന്തുഷ്ടവുമായിരിക്കും. ആല്‍കെ മിസ്റ്റ്‌ പറയുംപോലെ മരുഭൂമിയിലെ മണല്‍ത്തരിയിലും ആനന്ദം കണ്ടെ ത്താനാകും. അനുസ്യൂതമായി തുടര്‍ന്നുപോകുന്ന സൃഷ്ടി. അതിലെ ഒരു നിമിഷാംശം മാത്രമല്ലേ ഈ മണല്‍ത്തരി. അങ്ങനെ കോടാനുകോടി വര്‍ഷ ങ്ങളിലൂടെ തുടര്‍ ന്നുപോകുന്ന പ്രക്രിയയുടെ ഫലമല്ലേ ഈ പ്രപഞ്ചം.
"en_XX: Later, we simply let life proceed, in its own direction, toward its own fate. But, unfortunately, very few follow the path laid out for them—the path to their Personal Legends, and to happiness. Most people see the world as a threatening place, and, because they do, the world turns out, indeed, to be a threatening place.","ml_IN: കഷ്ടമെന്നല്ലാതെ എന്തു പറയാന്‍. അപൂര്‍വം ചിലര്‍ മാത്രമേ അവരവരുടെ ജീവിതത്തിന്റെ ദൌത്യം ഗ്രഹിക്കുന്നുള്ളൂു. ആ ലക്ഷ്യത്തിലേക്കു മുന്നേറി സന്തുഷ്ടി കൈവരിക്കുന്നുള്ളൂ. പലരുടെയും കാഴ്ചപ്പാടില്‍ ഈ ലോകം വളരെയേറെ ഭയപ്പെടേണ്ട എന്തോ ഒന്നാണ്‌. അതുകൊണ്ടുതന്നെ അവരുടെ മുമ്പില്‍ ലോകവും നിന്നുകൊടുക്കുന്നു, ഭയപ്പെടുത്തുന്ന എന്തോ സ്വരൂപ മായി."
"en_XX: “So, we, their hearts, speak more and more softly. We never stop speaking out, but we begin to hope that our words won’t be heard: we don’t want people to suffer because they don’t follow their hearts.”","ml_IN: “അതുകൊണ്ടാണ്‌ ഞങ്ങള്‍ ഹൃദയങ്ങള്‍ എപ്പോഴും സ്വകാര്യം പറയു ന്നത്‌. കേള്‍ക്കുന്നില്ലെങ്കില്‍ വേണ്ട എന്ന ഭാവത്തില്‍ എല്ലാം കേള്‍ക്കു ന്നുണ്ട്‌. പക്ഷേ, ആ വഴി നടക്കാന്‍ വയ്യ എന്ന മനസ്താപം ആര്‍ക്കും ഉണ്ടാ കരുതല്ലേ. എന്നാലും മിണ്ടാതിരിക്കാന്‍ ഞങ്ങള്‍ക്കാവില്ല.”"
en_XX: “So what should I do now?” the boy asked.,ml_IN: അവന്‍ ചോദിച്ചു; “ഇനി ഞാന്‍ എന്താണ്‌ ചെയ്യേണ്ടത്‌?”
"en_XX: Three armed tribesmen approached, and asked what the boy and the alchemist were doing there.",ml_IN: ആയുധധാരികളായ മൂന്നു ഗോത്രവര്‍ഗ്ഗക്കാര്‍. അവര്‍ രണ്ടുപേരും അവിടെ എന്തു ചെയ്യുന്നു എന്നവര്‍ക്കറിയണം.
"en_XX: “I’m hunting with my falcon,” the alchemist answered.",ml_IN: “ഞാനോ? എന്റെ പരുന്തിനെ തീറ്റുന്നു.” അയാളുടെ മറുപടി.
"en_XX: “We’re going to have to search you to see whether you’re armed,” one of the tribesmen said.",ml_IN: “എന്തായാലും നിങ്ങളെ പരിശോധിക്കേണ്ടിയിരിക്കുന്നു; ആയു ധങ്ങളെന്തെങ്കിലും കൈവശമുണ്ടോ എന്നറിയണം.” അവരിലൊരാള്‍ പറഞ്ഞു.
"en_XX: The alchemist dismounted slowly, and the boy did the same.",ml_IN: ആല്‍കെമിസ്റ്റ്‌ കുതിരപ്പുറത്തുനിന്നും മെല്ലെ ഇറങ്ങി; ഒപ്പം അവനും.
"en_XX: “Why are you carrying money?” asked the tribesman, when he had searched the boy’s bag.",ml_IN: “കൈയില്‍ പണം കരുതിയിരിക്കുന്നതെന്തിനാണ്‌?” ചോദ്യം അവനോ ടായിരുന്നു. പരിശോധനയ്ക്കിടയില്‍ അവന്റെ സഞ്ചിയിലുള്ള പണം അവര്‍ കണ്ടെത്തിയിരുന്നു.
"en_XX: “I need it to get to the Pyramids,” he said.",ml_IN: “ഞാന്‍ പിരമിഡു കാണാന്‍ പോകുകയാണ്‌.” അവന്‍ പറഞ്ഞു.
"en_XX: They continued across the desert. With every day that passed, the boy’s heart became more and more silent. It no longer wanted to know about things of the past or future; it was content simply to contemplate the desert, and to drink with the boy from the Soul of the World. The boy and his heart had become friends, and neither was capable now of betraying the other.",ml_IN: അവര്‍ പിന്നെയും യാര്ര തുടര്‍ന്നു. ഓരോ ദിവസം ചെല്ലുന്തോറും അവന്റെ മനസ്സ്‌ കൂടുതല്‍ കൂടുതല്‍ നിശ്ശൂബ്ദമാകുന്നതുപോലെ. ഇപ്പോള്‍ അതിനൊന്നുംതന്നെ പറയാനില്ല എന്ന മട്ട്‌. കഴിഞ്ഞതും വരാന്‍ പോകു ന്നതും ഒന്നും. മരുഭൂമിയില്‍ പാടെ അലിഞ്ഞുചേര്‍ന്നതുപോലെ. യാതൊരു തരത്തിലുള്ള വിചാരങ്ങളും അതിനെ ബാധിക്കുന്നില്ല എന്ന ഭാവം. അവനും അവന്റെ മനസ്സും പൂര്‍ണ്ണമായും ഒന്നായിക്കഴിഞ്ഞിരുന്നു. രണ്ടും ഒരുപോലെ പ്രപഞ്ചാത്മാവിന്റെ ഭാഗങ്ങള്‍.
en_XX: “Does that mean that I’ll never run into danger?”,ml_IN: “അതിന്റെ അര്‍ത്ഥം എനിക്കൊരിക്കലും ഒരാപത്തും പറ്റുകയില്ലെ ന്നാണോ?”
"en_XX: “It means only that the heart does what it can,” the alchemist said.",ml_IN: “അതിന്റെ അര്‍ത്ഥം തന്നാലാവുന്നവിധത്തിലൊക്കെ അതു നിന്നെ സഹായിക്കും എന്നു മാത്രമാണ്‌.” ആല്‍കെമിസ്റ്റ്‌ പറഞ്ഞു.
"en_XX: One afternoon, they passed by the encampment of one of the tribes. At each corner of the camp were Arabs garbed in beautiful white robes, with arms at the ready. The men were smoking their hookahs and trading stories from the battlefield. No one paid any attention to the two travelers.",ml_IN: ഒരു ദിവസം ഉച്ചനേരത്ത്‌ ഏതോ ഒരു ഗോത്രക്കാരുടെ പട്ടാളത്താവള ത്തിനരികില്‍ക്കൂടി അവര്‍ കടന്നുപോയി. അതിന്റെ നാലു മൂലകളിലും വെള്ളവസ്ത്രം ധരിച്ച അറബിയോദ്ധാക്കള്‍ കാവല്‍ നിന്നിരുന്നു.
"en_XX: The alchemist sounded angry: “Trust in your heart, but never forget that you’re in the desert. When men are at war with one another, the Soul of the World can hear the screams of battle. No one fails to suffer the consequences of everything under the sun.”","ml_IN: അതു കേട്ടപ്പോള്‍ അയാള്‍ക്കു ശുണ്ഠിവന്നു: “സ്വന്തം ഹൃദയത്തെ വിശ്വസിക്കുന്നതു നല്ലതുതന്നെ. പക്ഷേ, നമ്മള്‍ മരുഭൂമിയുടെ നടുവിലാ ണെന്ന്‌ ഓര്‍മ്മവേണം. മനുഷ്യര്‍ തമ്മിലുള്ള ഈ പോരാട്ടം. പോര്‍ക്കളത്തില്‍ നിന്നുള്ള നിലവിളികള്‍ പ്രപഞ്ചത്തിന്റെ ആത്മാവും കേള്‍ക്കുന്നുണ്ട്‌. സൂര്യ നുതാഴെ ഈ ലോകത്തില്‍ എന്തു തന്നെ നടന്നാലും അത്‌ ഇവിടെയുള്ള എല്ലാ ജീവജാലങ്ങളേയും ബാധിക്കുന്നു.”"
"en_XX: “You can’t go any farther,” one of them said. “You’re in the area where the tribes are at war.”",ml_IN: “യുദ്ധം നടക്കുന്ന പ്രദേശമാണ്‌. ഇനി നിങ്ങള്‍ മുമ്പോട്ടു പോയ്ക്കൂട.”
"en_XX: “I’m not going very far,” the alchemist answered, looking straight into the eyes of the horsemen. They were silent for a moment, and then agreed that the boy and the alchemist could move along.",ml_IN: “ഞാന്‍ അധികം ദൂരത്തേക്കൊന്നും പോകുന്നില്ല.” അവരുടെ കണ്ണുക ളിലേക്ക്‌ ഉറ്റുനോക്കിക്കൊണ്ട്‌ ആല്‍കെമിസ്റ്റ്‌ പറഞ്ഞു. അവര്‍ രണ്ടു നിമിഷം എന്തോ ആലോചിച്ചുനിന്നു. പിന്നെ യാത്ര തുടര്‍ന്നോളൂ എന്ന്‌ അനുവാദം കൊടുത്തു.
"en_XX: That’s true, the boy thought. He had noticed that, in the midst of the multitude of armed men back at the encampment, there had been one who stared fixedly at the two. He had been so far away that his face wasn’t even visible. But the boy was certain that he had been looking at them.","ml_IN: 135 ആല്‍കെമിസ്റ്റ്‌ വാസ്തവമാണെന്ന്‌ അവനും തോന്നി. കടന്നുപോന്ന പട്ടാളക്യാമ്പില്‍ അനവധി പട്ടാളക്കാരുണ്ടായിരുന്നു. അതില്‍ ഒരാള്‍മാത്രം അവരെത്തന്നെ ഉറ്റുനോക്കിക്കൊണ്ടിരുന്നു. എത്ര അകലെയായിരുന്നു അയാള്‍; മുഖം പോലും വ്യക്തമായിരുന്നില്ല. എന്നാലും അവനു തീര്‍ച്ചയായിരുന്നു, ആ കണ്ണുകള്‍ തങ്ങളെത്തന്നെ നിരീക്ഷിക്കുകയാണെന്ന്‌."
"en_XX: Finally, when they had crossed the mountain range that extended along the entire horizon, the alchemist said that they were only two days from the Pyramids.",ml_IN: ഒടുവില്‍ അവര്‍ ആ മലനിരകളും കടന്നു ചെന്നു. ച്ര്രവാളസീമയില്‍ ഉടനീളം കണ്ടിരുന്ന മലകള്‍. “ഇനി പിരമിഡുകളിലെത്താന്‍ രണ്ടു ദിവസം മതിയാകും.” അയാള്‍ പറഞ്ഞു.
"en_XX: “You already know about alchemy. It is about penetrating to the Soul of the World, and discovering the treasure that has been reserved for you.”",ml_IN: “ആ വിദ്യ നീ വശമാക്കിക്കഴിഞ്ഞല്ലോ. പ്രപഞ്ചത്തിന്റെ ആത്മാവിലേ ക്കിറങ്ങിച്ചെല്ലുക. അത്‌ നിനക്കുവേണ്ടി കാത്തുസൂക്ഷിച്ചുവെച്ചിട്ടുള്ള നിധി സ്വന്തമാക്കുക. അതുതന്നെയാണ്‌ ആല്‍കെമി.”
"en_XX: “No, that’s not what I mean. I’m talking about transforming lead into gold.”","ml_IN: “അതല്ല ഞാനുദ്ദേശിക്കുന്നത്‌.”""” അവന്‍ പിന്മാറിയില്ല: “എനിക്കു പഠിക്കേണ്ടത്‌, ഈയത്തെ എങ്ങനെ സ്വര്‍ണ്ണമാക്കിമാറ്റാമെന്നാണ്‌.”"
"en_XX: “Men have never understood the words of the wise. So gold, instead of being seen as a symbol of evolution, became the basis for conflict.”","ml_IN: “ അറിവുള്ളവരുടെ വാക്കുകള്‍ സാമാന്യജനങ്ങള്‍ വേണ്ടവിധം ഗ്രഹി ക്കുന്നില്ല. സ്വര്‍ണ്ണം ഒരു പ്രതീകം മാത്രമാണ്‌. പരിണാമത്തിന്റെ, വികാസ ത്തിന്റെ, ഉച്ചകോടി. അതു മനസ്സിലാക്കാന്‍ കഴിവില്ലാത്ത മനുഷ്യന്‍, അതിനെ ഒരു ദ്രവ്യമായി കാണുന്നു. അതിന്റെ പേരില്‍ സംഘര്‍ഷങ്ങള്‍ ഉളവാക്കുന്നു.”"
"en_XX: “There was a time when, for me, a camel’s whinnying was nothing more than whinnying. Then it became a signal of danger. And, finally, it became just a whinny again.”","ml_IN: * ഓരോന്നിനും അതിന്റേതായ ഭാഷയുണ്ടല്ലോ,” അവന്‍ പറഞ്ഞു: “തുടക്കത്തില്‍ ഒട്ടകത്തിന്റെ അമറല്‍. എന്നെ സംബന്ധിച്ചിടത്തോളം അതിന്‌ പ്രത്യേകിച്ച്‌ അര്‍ത്ഥമൊന്നുമുണ്ടായിരുന്നില്ല. പിന്നെപ്പിന്നെ ഞാന്‍ മനസ്സിലാക്കി അത്‌ ആപത്തിന്റെ സൂചനയാണെന്ന്‌. ദാ ഒടുവിലിപ്പോള്‍ വീണ്ടും അത്‌ വെറും കരച്ചിലായിത്തീര്‍ന്നിരിക്കുന്നു.”"
"en_XX: “I have known true alchemists,” the alchemist continued. “They locked themselves in their laboratories, and tried to evolve, as gold had. And they found the Philosopher’s Stone, because they understood that when something evolves, everything around that thing evolves as well.","ml_IN: “യഥാര്‍ത്ഥ ആല്‍കെമിസ്റ്റുകളെ ഞാന്‍ കണ്ടിട്ടുണ്ട്‌. അവര്‍ പരീക്ഷണ ശാലകളില്‍ അടച്ചുപൂട്ടി ഇരുന്ന്‌ ഒന്നില്‍നിന്ന്‌ കൂടുതല്‍ മെച്ചപ്പെട്ട മറ്റൊ ന്നിനെ വികസിപ്പിച്ചെടുക്കാനുള്ള ശ്രമം നടത്തുന്നു. പരിണാമ്പ്രക്രിയയി ലൂടെ പ്രകൃതി സ്വര്‍ണ്ണത്തിനു രൂപം കൊടുത്തില്ലേ, അതുപോലെ. ആ ശ്രമത്തിനിടയില്‍ കണ്ടുകിട്ടിയതാണ്‌ ചിന്താമണി. അതോടെ ഒരു കാര്യം 136 ആല്‍കെമിസ്റ്റ്‌ കൂടി അവര്‍ മനസ്സിലാക്കി. ഒന്നിനെ മാര്രമായി വികസിപ്പിച്ചെടുക്കുക സാദ്ധ്യ മല്ല. അതിനോടൊപ്പം അതിന്റെ ചുറ്റുമുള്ളതെല്ലാംതന്നെ ആ പരിണാമ ത്തിനു വിധേയമാകുന്നു.”"
"en_XX: “And then there were the others, who were interested only in gold. They never found the secret. They forgot that lead, copper, and iron have their own Personal Legends to fulfill. And anyone who interferes with the Personal Legend of another thing never will discover his own.”",ml_IN: ം “പിന്നെ വേറെ ചിലര്‍. സ്വര്‍ണ്ണത്തില്‍ മാത്രമേ അവര്‍ക്കു താത്പര്യ മുണ്ടായിരുന്നുള്ളു. അങ്ങനെയുള്ളവര്‍ക്കൊന്നും ആ രഹസ്യം കണ്ടെ ത്താനായില്ല. ഈയമായാലും ചെമ്പായാലും ഇരുമ്പായാലും അവയക്കൊ ക്കെയും അവയുടേതായ സ്ഥാനവും പ്രയോജനവും പ്രകൃതിയിലുണ്ടെന്ന്‌ അവര്‍ ഓര്‍മ്മിച്ചില്ല. ശ്രപഞ്ചത്തിലെ ഓരോ സൃഷ്ടിക്കും നിറവേറ്റുവാനായി അതിന്റേതായൊരു ദൌാത്യമുണ്ട്‌. ഇവിടെ ഒന്നുംതന്നെ വെറുതേ എന്നില്ല.
"en_XX: “This desert was once a sea,” he said.",ml_IN: “ഈ മരുഭൂമി പണ്ടുപണ്ട്‌ സമുദ്രമായിരുന്നു.” അയാള്‍ പറഞ്ഞു.
"en_XX: “I noticed that,” the boy answered.",ml_IN: “ആ ധൈര്യം കാട്ടിയത്‌ ഞാനാണ്‌.” അവന്‍ പറഞ്ഞു.
"en_XX: They were tribesmen dressed in blue, with black rings surrounding their turbans. Their faces were hidden behind blue veils, with only their eyes showing.",ml_IN: അവരും ഏതോ ഗോ്രത്തില്‍പ്പെട്ടവരായിരുന്നു. നീല നിറത്തിലുള്ള കുപ്പായങ്ങള്‍. തലപ്പാവിനു ചുറ്റും കറുത്ത വളയങ്ങള്‍. നീല മൂടുപടം കൊണ്ട്‌ മുഖമാകെ മൂടിയിരുന്നു. കണ്ണുകളുടെ സ്ഥാനത്തു മാത്രം രണ്ടു ദ്വാരങ്ങള്‍.
"en_XX: Even from a distance, their eyes conveyed the strength of their souls. And their eyes spoke of death.",ml_IN: അകലെനിന്നേ അവനു ബോദ്ധ്യമായി. ആ കണ്ണുകളില്‍ അവരുടെ ആത്മഭാവം സ്ഫുരിച്ചുനിന്നിരുന്നു. മരണത്തിന്‍െറ സന്ദേശമാണ്‌ അവന്‍ അവയില്‍ തെളിഞ്ഞുകണ്ടത്‌.
en_XX: THE TWO WERE TAKEN TO A NEARBY MILITARY CAMP. A soldier shoved the boy and the alchemist into a tent where the chief was holding a meeting with his staff.,ml_IN: രര്ഭപേരെയും അവര്‍ അരികിലുള്ള ഒരു പട്ടാളത്താവളത്തിലേക്ക്‌ പിടിച്ചുകൊണ്ടുപോയി. ഒരു പട്ടാളക്കാരന്‍ വന്നു രണ്ടാളെയും ഒരു മിച്ച്‌ ആ കൂടാരത്തിനുള്ളിലേക്ക്‌ തള്ളി. അവിടെ അവരുടെ തലവന്‍ കാര്യമാ യൊരു ചര്‍ച്ചയില്‍ ഏര്‍പ്പെട്ടിരിക്കുകയായിരുന്നു.
"en_XX: “These are the spies,” said one of the men.",ml_IN: “ദാ രണ്ടു ചാരന്മാര്‍.” ഭടന്മാരില്‍ ഒരാള്‍ അറിയിച്ചു.
"en_XX: “We’re just travelers,” the alchemist answered.","ml_IN: “അല്ല, ഞങ്ങള്‍ വെറും യാത്രക്കാരാണ്‌."
en_XX: “You were seen at the enemy camp three days ago. And you were talking with one of the troops there.”,"ml_IN: “നുണം” ഭടന്മാരില്‍ ഒരാള്‍ കയര്‍ത്തു, “മൂന്നു ദിവസം മുമ്പ്‌ ശത്രു പാളയത്തിനടുത്ത്‌ ഞാനിവരെ കാണുകയുണ്ടായി. അവരിലൊരാളുമായി ഇവര്‍ സംസാരിക്കുകയും ചെയ്തു.”"
en_XX: said the alchemist. “I have no information about troops or about the movement of the tribes. I was simply acting as a guide for my friend here.”,ml_IN: ഈ മരുഭൂമിയില്‍ അങ്ങിങ്ങ ലഞ്ഞു നടക്കുക എന്‍െറ പതിവാണ്‌. ജ്യോതിശ്ലാസ്ത്രവും കുറച്ചൊക്കെ അറിയാം. അതല്ലാതെ.” ആല്‍കെമിസ്റ്റ്‌ ഒന്നു നിര്‍ത്തിയിട്ട്‌ തുടര്‍ന്നു: “പട്ടാള ക്കാരെപ്പറ്റിയോ അവരുടെ നീക്കങ്ങളെപ്പറ്റിയോ എനിക്ക്‌ യാതൊരു വിവര വുമില്ല. ഞാന്‍ എന്‍െറ ഈ ചങ്ങാതിക്ക്‌ വഴികാട്ടാനായി കൂടെപോന്നതാണ്‌.”
en_XX: “Who is your friend?” the chief asked.,ml_IN: “ആരാണ്‌ നിന്‍െറ ചങ്ങാതി?” ചോദിച്ചത്‌ പട്ടാളമേധാവിയായിരുന്നു.
"en_XX: “An alchemist,” said the alchemist. “He understands the forces of nature. And he wants to show you his extraordinary powers.”",ml_IN: “ഇയാളൊരു ആല്‍കെമിസ്റ്റാണ്‌. പ്രകൃതിയുടെ ശക്തികളെപ്പറ്റി അപാ രമായ അറിവുണ്ട്‌. പല അത്ഭുതകൃത്യങ്ങളും കാണിക്കാന്‍ കഴിയും.”
en_XX: “What is a foreigner doing here?” asked another of the men.,ml_IN: “ഇവിടെ എന്തു ചെയ്യുന്നു?” അവരിലൊരാള്‍ തിരക്കി.
"en_XX: “He has brought money to give to your tribe,” said the alchemist, before the boy could say a word. And seizing the boy’s bag, the alchemist gave the gold coins to the chief.",ml_IN: ആല്‍ക്കെമിസ്റ്റ്‌ പറഞ്ഞു. അവനു മറിച്ചൊന്നും പറയാനിടകിട്ടിയില്ല. അതി നുമുമ്പേ അയാള്‍ അവന്‍െറ സഞ്ചി വലിച്ചെടുത്തു. അതിലുണ്ടായിരുന്ന സ്വര്‍ണ്ണം മുഴുവന്‍ ആ പട്ടാളത്തലവന്‍െറ മുമ്പിലേക്കു ചൊരിഞ്ഞു.
"en_XX: “What is an alchemist?” he asked, finally.",ml_IN: 138 പ ആല്‍കെമിസ്റ്റ്‌ ഒടുവില്‍ അയാള്‍ ചോദിച്ചു: “ആല്‍കെമിസ്റ്റ്‌ എന്നു പറഞ്ഞാലെ ന്താണ്‌?”
"en_XX: “It’s a man who understands nature and the world. If he wanted to, he could destroy this camp just with the force of the wind.”",ml_IN: ം “പ്രപഞ്ചത്തിന്‍െറ നിഗൂഡതകളെല്ലാം മനസ്സിലാക്കിയിട്ടുള്ള ജ്ഞാനി യാണ്‌ ആല്‍കെമിസ്റ്റ്‌.” അയാള്‍ പറഞ്ഞുകൊടുത്തു: “വേണമെന്നു വെച്ചാല്‍ ഒരു നിമിഷം മതി ഈക്കനൊരു കൊടുങ്കാറ്റായി ഈ പാളയമാകെ പറത്തിക്കളയും.”
"en_XX: The men laughed. They were used to the ravages of war, and knew that the wind could not deliver them a fatal blow. Yet each felt his heart beat a bit faster. They were men of the desert, and they were fearful of sorcerers.","ml_IN: കേട്ടുനിന്നവരെല്ലാം ഉറക്കെ ചിരിച്ചു. യുദ്ധത്തിന്‍െറ ഭയാനകതകള്‍ അവര്‍ നേരിട്ടറിഞ്ഞിരുന്നു. പക്ഷേ, തങ്ങളുടെ ഈ സൈനികത്താവളമാകെ നിലംപരിശാക്കാന്‍ ശക്തിയുള്ള കൊടുങ്കാറ്റ്‌! എന്തോ അങ്ങനെയൊന്ന്‌ സംഭാവ്യമല്ല എന്നൊരു തോന്നല്‍. എന്നിട്ടും അവരുടെയുള്ളില്‍ നേരിയ ആശങ്കയുടെ മിടിപ്പ്‌. എര്രയൊക്കെയായാലും ഈ മരുഭൂമിയില്‍ ജനിച്ചു വളര്‍ന്നവര്‍. മ്രന്തവാദികളും അവരുടെ ത്രന്ത്ര മ്രന്തങ്ങളും അവര്‍ ഉള്ളാലെ ഭയപ്പെട്ടിരുന്നു."
"en_XX: “He needs three days,” answered the alchemist. “He is going to transform himself into the wind, just to demonstrate his powers. If he can’t do so, we humbly offer you our lives, for the honor of your tribe.”","ml_IN: “അവനു സ്വയം കൊടുങ്കാറ്റായി മാറേണ്ടതുണ്ട്‌, അതിന്‍െറ അപാരമായ ശക്തി പ്രകടമാക്കാന്‍. അതിനവനു കഴിഞ്ഞില്ലെങ്കില്‍ നിങ്ങള്‍ക്ക്‌ ഞങ്ങ ളുടെ ജീവനെടുക്കാം നിങ്ങളുടെ ഗോത്രത്തിന്റെ മാനം വ “അല്ലെങ്കിലും നിങ്ങളുടെ ജീവന്‍ എന്റെ കൈയിലല്ലേ, അയാളുടെ സ്വരത്തില്‍ ഭീഷണിയും ധിക്കാരവും “അതിനി പ്രതേകിച്ച്‌ എനിക്കായി തരേണ്ടതില്ലല്ലൊ.”"
en_XX: “You gave them everything I had!” the boy said. “Everything I’ve saved in my entire life!”,"ml_IN: “എന്റെ കൈയിലുള്ളതെല്ലാം നിങ്ങള്‍ അവര്‍ക്കെടുത്തു കൊടു ത്തല്ലോ?"" അവന്‍ സങ്കടപ്പെട്ടു: “ഒരായുഷ്കാലത്തെ സമ്പാദ്യം മുഴുവന്‍ അതിലുണ്ടായിരുന്നു.”"
"en_XX: “Well, what good would it be to you if you had to die?” the alchemist answered. “Your money saved us for three days. It’s not often that money saves a person’s life.”",ml_IN: 139 ആല്‍കെമിസ്റ്റ്‌ “അതുകൊള്ളാം. (്രാണനേ ഇല്ലെന്നു വന്നാല്‍ പിന്നെ പണം കൊണ്ടെന്തു പ്രയോജനം? ആ പണം കൊടുത്ത്‌ നമ്മുടെ ആയുസ്സ്‌ മൂന്നു ദിവസത്തേക്കുകൂടി നീട്ടി വാങ്ങിച്ചില്ലേ?” ആല്‍കെമിസ്റ്റ്‌ സമാധാനിപ്പിച്ചു.
"en_XX: The alchemist asked one of the soldiers for some tea, and poured some on the boy’s wrists. A wave of relief washed over him, and the alchemist muttered some words that the boy didn’t understand.","ml_IN: സൈനികരില്‍ ഒരാളെ വിളിച്ച്‌ ആല്‍കെമിസ്റ്റ്‌ കുറച്ച്‌ ചായ കൊണ്ടു വരുവിച്ചു. അതില്‍നിന്ന്‌ കുറച്ചെടുത്ത്‌ ഏതോ മ്രന്തങ്ങള്‍ ജപിച്ച്‌ അവന്റെ മണിബന്ധത്തിലൊഴിച്ചു. അവനൊന്നും മനസ്സിലായില്ല. പക്ഷേ, നിമിഷ ങ്ങള്‍ക്കകം പേടിയും പരിര്രമവുമൊഴിഞ്ഞ്‌ മനസ്സ്‌ ശാന്തമായി."
"en_XX: “If a person is living out his Personal Legend, he knows everything he needs to know. There is only one thing that makes a dream impossible to achieve: the fear of failure.”","ml_IN: “ആകും, അവനവന്റെ ജീവിതദൌത്യത്തെക്കുറിച്ച്‌ പൂര്‍ണ്ണ ബോധമുണ്ടെ ങ്കില്‍, ഒരുവന്‌ അതിനാകും. അറിയേണ്ടതൊക്കെയും താനെ അറിയും."
en_XX: “I’m not afraid of failing. It’s just that I don’t know how to turn myself into the wind.”,ml_IN: “തോല്‍ക്കുമെന്ന ഭീതിയല്ല എനിക്ക്‌. കൊടുങ്കാറ്റായി മാറാന്‍ അറി യില്ലല്ലോ എന്ന ആശങ്കയാണ്‌.”
"en_XX: “Well, you’ll have to learn; your life depends on it.”",ml_IN: “എന്നുപറഞ്ഞ്‌ പിന്മാറരുത്‌. അറിയാത്തതു പഠിക്കണം. നിന്റെ ജീവന്‍ ഈ തുരുമ്പിലാണ്‌ തൂങ്ങിനില്‍ക്കുന്നതെന്ന്‌ മറക്കരുത്‌.”
en_XX: “But what if I can’t?”,ml_IN: “അതിനെന്നെക്കൊണ്ടായില്ലെങ്കില്‍?”
"en_XX: THE FIRST DAY PASSED. THERE WAS A MAJOR BATTLE nearby, and a number of wounded were brought back to the camp. The dead soldiers were replaced by others, and life went on. Death doesn’t change anything, the boy thought.",ml_IN: ദ്യത്തെ ദിവസം കഴിഞ്ഞു. സമീപത്തെവിടെയോ പൊരിഞ്ഞ തം. മുറിവേറ്റ ഒരുപാടുപേരെ ആ പാളയത്തിലേക്കു കൊണ്ടു വന്നു. മരണമടഞ്ഞവരുടെ സ്ഥാനത്തേക്ക്‌ പുതിയ പടയാളികള്‍ നീങ്ങി.
en_XX: “Remember what I told you: the world is only the visible aspect of God. And that what alchemy does is to bring spiritual perfection into contact with the material plane.”,ml_IN: “ഒന്നോര്‍ത്താല്‍ മതി.” അയാള്‍ പറഞ്ഞു: നമ്മള്‍ ഈ കാണുന്ന ലോകം ഈശ്വരന്റെ ലൌകികമായ ഭാവമാണ്‌. ആല്‍കെമിസ്റ്റിന്റെ പ്രവൃത്തി കളെല്ലാം ആത്മീയമായ തലത്തിലാണ്‌. തികച്ചും ഭഭതികമായൊരു വസതു വിലേക്ക്‌ ദൈവത്തിന്റെ അനന്തമായ ആത്മീയശക്തി ആവാഹിക്കുക അതാണ്‌ ആല്‍കെമിസ്റ്റ്‌ ചെയ്യുന്നത്‌.”
en_XX: “What are you doing?”,"ml_IN: ം “ഇപ്പോള്‍, നിങ്ങളെന്താണ്‌ ചെയ്യുന്നത്‌?”"
"en_XX: “If I’m not able to turn myself into the wind, we’re going to die,”",ml_IN: “ഒരു കൊടുങ്കാറ്റായി മാറാന്‍ എനിക്കായില്ലെങ്കില്‍ നമ്മള്‍ രണ്ടു പേരും കൊല്ലപ്പെടും. പിന്നെ എന്തിനാണിപ്പോള്‍ ഈ പരുന്തിനെ തീറ്റിപ്പോറ്റുന്നത?
"en_XX: “You’re the one who may die,” the alchemist said. “I already know how to turn myself into the wind.”",ml_IN: “എന്നാരു പറഞ്ഞു? നീ മരിക്കുമായിരിക്കും. ഞാന്‍ രക്ഷപ്പെടും. ആല്‍കെ മിസ്റ്റ്‌ പറഞ്ഞു: “കൊടുങ്കാറ്റായി മാറേണ്ടതെങ്ങനെയെന്ന്‌ എനിക്കറിയാം.
"en_XX: He spent the entire afternoon of the second day looking out over the desert, and listening to his heart. The boy knew the desert sensed his fear.",ml_IN: ആ പകല്‍ മുഴുവന്‍ അവന്‍ അതിന്റെ മുകളില്‍ കഴിച്ചുകൂട്ടി; വെറുതെ മരുഭൂമിയിലേക്ക്‌ കണ്ണും നട്ടിരുന്നു. സ്വന്തം മനസ്സിന്‌ എന്താണ്‌ പറയാനു ള്ളതെന്നറിയാന്‍ അവന്‍ കാതോര്‍ത്തു.
en_XX: They both spoke the same language.,ml_IN: രണ്ടുപേരും ഒരേ ഭാഷ പറയുന്നു.
"en_XX: “Let’s,” the alchemist answered.",ml_IN: “പോയി വരാം.” ആല്‍കെമിസ്റ്റ്‌ യാര്ത പറഞ്ഞു.
en_XX: The boy took them to the cliff where he had been on the previous day. He told them all to be seated.,ml_IN: കില അവരെയെല്ലാം കൂട്ടി തലേന്നാള്‍ താനിരുന്നിരുന്ന പാറയുടെ ലയം നല ക എല്ലാവരും ഇരുന്നോളൂ. കുറച്ചു താമസമുണ്ട്‌.”
"en_XX: “It’s going to take awhile,” the boy said.",ml_IN: ല്‍ “അതിനു മൂന്നു ദിവസത്തെ ഇടവേണം.” ആല്‍കെമിസറ്റ്‌ പറഞ്ഞു.
"en_XX: “We’re in no hurry,” the chief answered. “We are men of the desert.”","ml_IN: ""ആയിക്കോട്ടെ, തിടുക്കമൊന്നുമില്ല.” സേനാനായകന്‍ പറഞ്ഞു കാത്തിരിപ്പ്‌ ഞങ്ങള്‍, മരുഭൂമിയില്‍ കഴിയുന്നവര്‍ക്ക്‌, നല്ല ശീലമാണ്‌.”"
"en_XX: The boy looked out at the horizon. There were mountains in the distance. And there were dunes, rocks, and plants that insisted on living where survival seemed impossible. There was the desert that he had wandered for so many months; despite all that time, he knew only a small part of it. Within that small part, he had found an Englishman, caravans, tribal wars, and an oasis with fifty thousand palm trees and three hundred wells.","ml_IN: അവന്‍ അകലെ ചക്രവാളങ്ങളിലേക്കുറ്റു നോക്കി. ദുരെ മലകള്‍, മണല്‍ ക്കൂനകള്‍, പാറക്കൂട്ടങ്ങള്‍, കാട്ടുചെടികള്‍. സാഹചര്യങ്ങള്‍ അനുകൂലമല്ലെ ങ്കിലും പിടിച്ചുനില്‍ക്കണമെന്ന വാശി. കഴിഞ്ഞ എത്രയോ മാസങ്ങളായി താനീ മണല്‍പരപ്പിലൂടെ ചുറ്റിത്തിരിയുന്നു. എന്നിട്ടും അതിന്റെ ചെറിയൊരു ഭാഗം മാര്രമേ കാണാന്‍ കഴിഞ്ഞിട്ടുള്ളു. അതിനിടയിലാണ്‌ കാണാനായത്‌ ആ ഇംഗ്ലീഷുകാരനെ, വലിയ വലിയ യാത്രാസംഘങ്ങളോ, അമ്പതിനായിരം ഈന്തല്‍പ്പനകളും മുന്നൂറു കിണറുകളുമുള്ള വിശാലമായ ആ മമരുപ്പച്ചയെ."
en_XX: “What do you want here today?” the desert asked him. “Didn’t you spend enough time looking at me yesterday?”,"ml_IN: കാര്യം പറയൂ, എന്താണ്‌ നിനക്കു വേണ്ടത്‌?” പെട്ടെന്ന്‌ മരുഭൂമിയുടെ സ്വരമുയര്‍ന്നു: “ഇന്നലെയും ഇവിടെ വന്ന്‌ ഒരുപാടു നേരം എന്റെ നേരെ തന്നെ നോക്കിയിരിക്കുന്നത്‌ കണ്ടല്ലോ.”"
"en_XX: “Love is the falcon’s flight over your sands. Because for him, you are a green field, from which he always returns with game. He knows your rocks, your dunes, and your mountains, and you are generous to him.”","ml_IN: റ “നിന്റെ മണലിന്റെ മുകളില്‍ക്കൂടിയുള്ള പരുന്തിന്റെ പറക്കല്‍. അതാണ്‌ സ്നേഹം. ഈ മണല്‍പരപ്പ്‌ അവന്റെ മേച്ചില്‍പ്പുറമാണ്‌. അവനു വേണ്ട ശക്തിയും ഈര്‍ജ്‌ജവും പകര്‍ന്നുകിട്ടുന്നതിവിടെനിന്നാണ്‌. തനിക്കു വേണ്ടുന്ന ഇര അവന്‍ ഇവിടെനിന്ന്‌ കൊത്തിയെടുക്കുന്നു. നിന്റെ കല്ലും മലയും കുന്നുമൊക്കെ അവന്‍ കാണാപ്പാഠമാണ്‌. അവന വേണ്ടതൊ ക്കെയും നീ കൊടുക്കുന്നു, കൈയയച്ച്‌.”"
"en_XX: “For years, I care for his game, feeding it with the little water that I have, and then I show him where the game is. And, one day, as I enjoy the fact that his game thrives on my surface, the falcon dives out of the sky, and takes away what I’ve created.”","ml_IN: “ശരിയാണ്‌. പക്ഷേ, അതോടൊപ്പം അവനെന്നെത്തന്നെയും കുറേശ്ശെ യായി കൊത്തിയെടുക്കുന്നു. എത്ര കാലമായി ഇതു തുടങ്ങിയിട്ട്‌. അവനു വേണ്ട ഇരകളെ ഉള്ളതില്‍ ഒരു പങ്കു വെള്ളവും കൊടുത്ത്‌ ഞാന്‍ വളര്‍ത്തി യെടുക്കുന്നു. അവനെത്തുമ്പോള്‍ അവ ഒളിഞ്ഞിരിക്കുന്ന ഇടങ്ങള്‍ കാട്ടി ഞാന്‍ കൊടുക്കുന്നു. അതില്‍ ഞാന്‍ ആനന്ദിക്കുന്നുമുണ്ട്‌. പക്ഷേ, ഒരു ദിവസം ഞാന്‍ വളര്‍ത്തിക്കൊണ്ടു വന്ന ഇരയെയും കൊത്തിയെടുത്ത്‌ ഈ ഷി എങ്ങോട്ടോ അവന്‍ പഠറന്നുപോകുന്നു.”"
"en_XX: “But that’s why you created the game in the first place,” the boy answered. “To nourish the falcon. And the falcon then nourishes man. And, eventually, man will nourish your sands, where the game will once again flourish. That’s how the world goes.”",ml_IN: പക്ഷേം അതിനുവേണ്ടിത്തന്നെയല്ലേ നീ ആ ജീവികളെ പോറ്റി വളര്‍ത്തിയത്‌; ഒരുനാള്‍ അവന്റെ വിശപ്പടക്കാന്‍ വേണ്ടി.” അവന്‍ മരുഭൂമി യോടു ചോദിച്ചു: “പരുന്ത്‌ ഇരയെ തിന്നുന്നു. പരുന്തിനെ തിന്ന്‌ മനുഷ്യന്‍ വിശപ്പടക്കുന്നു. ആ മനുഷ്യന്‍ ഈ മണ്ണിനെ പോഷിപ്പിക്കുന്നു. പിന്നെ വീണ്ടും ഇവിടെ ഇരകള്‍ വളരുന്നു. അതാണ്‌ ഈ ലോകത്തിന്റെ രീതി.”
en_XX: “So is that what love is?”,ml_IN: “പിന്നെ ഇതിന്റെ ആവശ്യം?”
"en_XX: “Yes, that’s what love is. It’s what makes the game become the falcon, the falcon become man, and man, in his turn, the desert. It’s what turns lead into gold, and makes the gold return to the earth.”",ml_IN: പരുന്ത്‌ മനുഷ്യനായി മാറുന്നു. പിന്നെ മനുഷ്യന്‍ ഈ മണ്ണില്‍ ലയിക്കുന്നു. ഈയം സ്വര്‍ണ്ണമായി മാറുന്നതും സ്വര്‍ണ്ണം മണ്ണില്‍ ചെന്നുചേരുന്നതും അതുകൊണ്ടുതന്നെ.”
"en_XX: “I don’t understand what you’re talking about,” the desert said.",ml_IN: “എന്തൊക്കെയാണ്‌ നീ പറയുന്നത്‌? എനിക്കൊന്നും മനസ്സിലാ കുന്നില്ല.” മരുഭൂമി പിറുപിറുത്തു.
"en_XX: A breeze began to blow. The tribesmen watched the boy from a distance, talking among themselves in a language that the boy couldn’t understand.",ml_IN: ചെറിയൊരു കാറ്റുവീശാന്‍ തുടങ്ങി. അകലെ മാറിയിരുന്ന അറബിപ്പട്ടാ ളക്കാര്‍ അവനെത്തന്നെ ഉറ്റുനോക്കുകയായിരുന്നു. പരസ്പരം അവര്‍ സംസാരിച്ചിരുന്നതെന്തെന്ന്‌ അവന്‍ മനസ്സിലാക്കാനായില്ല. കേട്ടു പരിചയ മില്ലാത്ത ഏതോ നാട്ടുഭാഷയായിരുന്നു.
"en_XX: “Help me,” the boy said. “One day you carried the voice of my loved one to me.”",ml_IN: ടന്നെന്നെ സഹായിക്കൂ.” കാറ്റിനോടവന്‍ കേണു: “അന്നൊരിക്കല്‍ നീയല്ലേ എന്റെ പ്രിയതമയുടെ സ്വരം എന്റെ കാതോളം എത്തിച്ചത്‌.”
en_XX: “Who taught you to speak the language of the desert and the wind?”,"ml_IN: “ആട്ടെ, ആരാണ്‌ നിന്നെ പഠിപ്പിച്ചത്‌ കാറ്റിന്റെയും മരുഭൂമിയുടെയും ഭാഷ?” കാറ്റിന്‌ വാസ്തവത്തില്‍ അത്ഭുതം തോന്നി."
"en_XX: The wind has many names. In that part of the world, it was called the sirocco, because it brought moisture from the oceans to the east. In the distant land the boy came from, they called it the levanter, because they believed that it brought with it the sands of the desert, and the screams of the Moorish wars. Perhaps, in the places beyond the pastures where his sheep lived, men thought that the wind came from Andalusia. But, actually, the wind came from no place at all, nor did it go to any place; that’s why it was stronger than the desert. Someone might one day plant trees in the desert, and even raise sheep there, but never would they harness the wind.","ml_IN: ഈ പ്രദേശത്തുകാര്‍ കാറ്റിനിട്ടിരിക്കുന്ന പേര്‍ സിറോക്കോ എന്നാണ്‌. കാരണം, ഈ കാറ്റാണ്‌ കടലിലെ കുളിരും നനവും കിഴക്കന്‍്രദേശങ്ങളിലെത്തിക്കുന്നത്‌. അകലെ അവന്റെ നാട്ടില്‍ ഈ കാറ്ററിയപ്പെടുന്നത്‌ ലെവന്റര്‍ എന്ന പേരിലാണ്‌. കാറ്റി നോടൊപ്പം മരുഭൂമിയിലെ മണല്‍ത്തരികളും മൂറുകളുടെ പോര്‍വിളികളും അക്കരെ ചെന്നെത്തിയിരുന്നു.. അതിനപ്പുറത്ത്‌ ആടുകള്‍ മേയുന്ന പുല്‍ പ്രദേശങ്ങളിലുള്ളവരുടെ വിചാരം, ഈ കാറ്റു വീശുന്നത്‌ അന്‍ഡലുസിയ യില്‍നിന്നാണെന്നാണ്‌. വാസ്തവത്തില്‍ കാറ്റു വീശി തുടങ്ങുന്നത്‌ പ്രത്യേ കിച്ചൊരു സ്ഥലത്തുനിന്നല്ല. അതിനു ചെന്നുചേരേണ്ടതായി പ്രതേ, ൃകിച്ചപൊ രിടമില്ലതാനും. അതായിരിക്കാം കാറ്റിന്‌ മരുഭൂമിയെക്കാള്‍ കൂടുതല്‍ 143 ആല്‍കെമിസ്റ്റ്‌ ശക്തിയുണ്ടാകാന്‍ കാരണം. മരുഭൂമിയെ നമുക്ക്‌ വശത്താക്കാനാകും. മര ങ്ങള്‍ വളര്‍ത്തിയെടുക്കാം. മേച്ചില്‍പ്പുറങ്ങളൊരുക്കി ആടുകളെ വളര്‍ത്താം."
"en_XX: “You can’t be the wind,” the wind said. “We’re two very different things.”",ml_IN: “നിനക്കൊരിക്കലും കാറ്റാകാന്‍ സാദ്ധ്യമല്ല.” കാറ്റ്‌ തീര്‍ത്തു പറഞ്ഞു.
"en_XX: “That’s not true,” the boy said. “I learned the alchemist’s secrets in my travels. I have inside me the winds, the deserts, the oceans, the stars, and everything created in the universe. We were all made by the same hand, and we have the same soul. I want to be like you, able to reach every corner of the world, cross the seas, blow away the sands that cover my treasure, and carry the voice of the woman I love.”",ml_IN: ഈ പ്രപഞ്ചത്തിലുള്ള സകലതും എന്റെ മനസ്സിലുമുണ്ടെന്ന്‌ എനിക്കു ബോധ്യമായി. കാറ്റും കടലും മലയും മരുഭൂമിയും നക്ഷത്രങ്ങളും എല്ലാം എന്റെ ഉള്ളിലുമുണ്ട്‌. നമ്മളെയൊക്കെ സൃഷ്ടിച്ചിരിക്കുന്നത്‌ ഒരേ കൈകള്‍ തന്നെ. നമ്മുടെയുള്ളില്‍ തുടിക്കുന്നതും ഒരേ പ്രാണന്‍തന്നെ. “എനിക്കു നിന്നെപ്പോലെ വീശാറാകണം.
"en_XX: “I heard what you were talking about the other day with the alchemist,” the wind said. “He said that everything has its own Personal Legend. But people can’t turn themselves into the wind.”","ml_IN: “അന്ന്‌ നീ ആല്‍കെമിസ്റ്റിനോട്‌ പറഞ്ഞതൊക്കെ ഞാന്‍ കേള്‍ ക്കുകയുണ്ടായി.” കാറ്റ്‌ സാവധാനം പറഞ്ഞു: “അപ്പോള്‍ അയാള്‍ നിന്നോടു പറയുകയും ചെയ്തു, ഓരോ ജീവനും അതിന്റേതായ ലക്ഷ്യവും പ്രയോജന വുമുണ്ടെന്ന്‌. നിങ്ങള്‍ മനുഷ്യരാണ്‌. മനുഷ്യര്‍ക്ക്‌ കാറ്റായി വീശാന്‍ സാധി ക്കില്ല.”"
"en_XX: “Just teach me to be the wind for a few moments,” the boy said.","ml_IN: ""ഏതാനും നിമിഷനേരത്തേക്കെങ്കിലും കാറ്റായി വീശാന്‍ എന്നെ പഠിപ്പിച്ചുകൂടേ?” അവന്‍ വീണ്ടും അപേക്ഷിച്ചു: “പിന്നീട്‌ നമുക്കു രണ്ടു പേര്‍ക്കുംകൂടി മനുഷ്യന്റെയും കാറ്റിന്റെയും അനന്തമായ സാദ്ധ്യതകളെ ക്കുറിച്ചു സംസാരിക്കാം.”"
"en_XX: The wind was a proud being, and it was becoming irritated with what the boy was saying. It commenced to blow harder, raising the desert sands. But finally it had to recognize that, even making its may around the world, it didn’t know how to turn a man into the wind. And it knew nothing about love.","ml_IN: സ്വതേ അഭിമാനിയായ കാറ്റ്‌, അവന്‍ പറഞ്ഞതുകേട്ടപ്പോള്‍ നീരസം തോന്നി. അല്പമൊന്ന്‌ ശക്തിയില്‍ വീശാന്‍ തുടങ്ങി. മരുഭൂമിയിലെ മണല്‍ത്തരികള്‍ പറന്നുപൊന്തി. ലോകം മുഴുവന്‍ ചുറ്റിപ്പറക്കാന്‍ കഴിവുള്ള കാറ്റ്‌ . അവസാനം സമ്മതിച്ചു; മനുഷ്യനെ കാറ്റാക്കി മാറ്റാനുള്ള കഴിവ തനിക്കില്ല. പ്രേമത്തെക്കുറിച്ചും തനിക്ക്‌ യാതൊന്നുമറിഞ്ഞുകൂടാ."
"en_XX: “In my travels around the world, I’ve often seen people speaking of love and looking toward the heavens,” the wind said, furious at having to acknowledge its own limitations. “Maybe it’s better to ask heaven.”",ml_IN: “ലോകം മുഴുവന്‍ സഞ്ചരിക്കുന്നതിനിടയ്ക്ക്‌ പലപ്പോഴും മനുഷ്യര്‍ ആകാശത്തേക്കു നോക്കി പ്രേമത്തെക്കുറിച്ചു സംസാരിക്കുന്നത്‌ ഞാന്‍ കണ്ടിട്ടുണ്ട്‌.” തന്റെ കഴിവുകേടിനെക്കുറിച്ച്‌ കാറ്റിന്‌ തന്നോടുതന്നെ ദേഷ്യം.
"en_XX: “Well then, help me do that,” the boy said. “Fill this place with a sandstorm so strong that it blots out the sun. Then I can look to heaven without blinding myself.”","ml_IN: “എങ്കില്‍ അങ്ങനെയാകാം.” അവന്‍ സമ്മതിച്ചു. “പക്ഷേ, അതിനും എനിക്കു നിന്റെ സഹായം വേണം. ശക്തമായൊരു പൊടിക്കാറ്റില്‍ കണ്ണഞ്ചി പ്പിക്കുന്ന സൂര്യനെ ഒന്നു മറച്ചു നിര്‍ത്തു. എന്നാലേ ആകാശത്തേക്കു കണ്ണു യര്‍ത്താന്‍ എനിക്കു സാധിക്കു.”"
"en_XX: “Let’s stop this,” another commander said.",ml_IN: “ശരി. ഇനി ഇത്‌ തുടരേണ്ട.” വേറെ ഒരാളും വിളിച്ചുപറഞ്ഞു.
"en_XX: But he made a mental note of the names of the two men who had expressed their fear. As soon as the wind stopped, he was going to remove them from their commands, because true men of the desert are not afraid.","ml_IN: ഭയാശങ്കകള്‍ പ്രകടിപ്പിച്ച കീഴുദ്യോഗസ്ഥന്മാര്‍ രണ്ടുപേര്‍. അവരുടെ പേരുകള്‍ അപ്പോഴേ പട്ടാളത്തലവന്‍ മനസ്സില്‍ കുറിച്ചിട്ടു. അന്തരീക്ഷം ശാന്തമാകട്ടെ. കാര്യങ്ങള്‍ പഴയപടിയായാലുടനെ രണ്ടു പേരെയും കൂട്ട ത്തില്‍നിന്ന്‌ പുറത്താക്കണം. പേടിത്തൊണ്ടന്മാര്‍ക്കുള്ളതല്ല മരുഭൂമി. മരു ഭൂമിയുടെ സന്താനങ്ങള്‍ക്ക്‌ ഭയത്തിന്റെ അര്‍ത്ഥംപോലും അറിഞ്ഞുകൂട, എന്നതാണ്‌ സത്യം."
"en_XX: “The wind told me that you know about love,” the boy said to the sun. “If you know about love, you must also know about the Soul of the World, because it’s made of love.”","ml_IN: സൂര്യനോടായിരുന്നു അവന്റെ വാക്കുകള്‍. “അങ്ങനെയാണെങ്കില്‍ പ്രപഞ്ച ചേതന എന്താണെന്നും നിനക്കറിവുണ്ടാകും. കാരണം, പ്രേമത്തില്‍നിന്നാ ണല്ലോ അത്‌ രൂപംകൊണ്ടിരിക്കുന്നത്‌.”"
"en_XX: It communicates with my soul, and together we cause the plants to grow and the sheep to seek out shade. From where I am—and I’m a long way from the earth—I learned how to love. I know that if I came even a little bit closer to the earth, everything there would die, and the Soul of the World would no longer exist. So we contemplate each other, and we want each other, and I give it life and warmth, and it gives me my reason for living.”","ml_IN: “ശരിയാണ്‌.” എന്റെ ഈ സ്ഥാനത്തുനിന്ന്‌ വിശ്വചൈതന്യത്തെ ഞാന്‍ കണ്ടറിയുന്നു,” സുര്യന്‍ പറഞ്ഞു: “പ്രപഞ്ചാത്മാവും എന്റെ മനസ്സും പരസ്പരം ബന്ധപ്പെട്ടിരിക്കുന്നു. അങ്ങനെ ഞങ്ങള്‍ ഒരുമിച്ച്‌ ഭൂമിയിലെ സസ്യജാലങ്ങളെ പോഷിപ്പിക്കുന്ന. ആടുകള്‍ക്ക്‌ തണല്‍ തേടാനുള്ള പ്രേരണ നല്‍കുന്നു. ഭൂമിയില്‍നിന്ന്‌ വളരെ വളരെ അകലെയുള്ള എന്റെ ഈ സ്ഥാനത്തുനിന്ന്‌ സ്നേഹിക്കേണ്ടതെങ്ങനെ എന്നു ഞാന്‍ പഠിച്ചു."
"en_XX: “This is why alchemy exists,” the boy said. “So that everyone will search for his treasure, find it, and then want to be better than he was in his former life. Lead will play its role until the world has no further need for lead; and then lead will have to turn itself into gold.","ml_IN: “ഇതാണ്‌ ആല്‍കെമിയുടെ ഉദ്ദേശ്യം,” അവന്‍ പറഞ്ഞു: “ഓരോരു ത്തരും അവനവനു വിധിക്കപ്പെട്ട നിധികള്‍ തേടും. കണ്ടെത്തും. അതോടെ സ്വന്തം ജീവിതത്തില്‍ ഒരു പടി ഉയരും. ഈയത്തിന്റെ ആവശ്യം ഇനി ലോകത്തിനില്ല എന്ന നിമിഷംവരെ ഈയം ഈയമായിത്തന്നെ തുടരും."
"en_XX: “That’s what alchemists do. They show that, when we strive to become better than we are, everything around us becomes better, too.”",ml_IN: പിന്നെ ഈയം സ്വര്‍ണ്ണമായി രൂപം (പാപിക്കും. ആല്‍കെമിസ്റ്റുകള്‍ പഠിപ്പിക്കുന്നതിതാണ്‌. സ്വന്തം നില ഉയര്‍ത്താന്‍ നമ്മള്‍ ശ്രമിക്കുമ്പോള്‍ ഉയരുന്നതു നമ്മള്‍ മാത്രമല്ല. നമ്മുടെ ചുറ്റുമുള്ള എല്ലാംതന്നെയാണ്‌.”
"en_XX: “Well, why did you say that I don’t know about love?” the sun asked the boy.","ml_IN: “എന്നാലും നീ പറഞ്ഞില്ലേ, പ്രേമത്തെക്കുറിച്ച്‌ ഞാന്‍ പൂര്‍ണ്ണമായും മനസ്സി ലാക്കിയിട്ടില്ലെന്ന്‌. അതിനെന്താണ്‌ കാരണം?”"
"en_XX: “I want you to help me turn myself into the wind,” the boy answered.",ml_IN: “എനിക്കു സ്വയം കാറ്റായി മാറണം. അതിന്‌ നീയെന്നെ സഹായി ക്കണം.” അവന്‍ തന്റെ ആവശ്യം തുറന്നു പറഞ്ഞു.
"en_XX: “Nature knows me as the wisest being in creation,” the sun said.","ml_IN: 147 ആല്‍കെമിസ്റ്റ്‌ “പ്രകൃതിയിലെ സൃഷ്ടികളിലൊക്കെയുംവെച്ച്‌ ബുദ്ധിശക്തിയില്‍ മികച്ചുനില്‍ക്കുന്നതു ഞാന്‍തന്നെ. പക്ഷേ, നിന്നെ കാറ്റാക്കി മാറ്റാനുള്ള കഴിവെനിക്കില്ല.” സൂര്യനും കൈമലര്‍ത്തി."
"en_XX: “Then, whom should I ask?”",ml_IN: “ഇനി ഞാന്‍ ആരോടാണപേക്ഷിക്കേണ്ടത്‌?”
"en_XX: The sun thought for a minute. The wind was listening closely, and wanted to tell every corner of the world that the sun’s wisdom had its limitations. That it was unable to deal with this boy who spoke the Language of the World.",ml_IN: സൂര്യന്‍ ഒരു നിമിഷം ആലോചിച്ചുനിന്നു. എല്ലാം ശ്രദ്ധിച്ചുകൊണ്ടി രുന്ന കാറ്റിന്‌ അപ്പോഴേക്കും തിടുക്കമായി. ഓരോ മുക്കിലും മുലയിലുംചെന്ന്‌ സൂര്യന്റെ കഴിവുകേട്‌ വിളംബരം ചെയ്യാന്‍. പ്രപഞ്ചത്തിന്റെ ഭാഷ സംസാരിക്കുന്ന ആ യുവാവിന്റെ ആവശ്യം നിറവേറ്റിക്കൊടുക്കാന്‍ സൂര്യനു കഴിവില്ലെന്ന കാര്യം ലോകം മുഴുവന്‍ അറിയട്ടെ.
"en_XX: “Speak to the hand that wrote all,” said the sun.",ml_IN: ഒടുവില്‍ സൂര്യന്‍ നിര്‍ദ്ദേശിച്ചു: “ഇതൊക്കെ രചിച്ച ആ കൈകളെ ത്തന്നെ സമീപിക്കൂ.”
"en_XX: The boy reached through to the Soul of the World, and saw that it was a part of the Soul of God. And he saw that the Soul of God was his own soul. And that he, a boy, could perform miracles.","ml_IN: താന്‍ വിശ്വചേതനയെ തൊട്ടറിയുന്നു എന്നവനു തോന്നി. അതോടെ അവനില്‍ ആ ബോധമുണര്‍ന്നു, ഈശ്വരന്റെ ഒരംശം മാത്രമാണീ പ്രപഞ്ച മെന്ന്‌. അതിന്റെതന്നെ ഒരംശമായ തന്നിലും തുടിച്ചുനില്‍ക്കുന്നത്‌ ആ പരമാ ത്മചൈതന്യംതന്നെയാണെന്ന്‌. അതോടെ അവനിലാവിശ്വാസമുളവായി, തനിക്കും അത്ഭുതങ്ങള്‍ പ്രവര്‍ത്തിക്കാന്‍ കഴിയുമെന്ന്‌."
"en_XX: The following day, the general bade the boy and the alchemist farewell, and provided them with an escort party to accompany them as far as they chose.",ml_IN: പിറ്റേന്നുതന്നെ അവരെ രണ്ടുപേരെയും അയാള്‍ യാത്രയാക്കി. അകമ്പ ടിക്കായി ഒരു സംഘം ഭടന്മാരെയും കൂടെ അയച്ചു. എത്തേണ്ടിടത്തെത്തും വരെ അവരെ അനുയാത്ര ചെയ്തുകൊള്ളണം എന്ന കല്‍പനയുമായി.
"en_XX: THEY RODE FOR THE ENTIRE DAY. TOWARD THE END OF the afternoon, they came upon a Coptic monastery. The alchemist dismounted, and told the escorts they could return to the camp.",ml_IN: പകല്‍ മുഴുവന്‍ അവര്‍ യാര്ര തുടര്‍ന്നു. സന്ധ്യയോടെ ഒരു ര്്തൂ സൃയംസിമംത്തിന്റെ പരിസരങ്ങളിലെത്തി. ആല്‍കെമിസ്റ്റ്‌ കുതി രപ്പുറത്തുനിന്നിറങ്ങി. അകമ്പടിക്കാരോട്‌ അവരുടെ താവളത്തിലേക്ക്‌ തിരിച്ചു പൊയ്ക്കൊള്ളാന്‍ നിര്‍ദ്ദേശിച്ചു.
"en_XX: “From here on, you will be alone,” the alchemist said. “You are only three hours from the Pyramids.”","ml_IN: 149 ആല്‍കെമിസ്റ്റ്‌ “ഇവിടം മുതല്‍ നിന്റെ യാത്ര തനിച്ചാണ്‌,” അയാള്‍ അവന്റെ നേരെ തിരിഞ്ഞു പറഞ്ഞു: “പിരമിഡുകളിലെത്താന്‍ ഇനി ഏതാണ്ട്‌ മൂന്നു മണി ക്കൂര്‍ യാത്ര ചെയ്താല്‍ മതി.”"
"en_XX: “I asked him to let me use the kitchen for a while,” the alchemist smiled.",ml_IN: “ഇനി നമുക്കകത്തേക്കു പോകാം.” അവനെയും കൂട്ടി അയാള്‍ അക ത്തേക്കു നടന്നു. “കുറച്ചു നേരത്തേക്ക്‌ അവരുടെ അടുക്കളയൊന്നുപയോഗി ക്കാന്‍ ഞാന്‍ സമ്മതം വാങ്ങിയിട്ടുണ്ട്‌.” ആല്‍കെമിസ്റ്റ്‌ പറഞ്ഞു.
"en_XX: They went to the kitchen at the back of the monastery. The alchemist lighted the fire, and the monk brought him some lead, which the alchemist placed in an iron pan. When the lead had become liquid, the alchemist took from his pouch the strange yellow egg. He scraped from it a sliver as thin as a hair, wrapped it in wax, and added it to the pan in which the lead had melted.","ml_IN: അതയാള്‍ ഒരു ഇരുമ്പുപാത്രത്തിലിട്ട്‌ അടുപ്പത്തു വെച്ചു. ഈയം ഉരുകു വാന്‍ തുടങ്ങി. തന്റെ സഞ്ചിയിലുണ്ടായിരുന്ന സ്ഫടികമുട്ടയെടുത്ത്‌ അതില്‍ നിന്ന്‌ തലനാരിഴപോലെ ഒരു ചീള്‍ അയാള്‍ ചിരകിയെടുത്തു. അത്‌, ഇത്തിരി മെഴുകില്‍ പൊതിഞ്ഞ്‌ അടുപ്പത്തിരിക്കുന്ന ഇരുമ്പുപാത്രത്തിലേക്കിട്ടു."
en_XX: the monk said.,ml_IN: കിഴവന്‍ പറഞ്ഞു.
"en_XX: “Exactly,” answered the alchemist.",ml_IN: “അതെ... അതാണ്‌ ശരി.” ആല്‍കെമിസ്റ്റും അതിനോട്‌ യോജിച്ചു.
"en_XX: When the pan had cooled, the monk and the boy looked at it, dazzled. The lead had dried into the shape of the pan, but it was no longer lead. It was gold.",ml_IN: ഇരുമ്പുപാരരതം തണുത്തു. അതിലുണ്ടായിരുന്ന ശ്രാവകമത്രയും ഉറഞ്ഞു കട്ടിയായിക്കഴിഞ്ഞിരുന്നു. പാര്രത്തോളംതന്നെ കനവും വലുപ്പവുമുള്ള ഒരു കട്ട. സന്യാസിയും അവനും കണ്ണിമകൂട്ടാതെ നോക്കിനിന്നു. എന്തൊര ത്ഭുതം.
en_XX: “Will I learn to do that someday?” the boy asked.,ml_IN: “എനിക്കും ഇതുപോലൊരു ദിവസം ചെയ്യാന്‍ സാധിക്കുമോ?” ആല്‍ കെമിസ്റ്റിനോടവന്‍ ചോദിച്ചു.
"en_XX: “This was my Personal Legend, not yours,” the alchemist answered. “But I wanted to show you that it was possible.”","ml_IN: “ഇത്‌ എന്റെ ജീവിതത്തിന്റെ ദൌത്യമാണ്‌, നിന്റേതല്ല.” തികഞ്ഞ ഗര വത്തോടെ അയാള്‍ മറുപടി പറഞ്ഞു: “ഇതൊക്കെ സാദ്ധ്യമാണെന്ന്‌ നിനക്കു കാട്ടിത്തന്നു എന്നുമാത്രം.”"
"en_XX: “Because you have already lost your savings twice. Once to the thief, and once to the general. I’m an old, superstitious Arab, and I believe in our proverbs. There’s one that says, ‘Everything that happens once can never happen again. But everything that happens twice will surely happen a third time.’” They mounted their horses.","ml_IN: “അതോ, പറയാം. കൈയിലുള്ള സമ്പാദ്യമെല്ലാം രണ്ടു തവണയായി നിനക്കു നഷ്ടപ്പെടുന്നു.” അയാള്‍ അവനെ ഓര്‍മ്മിപ്പിച്ചു. “ആദ്യം ആ കുള്ളന്‍ പറ്റിച്ചു. രണ്ടാമത്‌ ഉള്ളതെല്ലാം ആ പട്ടാളക്കാര്‍ക്ക്‌ വിട്ടുകൊടുക്കേ ണ്ടിവന്നു. ഞങ്ങള്‍ അറബികള്‍ പഴയ മട്ടുകാരാണ്‌. പ്രണ്ടത്തെ പ്രമാണ ങ്ങളിലും പഴഞ്ചൊല്ലുകളിലും വളരെ വിശ്വാസവുമാണ്‌. ഒന്നു തെറ്റിയാല്‍ മൂന്ന്‌ എന്ന പഴമൊഴി കേട്ടിട്ടുണ്ടോ? ഒരിക്കലുണ്ടായത്‌ പിന്നീടുണ്ടായില്ലെന്നു വരാം. പക്ഷേ, എന്തെങ്കിലുമൊന്ന്‌ രണ്ടുതവണ സംഭവിച്ചിട്ടുണ്ടെങ്കില്‍ പിന്നെ ഒരിക്കല്‍ക്കൂടി ആവര്‍ത്തിക്കുമെന്ന്‌ തീര്‍ച്ച.”"
"en_XX: “One night, the father had a dream. An angel appeared to him, and told him that the words of one of his sons would be learned and repeated throughout the world for all generations to come. The father woke from his dream grateful and crying, because life was generous, and had revealed to him something any father would be proud to know.","ml_IN: ഒരു രാത്രി അച്ഛനൊരു സ്വപ്നം കണ്ടു. ഒരു മാലാ യുന്നു, നിന്റെ മക്കളില്‍ ഒരാളുടെ വാക്കുകള്‍ ൽ ത യ ഏറ്റുപറയും. എത്രയോ തലമുറകള്‍ ആ വാക്കുകള്‍ മനഃപാഠമാക്കും. അയാ ളുടെ ഉറക്കം തെളിഞ്ഞു. മനസ്സില്‍ നിറഞ്ഞു തുളുമ്പുന്ന ആഹ്ളാദം. കൃത ത തം അഭിമാനപുളകിതനാക്കുന്ന വാക്കുകള്‍. വിധി ന്നാടു കനിവു കാട്ടിയതലലേ."
"en_XX: “Shortly thereafter, the father died as he tried to save a child who was about to be crushed by the wheels of a chariot. Since he had lived his entire life in a manner that was correct and fair, he went directly to heaven, where he met the angel that had appeared in his dream.","ml_IN: തി മ ളം ടം ല്ലേ. വരാന്‍ പോകുന്ന ഭാഗ്യം നേരത്തെതന്നെ ""അധികം താമസിയാതെ അച്ഛന്‍ മരിച്ചു. രഥച്രരങ്ങള്‍ക്കിട യില്‍പ്പെട്ട്‌ ചതഞ്ഞുപോകുമായിരുന്ന ഒരു കൊച്ചുകുട്ടിയെ രക്ഷപ്പെട ത്താന്‍ ശ്രമിക്കുന്നതിനിടയില്‍ അയാള്‍ സ്വയം യ യു സത്യസന്ധനും സത്സ്വഭാവിയുമായി ആയുഷ്കാലം മുഴുവന്‍ കഴിച്ചു യി അയാള്‍ മരണശേഷം നേരെ ചെന്നത്‌ സ്വര്‍ഗ്ഗത്തിലേക്കായി ന്നു. സ്വ കം പനത്തില്‍ പ്രത്യക്ഷപ്പെട്ട മാലാഖയെ അവിടെ അയാള്‍ നേരിട്ടു [ “മാലാഖ പറഞ്ഞു: “നന്മ നിറഞ്ഞൊരു ജീവിതമായിരുന്നു നിങ്ങളുടേത്‌ സനേഹിച്ചും സഹായിച്ചും കാലം കഴിച്ചു. അന്തസ്സായിത്തന്നെ മരിക്കുകയും ന ഏതു വരം വേണമെങ്കിലും ചോദിച്ചോളൂ. ഞാനത്‌ നിങ്ങള്‍ക്ക്‌ രാം."
"en_XX: “‘You were always a good man,’ the angel said to him. ‘You lived your life in a loving way, and died with dignity. I can now grant you any wish you desire.’ “‘Life was good to me,’ the man said. ‘When you appeared in my dream, I felt that all my efforts had been rewarded, because my son’s poems will be read by men for generations to come. I don’t want anything for myself. But any father would be proud of the fame achieved by one whom he had cared for as a child, and educated as he grew up. Sometime in the distant future, I would like to see my son’s words.’ “The angel touched the man’s shoulder, and they were both projected far into the future. They were in an immense setting, surrounded by thousands of people speaking a strange language.","ml_IN: “ശരിയാണ്‌, എന്റെ ജീവിതം എല്ലാ അര്‍ത്ഥത്തിലും നന്മ നിറഞ്ഞ തായിരുന്നു;' അയാള്‍ പറഞ്ഞു. “അന്ന്‌ സ്വപ്നത്തില്‍ പ്രത്യക്ഷപ്പെട്ട അവി ടന്ന്‌ എന്നോടു പറഞ്ഞത്‌. ഞാന്റെത സന്തോഷിച്ചുവെന്നോ. എന്റെ ശ്രമ ങ്ങളെല്ലാം സഫലമാകാന്‍ പോകുന്നു. എന്റെ മകന്റെ കവിതകള്‍ എത്രയോ വരുംതലമുറകള്‍ വായിച്ചു രസിക്കും. എനിക്കായി ഞാനൊന്നും ആവശ (ഒ ടുന്നില്ല. താന്‍ വളര്‍ത്തിക്കൊണ്ടു വന്ന മകന്റെ വിജയം, പ്രശസ്തി. നി കൂടുതലെന്തു വേണം ഒരച്ഛന്‍ അഭിമാനിക്കാന്‍. ഒരേ ഒരു വരമേ എനിക്കു വേണ്ടു. എപ്പോഴെങ്കിലും ആ കീര്‍ത്തിയുടെ സാക്ഷിപ്രതം എന്ന നിലയ്ക്ക്‌ ത കവിതകള്‍ വായിക്കാന്‍ എനിക്കവസരമുണ്ടാകണം.' മാലാഖ അയാളുടെ തോളില്‍ തട്ടി അകലേക്ക വിദൂരഭാവിയിലെ ഒരു രംഗം. പ ചിലത്‌ പിന്തു. യ ക്കുന്നു. വിശാലമായൊരു ദൃശ്യം. അപരിചിതമായ ഏതോ ഭാഷ സംസാരി ക്കുന്ന അനേകായിരം പേര്‍ കൂട്ടംകൂടിനില്‍ക്കുന്നു. അച്ഛന്റെ കണ്ണുക ളില്‍ അഭിമാനത്തിന്റെ സംതൃപ്തിയുടെ നിറവ്‌. അല്ലെങ്കിലേ കിയ മായിരുന്നു എന്റെ മകന്റെ കവിതകള്‍ അനശ്വരങ്ങളായിരിക്കുമെന്ന്‌ ഗദഗദമടക്കാന്‍ (രശമിച്ചുകൊണ്ട്‌ അയാള്‍ മാലാഖയോടു പറഞ്ഞു: ടന്നു 152 ആല്‍കെമിസ്റ്റ്‌ പറയൂ, എന്റെ മകന്റെ കവിതകളില്‍ ഏതാണവര്‍ ചൊല്ലിക്കൊണ്ടിരിക്കു ന്നത്‌?"
"en_XX: “‘Your son went to serve at a distant place, and became a centurion. He was just and good. One afternoon, one of his servants fell ill, and it appeared that he would die. Your son had heard of a rabbi who was able to cure illnesses, and he rode out for days and days in search of this man. Along the way, he learned that the man he was seeking was the Son of God. He met others who had been cured by him, and they instructed your son in the man’s teachings.","ml_IN: അക്കാലത്ത്‌ രോഗികളെ ചികിത്സിച്ച്‌ സുഖപ്പെടുത്തി നടക്കുന്ന ഒരു യഹൂദ പുരോഹിതനെപ്പറ്റി അവന്‍ കേള്‍ക്കാനിടയായി. ആ പുരോഹിതനെയും അന്വേഷിച്ച്‌ അവര്‍ ദിവസങ്ങളോളം പലയിടത്തും സഞ്ചരിച്ചു. അതിനിടയില്‍ അവനു ബോധ്യമായി, താന്‍ അന്വേഷിക്കുന്ന ആ പുരോഹിതന്‍ ദൈവ പുരതന്‍തന്നെയാണെന്ന്‌. അദ്ദേഹം ചികിത്സിച്ചു സുഖപ്പെടുത്തിയ പല രെയും ആ യാത്രയ്ക്കിടയില്‍ കണ്ടുമുട്ടി. അവരില്‍നിന്ന്‌ ദൈവപു(തന്റെ തിരുവചനങ്ങള്‍ അവന്‍ കേട്ടറിഞ്ഞു. റോമാസാമ്രമാജ്യത്തിലെ ഉയര്‍ന്നൊരു സൈനികോദ്യോഗസ്ഥനായിരുന്നിട്ടുപോലും അവന്റെ മനസ്സില്‍ ദൈവപുത്ര ന്റെപ്രതി വിശ്വാസം വളര്‍ന്നു. ഒടുവില്‍ താന്‍ തിരഞ്ഞുകൊണ്ടിരുന്ന യഹൂദ പുരോഹിതനെ അവന്‍ കണ്ടെത്തി. അവിടെയൊരിടത്ത്‌ അദ്ദേഹം യദ ച്ഛയാ വന്നെത്തിയതായിരുന്നു."
"en_XX: As he was about to climb yet another dune, his heart whispered, “Be aware of the place where you are brought to tears. That’s where I am, and that’s where your treasure is.”",ml_IN: മുമ്പില്‍ മറ്റൊരു മണല്‍ക്കൂന. അതു കയറി മറയാന്‍ തുടങ്ങവേ അവന്റെ ഹൃദയം മ്ര്ത്രിച്ചു: “ഇവിടെയെവിടെയെങ്കിലും വെച്ച്‌ നീ കര യാനിടയായാല്‍ അവിടെയാണെന്റെ സ്ഥാനം. നീ തേടുന്ന നിധിയും അവി ടെത്തന്നെ. കരുതിയിരുന്നോളൂ.”
"en_XX: When he reached the top of the dune, his heart leapt. There, illuminated by the light of the moon and the brightness of the desert, stood the solemn and majestic Pyramids of Egypt.",ml_IN: സാവധാനത്തില്‍ അവന്‍ ആ മണല്‍ക്കുന്നു കയറി. നക്ഷ്ധ്രങ്ങള്‍ നിറഞ്ഞ ആകാശം. തെളിഞ്ഞു പ്രകാശിക്കുന്ന പൂര്‍ണ്ണച്ര്രന്‍. ആ മരുപ്പച്ച യില്‍നിന്ന്‌ അവന്‍ യാത്ര തിരിച്ചിട്ട്‌ കൃത്യം ഒരു മാസമായിരിക്കുന്ന നിലാവെളിച്ചം നിഴല്‍ വീഴ്ത്തിയിരിക്കുന്ന മണല്‍ക്കൂനകള്‍. ലയ ച്ചുയരുന്ന കടല്‍പോലെ തോന്നി. അന്ന്‌ ആദ്യമായി മരുഭൂമിയില്‍ വെച്ച്‌ താനും ആല്‍കെമിസ്റ്റുമായി കണ്ടുമുട്ടിയ രംഗം അവനോര്‍ത്തുപോയി അന്നും ഇതുപോലെ മരുഭൂമിയുടെ നിശ്ശൂബ്ദതയ്ക്കു മീതെ നിലാവിന്റെ പ്രകാശം പരന്നിരുന്നു. അന്നുതന്നെയാണ്‌ തന്റെ ഈ യാത്രയും തുടങ്ങി യത്‌; പിരമിഡുകള്‍ക്കരുകില്‍ മറഞ്ഞുകിടക്ക ന ൂ ന്ന നിധി തേടിയുള്ള 1൭4 ആല്‍കെമിസ്റ്റ്‌ മണല്‍ക്കുന്നിന്റെ മുകളില്‍ കയറിപ്പറ്റിയതോടെ അവന്റെ ഹൃദയം ശക്തിയോടെ ഒന്നു കുതിച്ചു. അവന്റെ മുമ്പില്‍ പാര്‍ണ്ണമിച്ചനദ്രന്റെ പ്രഭയില്‍ പ്രരഡാഗംഭീരമായി ഉയര്‍ന്നുനില്‍ക്കുന്ന പിരമിഡുകള്‍.
"en_XX: The boy fell to his knees and wept. He thanked God for making him believe in his Personal Legend, and for leading him to meet a king, a merchant, an Englishman, and an alchemist. And above all for his having met a woman of the desert who had told him that love would never keep a man from his Personal Legend.","ml_IN: അവിടെത്തന്നെ അവന്‍ മുട്ടുകുത്തി. സ്വയമറിയാതെ അവന്റെ കണ്ണു കള്‍ നിറഞ്ഞൊഴുകുവാന്‍ തുടങ്ങി. അവന്‍ ഹൃദയപൂര്‍വ്വം ഈശ്വരനോടു നന്ദി പറഞ്ഞു; സ്വന്തം ജീവിതത്തിന്റെ ദൌതൃത്തെക്കുറിച്ച്‌ അവനില്‍ വിശ്വാ സമുളവാക്കിയതിന്‌, ജ്ഞാനിയായ ആ രാജാവിന്റെ മുമ്പിലേക്ക്‌ തന്നെ എത്തിച്ചതിന്‌, സ്ഫടികവ്യാപാരിയെയും ഇംഗ്ലീഷുകാരനെയും കണ്ടുമുട്ടാന്‍ സഹായിച്ചതിന്‌, ഒടുവില്‍ ആല്‍കെമിസ്റ്റുമായി പരിചയപ്പെടാന്‍ ഇടവരു ത്തിയതിന്‌. സ്വന്തം ജീവിതത്തിന്റെ ലക്ഷ്യം നിറവേറ്റുന്നതില്‍ പ്രേമം ഒരി ക്കലും തടസ്സമാകില്ലെന്ന്‌ പഠിപ്പിച്ച മരുഭൂമിയിലെ ആ പെണ്‍കുട്ടിക്കു വേണ്ടിയും അവന്‍ ദൈവത്തോട്‌ നന്ദി രേഖപ്പെടുത്തി."
"en_XX: If he wanted to, he could now return to the oasis, go back to Fatima, and live his life as a simple shepherd. After all, the alchemist continued to live in the desert, even though he understood the Language of the World, and knew how to transform lead into gold.",ml_IN: ഇനി വേണമെങ്കില്‍ ആ മമരുപ്പച്ചയിലേക്കുതന്നെ തനിക്കു തിരിച്ചു പോകാം. അവനാലോചിച്ചു. ഫാത്തിമയെ വിവാഹം കഴിച്ച്‌ സാധാരണമട്ടില്‍ ഒരിടയനായി ജീവിതം തുടരാം.
"en_XX: Another omen! The boy began to dig into the dune. As he did so, he thought of what the crystal merchant had once said: that anyone could build a pyramid in his backyard. The boy could see now that he couldn’t do so if he placed stone upon stone for the rest of his life.","ml_IN: അവന്‍ അവിടെത്തന്നെ കുഴിക്കാന്‍ തുടങ്ങി. എന്തുകൊണ്ടോ അപ്പോള്‍ ഓര്‍ത്തുപോയത്‌ ആ സ്ഫടികവ്യാപാരിയുടെ വാക്കുകളാണ്‌. എത്ര നിസ്സാ രമായാണയാള്‍ പറഞ്ഞത്‌, വേണമെന്നുവെച്ചാല്‍ ആര്‍ക്കും അവനവന്റെ വീട്ടുമുറ്റത്ത്‌ ഒരു പിരമിഡ്‌ പണിതുയര്‍ത്താമെന്ന്‌. ഇതിലും വലിയ വിഡ്ഡി ത്തമുണ്ടോ? അവന്‍ തന്നത്താന്‍ പറഞ്ഞു. ഒരായുഷ്കാലം മുഴുവന്‍ ഒന്നിനു മീതെ ഒന്നായി കല്ലുകളെടുത്തുവെച്ചാലും പണിതീര്‍ക്കാനാകുന്നതാണോ പിരമിഡ്‌!"
"en_XX: Throughout the night, the boy dug at the place he had chosen, but found nothing. He felt weighted down by the centuries of time since the Pyramids had been built. But he didn’t stop. He struggled to continue digging as he fought the wind, which often blew the sand back into the excavation. His hands were abraded and exhausted, but he listened to his heart. It had told him to dig where his tears fell.","ml_IN: ആ രാത്രി മുഴുവന്‍ അതേ സ്ഥലത്തുതന്നെ പിന്നെയും പിന്നെയും അവന്‍ കുഴിച്ചു. പക്ഷേ, ഒന്നും കണ്ടെത്താനായില്ല. പിരമിഡുകള്‍ പണി 155 ആല്‍കെമിസ്റ്റ്‌ കഴിപ്പിച്ച കാലം മുതല്ക്കുള്ള നൂറ്റാണ്ടുകള്‍ അവന്റെ വഴി മുടക്കി നില്‍ കഴുന്നതുപോലെ. എന്നാലും അവന്‍ ബുദ്ധിമുട്ടി കുഴിച്ചുകൊണ്ടേയിരുന്നു."
"en_XX: As he was attempting to pull out the rocks he encountered, he heard footsteps. Several figures approached him. Their backs were to the moonlight, and the boy could see neither their eyes nor their faces.",ml_IN: മണലിനടിയില്‍ കിടന്നിരുന്ന ഏതാനും വലിയ കല്ലുകള്‍ ഇളക്കി മാറ്റാന്‍ ശ്രമിക്കവേ പുറകില്‍ കനത്ത കാലടിശബ്ദങ്ങള്‍. ആരോ ഒക്കെ അവന്റെ അരികിലേക്കു നടന്നു വരുന്നു. അവരുടെ കണ്ണോ മുഖമോ അവന്‍ വ്യക്ത മായി കാണാന്‍ കഴിഞ്ഞില്ല. നിലാവെളിച്ചം വന്നു വീണിരുന്നത്‌ അവരുടെ പുറകിലായിരുന്നു.
"en_XX: “I’m not hiding anything,” the boy answered.",ml_IN: അയാള്‍ ഉത്തരമൊന്നും പറഞ്ഞില്ല.
en_XX: “He’s probably got more gold hidden in the ground.”,ml_IN: “ഇവന്റെ കൈയില്‍ ഇനിയും സ്വര്‍ണ്ണം കാണും. ഒക്കെ ഈ കുഴിയില്‍ കുഴിച്ചിട്ടിരിക്കയായിരിക്കും.”
"en_XX: They made the boy continue digging, but he found nothing. As the sun rose, the men began to beat the boy. He was bruised and bleeding, his clothing was torn to shreds, and he felt that death was near.","ml_IN: അവനെക്കൊണ്ടുതന്നെ അവിടെ വീണ്ടും വീണ്ടും അവര്‍ ആഴത്തില്‍ കുഴിപ്പിച്ചു. ഫലമൊന്നുമുണ്ടായില്ല. നേരം വെളുത്തു തുടങ്ങി. അവര്‍ അവനെ കഠിനമായി പ്രഹരിച്ചു. കുപ്പായം കീറിപ്പറിഞ്ഞു. മേലാസകലം ചതവും മുറിവും. ചോര വാര്‍ന്നൊലിക്കുന്നു. അവനു തോന്നി, മരണം തന്റെ തൊട്ടുമുമ്പില്‍ എത്തിനില്‍ക്കുന്നുവെന്ന്‌."
"en_XX: The boy stood up shakily, and looked once more at the Pyramids. They seemed to laugh at him, and he laughed back, his heart bursting with joy.",ml_IN: അവന്‍ ഒരിക്കല്‍കൂടി പിരമിഡുകളുടെ നേരെ നോക്കി. അവ തന്നെ നോക്കി പരിഹസിച്ചു ചിരിക്കുകയാണോ? അവനും തോന്നി ഒന്നുറക്കെ പൊട്ടിച്ചിരി ക്കാന്‍.
en_XX: Because now he knew where his treasure was.,"ml_IN: മനസ്സില്‍ ആഹ്ളാദത്തിന്റെ തിരതല്ലല്‍. കാരണം, അവനു മനസ്സിലായി താന്‍ അന്വേഷിക്കുന്ന നിധി എവിടെക്കിടക്കുന്നുവെന്ന്‌."
"en_XX: “No,” he heard a voice on the wind say. “If I had told you, you wouldn’t have seen the Pyramids. They’re beautiful, aren’t they?”","ml_IN: 158 ആല്‍കെമിസ്റ്റ്‌ “ഇല്ല.” വ്യക്തമായി കേട്ട ആ വാക്കുകള്‍ കാറ്റിന്‍െറയുള്ളില്‍നിന്നാണ്‌ വന്നതെന്നു തോന്നി. “അതിനെക്കുറിച്ച്‌ ഞാന്‍ നേരത്തെ പറഞ്ഞിരുന്നുവെ ങ്കില്‍ പിരമിഡുകള്‍ നീ കാണുമായിരുന്നുവോ? സത്യം പറയൂ. എന്താണ തിന്‍െറയൊരു പ്രാഡി, അല്ല്ലേ!”"
"en_XX: The boy smiled, and continued digging. Half an hour later, his shovel hit something solid. An hour later, he had before him a chest of Spanish gold coins. There were also precious stones, gold masks adorned with red and white feathers, and stone statues embedded with jewels. The spoils of a conquest that the country had long ago forgotten, and that some conquistador had failed to tell his children about.","ml_IN: ഒരു മണിക്കൂറോളം അങ്ങനെ കുഴിച്ചുകാണും. അപ്പോഴേക്കും അതാ, നിറയെ സ്വര്‍ണ്ണനാണയങ്ങള്‍ കുലുങ്ങുന്ന വലിയൊരു മരപ്പെട്ടി. അത്ര്തയും സ്പെയ്നിലെ സ്വര്‍ണ്ണനാണയങ്ങളായിരുന്നു. പിന്നെ നിരവധി അമൂല്യ രത്നങ്ങള്‍. വെളുത്തതും ചുകന്നതുമായ തൂവല്‍കൊണ്ട്‌ അലങ്കരിച്ച പൊന്നുകൊണ്ടുണ്ടാക്കിയ മുഖംമൂടികള്‍. വിലയേറിയ കല്ലുകള്‍ പതിച്ച പ്രതിമകള്‍. ഏതോ കാലത്തു നടന്ന ഒരു പടയോട്ടത്തില്‍ ആരോ ആരെയോ തോല്പിച്ചു കൈക്കലാക്കിയ മുതല്‍. ഉടമസ്ഥന്‍ കാര്യമായി സൂക്ഷിച്ചു വെച്ചതാകാം. പക്ഷേ, സ്വന്തം മക്കളോടു പറയാന്‍ മറന്നുപോയിരിക്കും."
"en_XX: It’s true; life really is generous to those who pursue their Personal Legend, the boy thought. Then he remembered that he had to get to Tarifa so he could give one-tenth of his treasure to the Gypsy woman, as he had promised. Those Gypsies are really smart, he thought. Maybe it was because they moved around so much.","ml_IN: ശരിയാണ്‌. സ്വന്തം ദൌതൃത്തെക്കുറിച്ച്‌ ബോധമുള്ളവരുടെ മുമ്പില്‍ ജീവിതം എത്ര ഉദാരമായാണ്‌ വന്നുനില്‍ക്കുന്നത്‌. ഇടയില്‍ ഒരു കാര്യംകൂടി അവനോര്‍ത്തു: ടരീഫയില്‍ ചെല്ലണം, ആ ജിപ്സിത്തള്ളയെ കണ്ടുപിടി ക്കണം. നിധി കിട്ടിയാല്‍ അതില്‍നിന്ന്‌ പത്തിലൊന്ന്‌ അവര്‍ക്കു കൊടുത്തു കൊള്ളാമെന്ന്‌ അന്ന്‌ വാക്കു പറഞ്ഞിട്ടുള്ളതാണ്‌. ഏതായാലും ജിപ്സിക ളുടെ സാമര്‍ത്ഥ്യം ഒന്നുവേറെതന്നെ. ഒരുപക്ഷേ, നാടുമുഴുവന്‍ ചുറ്റിത്തിരി യുന്നതുകൊണ്ടാകുമോ അവര്‍ക്കിത്രയധികം മിടുക്ക്‌!"
"en_XX: “I’m coming, Fatima,” he said.",ml_IN: അവന്‍ ഉറക്കെ വിളിച്ചുപറഞ്ഞു: “ഫാത്തിമാ ദാ... ഞാന്‍ വരികയായി.”
"en_XX: One Like two defeated men, Hameed and I stood for a while in front of the small police station at Batha. Two policemen were sitting in the sentry box near the gate. One was reading something. His posture, the way he moved his head, and his half-closed eyes, suggested that it was a religious text. The second policeman was on the telephone. His laughter and chatter audible in the street. Although the two sat close to each other, they were in different worlds. Neither worlds cared for us.","ml_IN: ഒന്ന് ബത്തയിലെ ചെറിയ പോലീസ് സ്റ്റേഷനു മുന്നിൽ ഞാനും ഹമീദും omതോറ്റ വരെപ്പോലെ കുറേനേരം നിന്നു. ഗേറ്റിനോടു ചേർന്നുള്ള പാറാവുകൂട്ടിൽ രണ്ട് പോലീസുകാർ ഇരിപ്പുണ്ട്. ഒരാൾ എന്തോ വായിക്കുകയാണ്. ആ ഇരിപ്പും തലയാട്ടലും പാതി അടഞ്ഞ കണ്ണുകളും ഏതോ മതഗ്രന്ഥമാണ് വായിക്കുന്നതെന്ന് ഉറപ്പുതരുന്നുണ്ട്. രണ്ടാമത്തെ പോലീസുകാരൻ ടെലി ഫോണിലാണ്. അയാളുടെ വർത്തമാനവും ചിരിയും അലർച്ചയും ഇങ്ങ് റോഡുവരേക്കും കേൾക്കാം. വളരെ അടുത്താണ് ഇരിക്കുന്നതെങ്കിലും രണ്ടു പേരും രണ്ടു ലോകത്താണുള്ളത്. രണ്ടു ലോകങ്ങളും ഞങ്ങളെ ശ്രദ്ധിക്കു ന്നതേയില്ല. ചാഞ്ഞ് പാറാവുകൂടിന് തെല്ലുദൂരത്തായി വഴിയിലേക്കു ഒരു കാട്ടു നാരകം നില്പുണ്ട്. അതിൻറെ തണലുപറ്റി ഞങ്ങൾ നിലത്ത് കുത്തിയി രുന്നു. പാറാവുകാരിൽ ആരെങ്കിലും ഒരാൾ തൻ്റെ പ്രവൃത്തിയിൽനിന്നും മുക്തനായി ഞങ്ങളെ ശ്രദ്ധിക്കും എന്ന പ്രതീക്ഷയോടെ. ഏറെനേരം ഞങ്ങൾ അങ്ങനെ ഇരുന്നു. അതിനിടെ ഒന്നുരണ്ട് അറബികൾ പോലീസ് സ്റ്റേഷനുള്ളിലേക്ക് മൃതിയിൽ നടന്നുപോവുകയും മൂന്നാലു പേരെങ്കിലും അലസമായി തിരിച്ചുപോവുകയും ചെയ്തു. അവർക്ക് ഞങ്ങളെ ശ്രദ്ധി ക്കേണ്ട ഒരാവശ്യവും ഇല്ലായിരുന്നു. ഇടയ്ക്ക് സ്റ്റേഷൻ്റെ മതിൽക്കെട്ടിനു ള്ളിൽനിന്നും ഒരു പോലീസ് വാഹനം പുറത്തേക്കു വന്നു. ഞങ്ങൾ ചാടി എഴുന്നേറ്റ് പ്രതീക്ഷയോടെ അവരെ നോക്കി. എന്നാൽ പ്രധാന നിര ത്തിൽനിന്നും വാഹനങ്ങൾ വല്ലതും വരുന്നുണ്ടോ എന്ന് ഇരുവശത്തേക്കും നോക്കാനായി വണ്ടി ഒരുനിമിഷത്തേക്ക് നിറുത്തിയശേഷം അവർ അവ രുടെ വഴിക്ക്ഓടിച്ചുപോയി. ഞങ്ങൾ നിരാശരായി വീണ്ടും മരച്ചുവട്ടിലേക്കു ചാഞ്ഞു. ഒന്നാം പാറാവുകാരൻ ടെലിഫോൺ സംഭാഷണം നിറുത്തി എന്നു തോന്നുമ്പോഴൊക്കെ ഞങ്ങൾ ചാടി എഴുന്നേക്കുകയും പാറാവുകൂടുവരെ പ്രതീക്ഷയോടെ നടന്നുചെല്ലുകയും ചെയ്യും. പക്ഷേ ഒരു പ്രയോജനവും ഉണ്ടാവില്ല. അയാൾ ഒരുനിമിഷത്തിന്റെപോലും ഇടവേള കൊടുക്കാതെ അടുത്ത വിളിയിലേക്ക് കടന്നുകഴിഞ്ഞിരിക്കും. പുസ്തകവായനക്കാരൻ, 25     ആടുജീവിതം രണ്ടാം പാറാവ്, അയാളുടെ വായനയിൽനിന്ന് ഉടനെയൊന്നും ഉണരുന്ന മട്ടേയില്ല. ശ്രദ്ധയാകർഷിക്കാനുള്ള ശ്രമത്തിന്റെ ഭാഗമായി പാറാവുകൂടിൻ്റെ മുന്നി ലൂടെ ഞങ്ങൾ രണ്ടുമൂന്നാവൃത്തി വെറുതെ നടന്നുനോക്കി. എന്നിട്ടും അവർ ഞങ്ങളെ ശ്രദ്ധിക്കുകയോ ഞങ്ങളോടെന്തെങ്കിലും ചോദിക്കുകയോ ചെയ്യുന്നില്ല. യാദൃച്ഛികമായി വല്ല അത്യാവശ്യത്തിനും പത്താക്കയില്ലാതെ മുറിവിട്ട് പുറത്തിറങ്ങേണ്ടി വരുന്ന എത്രയധികം നിർഭാഗ്യവാന്മാരെ പൊതുസ്ഥ ലത്തും ചന്തയിലും മസ്‌ജിദിനു മുന്നിലും ഒക്കെയിട്ട് കൈയോടെ പിടികൂടി ജയിലിലാക്കിയ കഥകൾ എത്രയെണ്ണം ഈ ദിവസങ്ങൾക്കിടയിൽ ഞങ്ങൾ കേട്ടിരിക്കുന്നു. എന്നാൽ അതേ ആഗ്രഹത്തോടെ എത ദിവസമായി ഞങ്ങൾ ബത്തയിലെ പച്ചക്കറിച്ചന്തയിലൂടെയും മീൻചന്തയിലൂടെയും പൊതുവഴി യിലൂടെയും നടക്കുന്നുവെന്നോ... എത മുത്തവമാർ ഞങ്ങളെ കടന്നുപോയി. ആരും ഞങ്ങളെ തടഞ്ഞില്ല. എത്ര പോലീസുകാരുടെ മുന്നിൽ ഞങ്ങൾ ചെന്നുപെട്ടു. ആരും ഞങ്ങളെ പരിശോധിച്ചില്ല. എന്തിന് പല മസ്‌ജിദു കൾക്കു മുന്നിലും പല നേരത്തും ഞങ്ങൾ നമസ്‌കാരത്തിനു കൂടാതെ ചുറ്റി ക്കറങ്ങി നടന്നു. എന്നിട്ടുകൂടി ആരും ഞങ്ങളെ ഗൗനിക്കുന്നതേയില്ല. ഒരു ദിവസം ശ്രദ്ധയാകർഷിക്കട്ടെ എന്നുകരുതി ഞാനൊരു പോലീസുകാരന്റെ കാലിൽ തട്ടി വീഴുന്നതുപോലെ അഭിനയിക്കുകകൂടി ചെയ്‌തു. അയാൾ എന്നെ പിടിച്ച് പരിശോധിക്കുന്നതിനു പകരം എന്നെ പിടിച്ചെഴുന്നേല്‌പിച്ച് അള്ളാഹുവിന്റെ നാമത്തിൽ ക്ഷമ ചോദിച്ച് എന്നെ നിഷ്കരുണം പറഞ്ഞ യയ്ക്കുകയാണ് ചെയ്‌തത്. ആഗ്രഹിക്കുമ്പോൾ നിർഭാഗ്യങ്ങൾപോലും നമ്മെ തേടിവരാൻ മടിക്കുന്നു എന്നത് എത്ര കഷ്ടമാണ്, അല്ലേ...? ഒടുവിൽ നിവൃത്തിയില്ലാതെയാണ് ഈ പോലീസ് സ്റ്റേഷന്റെ മുന്നിൽ വന്നു നിക്കാൻ തീരുമാനിച്ചത്. എന്നിട്ടും ഫലമില്ല. ഏറെനേരം കഴിഞ്ഞ പ്പോൾ പാറാവുകാരെ മറികടന്ന് പോലീസ്സ്റ്റേഷനുള്ളിലേക്ക് കയറിച്ചെ ല്ലാൻ ഞങ്ങൾ തീരുമാനിച്ചു. ഹമീദിൽനിന്ന് അങ്ങനെ ഒരു ആശയം വന്നതും ഞാനതു കേൾക്കാൻ കാത്തിരുന്നതുപോലെ എഴുന്നേറ്റ് ഒരു നടപ്പുവച്ചു കൊടുത്തു. ഇനിയും കാത്തിരിക്കാൻ എനിക്കു വയ്യായിരുന്നു... ഗേറ്റിലെ നീളൻ ഇരുമ്പുദണ്ഡ് മുറിച്ചുകടന്നതും പുസ്‌തകവായനക്കാരൻ രണ്ടാം പാറാവ് കണ്ണുയർത്തി ഞങ്ങളെ പിന്നിൽനിന്നും വിളിച്ചു. മുദീറിനെ കാണണം എന്നു പറഞ്ഞുകൊണ്ട് ഞാൻ പാറാവുകൂടിനടുത്തേക്കു ചെന്നു. പൊയ്ക്കൊള്ളാൻ കൈകാണിച്ചുകൊണ്ട് രണ്ടാം പാറാവ് വീണ്ടും പുസ്‌തക ത്തിലേക്കു തിരിഞ്ഞു. നീളൻ പടിക്കെട്ടുകളും ഖുറാൻ വചനങ്ങൾ ആലേഖനം ചെ‌ത വിസ്താരമേറിയ വാതിൽപ്പാളികളും കടന്ന് ഞങ്ങൾ പോലീസ്സ്റ്റേഷനു ള്ളിലേക്കു ചെന്നു. തോരണങ്ങൾപോലെ നിറയെ പേപ്പറുകൾ കുത്തിയി 26     ബെന്യാമിൻ ഒരു നോട്ടീസ് ബോർഡിനു താഴെ കുറെ പോലീസുകാർ വട്ടംകൂടിയിരുന്ന് ഖുബൂസ് കഴിക്കുകയും കാവ കുടിക്കുകയും വലിയവായിൽ വർത്തമാനം പറയുകയും ചെയ്യുന്നു. അവിടത്തെ കൗണ്ടറിനു മുന്നിൽ ഞങ്ങൾ പതുങ്ങി നിന്നു. വർത്തമാനത്തിൽ നിന്നും ഇടയ്ക്കെപ്പോഴോ കണ്ണെടുത്ത ഒരു പോലീസുകാരൻ തീറ്റ നിർത്താതെതന്നെ പുരികമുയർത്തി കാര്യമന്വേ My. ഭാഷയൊന്നും വശമില്ലെന്നു കാണിക്കാനായി ഞാൻ ചില കയ്യാംഗ്യങ്ങൾ കാണിച്ചു. കയ്യിലൊരു കാവക്കപ്പുമായി മറ്റൊരു പോലീസുകാരൻ എഴു ന്നേറ്റു വന്ന് പത്താക്ക ചോദിച്ചു. (അതെ. അവസാനം ഒരാൾ ചോദിച്ചിരി ക്കുന്നു!) ഇല്ല എന്ന് നിസ്സഹായതയോടെ ഞങ്ങൾ തലയാട്ടി. അയാൾ കാവക്കപ്പ് ടേബിളിനു മുകളിൽ വച്ചു. ഡ്രായർ വലിച്ച് ടിഷ്യൂപേപ്പർ എടുത്ത് കയ്യും ചുണ്ടും തുടച്ചു. പിന്നെ അകത്തേക്കു നടന്നുകൊണ്ട് അനുഗമിക്കാൻ കയ്യാംഗ്യം കാണിച്ചു. മുദീറിന്റെ മുറിയിലേക്കാണ് അയാൾ ഞങ്ങളെ കൂട്ടിക്കൊണ്ടുപോയത്. ഞങ്ങളെ കണ്ടതും മുദീർ കമ്പ്യൂട്ടറിൽനിന്നും മുഖമുയർത്തി. കൂട്ടിക്കൊണ്ടു പോയ പോലീസുകാരൻ എന്തൊക്കെയോ മുദീറിനോട് പറഞ്ഞു. മുദീർ ഞങ്ങളോട് എന്തൊക്കെയോ ചോദിച്ചു. എന്തെങ്കിലും മനസ്സിലാവുന്നതിന്റെ ഒരു ലക്ഷണവും ഞങ്ങൾ കാണിച്ചില്ല. എൻ്റേത് ഒരു നാട്യമായിരുന്നില്ല. അവർ സംസാരിച്ചതിലും മുദീർ ചോദിച്ചതിലും മുക്കാൽ പങ്കും എനിക്കു മനസ്സിലായില്ല എന്നതാണ് സത്യം. എന്നാൽ ഹമീദിന്റേത് ശുദ്ധ അഭിനയി മായിരുന്നു. അവൻ നല്ല പച്ചവെള്ളംപോലെ അറബി പറയുന്നത് ഞാൻ കേട്ടിട്ടുണ്ട്. മുദീറും പോലീസുകാരനും തമ്മിൽ പിന്നെയും എന്തൊക്കെയോ സംസാരിച്ചു. അതിനിടെ ഞാൻ മുദീറിന്റെ മുറിയിലൂടെ ഒന്നു കണ്ണോടിച്ചു നോക്കി. ഒരു വലിയ ഓഫീസ് ആയിരുന്നു അത്. ഖുറാൻ വചനങ്ങളും രാജാക്കന്മാരുടെ ചിത്രങ്ങളും ക അബയുടെ ചിത്രവും ഭിത്തിയിൽ തൂങ്ങു ന്നുണ്ട്. മുദീറിന്റെ ഇടതുവശത്ത് ഒരു ടി. വി. വലതുവശത്ത് ഒരു കമ്പ്യൂട്ടർ. കുറച്ചുമാറി രണ്ട് സോഫയും ഒരു ടീപ്പോയയും. അതിനരുകിൽ ഒരു പൂപാത്രം. അതിൽ കുറച്ച് പ്ലാസ്റ്റിക് പൂക്കൾ. എതിർഭിത്തിയിൽ ഒരു ബോർഡ്. അതിൽ കുറേ ഫോട്ടോകൾ. ഒന്നിനുമല്ലാതെ ഞാൻ വെറുതെ ആ ഫോട്ടോകളിലൂടെ ഒന്നു കണ്ണോടിച്ചു. ചത്ത മീൻകണ്ണുകളുള്ള താടിക്കാർ, അറബിക്കുപ്പായം ധരിച്ച കറുത്തവർ, ഊശാൻ താടിയും കൂർത്ത കണ്ണുകളുമുള്ള ആഫ്രിക്കൻ വംശജർ... പേരുകളാവും, ഓരോ ഫോട്ടോ യ്ക്കും, അറബിയിൽ ഓരോ അടിക്കുറിപ്പ്. അങ്ങനെ നോക്കിനോക്കി നാലാമത്തെ വരിയിൽ മൂന്നാമത്തെ ഫോട്ടോയിലെത്തിയതും എൻ്റെ കണ്ണ് അവിടെ ധ്രുവമഞ്ഞുപോലെ ഉറഞ്ഞുപോയി. ഞാൻ തലകുടഞ്ഞ് ഒന്നുകൂടി സൂക്ഷിച്ചുനോക്കി. എന്റെ സംശയം ഇരട്ടിച്ചു. പെട്ടെന്ന് എൻ്റെ ഹൃദയം വല്ലാതെ മിടിക്കാൻ തുടങ്ങി. അതുവരെയില്ലാത്ത ഒരു ഭീതി എന്നെ   27 ആടുജീവിതം   ബാധിച്ചു. എൻ്റെ സംശയം ഉറപ്പുവരുത്താനായി ഞാൻ ഫോട്ടോ പതിച്ച ബോർഡിനരികിലേക്ക് അബോധത്തോടെ നീങ്ങിച്ചെന്നു. ഇബ്രാഹിം ഖാദരി! ഞാൻ അറിയാതെ നെഞ്ചത്ത് കൈവച്ചുപോയി!! എന്താ നിനക്കയാളെ അറിയാമോ...? പെട്ടെന്ന് പോലീസുകാരൻ എന്നോട് ചോദിച്ചു. ഞാനൊന്നു ഞെട്ടി. പതറി. എൻ്റെ ഭാവപ്പകർച്ച ആർക്കും മനസ്സി ലാവുന്നതായിരുന്നു. എന്നിട്ടും ഇല്ല എന്നു തലകുലുക്കി. മുദീർ എന്നെ അടുത്തേക്കു വിളിച്ചു. ഞാൻ മുന്നിലെത്തിയതും ചാടി എഴുന്നേറ്റ് മുദീർ എന്റെ ചെവികൂട്ടി ഒരടി അടിച്ചു. ഹാ! വേദനയുടെ ഒരു ചൂടാവി മറുചെവി യിലൂടെ പുറത്തേക്ക് ഒഴുകിപ്പോകുന്നതു മാത്രമേ ഇപ്പോഴോർമ്മയുള്ളൂ. പിന്നെന്തിനാണ് നീ ആ ഫോട്ടോ നോക്കാൻ പോയത്...? മുദീർ അലറി. ഞാൻ തലകുനിച്ചു നിന്നു. പിന്നെയും അയാളെന്തൊക്കെയോ അറബിയിൽ ചോദിച്ചു. ഒന്നിനും ഞാൻ മറുപടി പറഞ്ഞില്ല. ഒടുവിൽ ഒരടികൂടി പൊട്ടി ച്ചിട്ട് അയാൾ കസേരയിലേക്ക് ഇരുന്നു. ഞാൻ കരഞ്ഞില്ല. പക്ഷേ ഹമീദ് കരഞ്ഞു. അതുകൊണ്ട് അവന് ഒന്നും കിട്ടിയില്ല. മുദീർ പോലീസുകാരന് എന്തൊക്കെയോ നിർദ്ദേശങ്ങൾ കൊടുത്തു. അയാൾ ഞങ്ങളെ അടുത്തി മുറിയിലേക്കു കൊണ്ടുപോയി മറ്റൊരു പോലീസുകാരനെ ഏല്പിച്ചു അയാൾ അലമാര തുറന്ന് വിലങ്ങെടുത്ത് ഞങ്ങളുടെ കൈകൾ പൂട്ടി. പിന്നെ അവിടത്തെ ഒരു ബഞ്ചിൽ ഇരുത്തി. ഞങ്ങളെപ്പോലെ വേറെയും നാലഞ്ചുപേർ അവിടവിടെയായി വിലങ്ങ ണിഞ്ഞ് ഇരുിപ്പുണ്ടായിരുന്നു. സത്യത്തിൽ ഞങ്ങളുടെ മുഖത്തുണ്ടായിരുന്ന രഹസ്യസന്തോഷം അവരുടെ മുഖങ്ങളിൽ ഉണ്ടായിരുന്നോ എന്നു സംശയ മാണ്. ഉച്ചതിരിഞ്ഞതോടെ വിലങ്ങഴിച്ച് ഞങ്ങളെ അവിടത്തെതന്നെ ഒരു സെല്ലിലേക്കു മാറ്റി. കഷ്ടിച്ച് മൂന്നുപേർക്ക് ഇരിക്കാവുന്ന ആ സെല്ലിൽ ഞങ്ങൾ ആറുപേർ ഉണ്ടായിരുന്നു. അക്കൂട്ടത്തിൽ കുമാർ എന്നു പേരായി ഒരു മലയാളിയും ഉണ്ടായിരുന്നതായി ഞാൻ ഓർക്കുന്നു. എന്റെ്റെയും ഹമീദി ന്റെയും കഥകളിൽനിന്ന് വ്യത്യസ്തമായി ഒരു പച്ചക്കറിക്കടയിൽ നിന്നിരുന്ന കുമാറിനെ മോഷണക്കുറ്റം ചുമത്തി അറബിതന്നെ കൊണ്ടുചെന്നാക്കിയി രിക്കുകയാണ്. ബാക്കി രണ്ടുപേർ അറബികളും ഒരാൾ പാക്കിസ്താനിയും ആയിരുന്നു. അവരുടെ പേരിലുള്ള കുറ്റങ്ങൾ എന്തായിരുന്നോ എന്തോ... അറിയില്ല. നന്നേ തിരക്കുപിടിച്ച ഒരു തീവണ്ടിമുറിയിലെന്നപോലെയുള്ള ആ ഞെരുങ്ങിയിരിപ്പിൽ, ആ രാത്രി ആർക്കും തീരെ ഉറങ്ങാനെ കഴിഞ്ഞില്ല. അറബികൾ അവരവരുടെ സൗകര്യത്തിന് കാലുകൾ നീട്ടിവച്ച് ഇരിപ്പായ തോടെ ബാക്കിയുള്ളവരുടെ കാര്യം കൂടുതൽ കഷ്ടത്തിലാവുകയും ചെയ്‌തു. എന്നാൽപ്പോലും ഞാൻ അനുഭവിച്ച ജീവിതവുമായി താരതമ്യം ചെയ്തു നോക്കുമ്പോൾ ആ കുടുസുസെൽപോലും ഒരു സ്വർഗ്ഗമായാണ് എനിക്കി നുഭവപ്പെട്ടത്. 28     ബെന്യാമിൻ പിറ്റേന്നു കാലത്ത് ഓരോ ചായയ്ക്കുശേഷം ഒരു വാഹനത്തിൽ കയറ്റി ഞങ്ങളെ പുറത്തേക്കു കൊണ്ടുപോയി. അപ്പോഴും ഞങ്ങളെ വിലങ്ങണി യിച്ചിരുന്നു. ആ വാഹനത്തിൽ ഞങ്ങളെക്കൂടാതെ വേറെയും വിലങ്ങുധാരി കൾ ഉണ്ടായിരുന്നു. വിലങ്ങുധാരികൾ പരസ്‌പരം പരിചയപ്പെടാനും കുറ്റങ്ങൾ വിശദീകരിക്കാനും നാടേതെന്നു ചോദിച്ചറിയാനും ശ്രമിക്കുന്നു ണ്ടായിരുന്നു. അക്കൂട്ടത്തിൽ ഹമീദും കൂടി. ഞാൻ തല കുമ്പിട്ട് ഇരുന്ന തേയുള്ളൂ. ആ വണ്ടി ഓടിയോടി ഒടുവിൽ ചെന്നുനിന്നത് രാജ്യത്തെ ഏറ്റവും വലിയ തടവറയായ സുമേസി ജയിലിന്റെ മതിൽക്കെട്ടിനുള്ളിലാണ്. രാജ്യത്തിൻ്റെ വിവിധ കോണുകളിൽനിന്നും വരുന്ന നിരവധി വാഹനങ്ങൾ ആ ജയിൽമുറ്റ ത്തേക്ക് പ്രവേശിച്ചുകൊണ്ടിരുന്നു. അതിൽനിന്നൊക്കെ നൂറുകണക്കിന് ""കുറ്റവാളി'കൾ അവിടെ വന്നിറങ്ങിക്കൊണ്ടിരിക്കുന്നു. തികച്ചും അസംബന്ധ മാണെങ്കിലും എന്താണെന്നറിയില്ല, പെട്ടെന്ന് നാട്ടിലെ ഒരു കല്യാണഹാളും വലിയ യാത്രാക്ഷീണത്തോടെ അതിന്റെ മുന്നിലേക്കു വന്നിറങ്ങുന്ന വരന്റെ ബന്ധുക്കളെയുമാണ് എനിക്കോർമ്മ വന്നത്. അതിലൊരു ബന്ധുവായി ഈ ഞാനും! ഞങ്ങളെ വണ്ടിയിൽനിന്നിറക്കി ജയിൽ വാർഡൻ്റെ ഓഫീസിലേക്കു കൊണ്ടുപോയി. അവിടെ വല്ലാത്തൊരു തിരക്കായിരുന്നു. നിരവധി പോലീ സുകാർ വരുന്നു, പോകുന്നു. വക്കീലന്മാർ വരുന്നു, പോകുന്നു. മുത്തവ മാർ വരുന്നു, പോകുന്നു. വേറെ ഏതൊക്കെയോ അറബികൾ വരികയും പോകുകയും ചെയ്യുന്നു. ഒറ്റനോട്ടത്തിൽ അതു നമ്മുടെ ഒരു കോടതി വരാന്തയെ അനുസ്മരിപ്പിച്ചു. വാർഡൻ്റെ ഓഫീസിനു മുന്നിൽ നന്നേ നീണ്ട ഒരു ക്യൂ ഉണ്ടായിരുന്നു. അതിൻ്റെ പിന്നിലായി ഞങ്ങളും സ്ഥാനം പിടിച്ചു. കൂടെ വന്ന പോലീസുകാർ അല്പം മാറി തണലുപറ്റി വരാന്തയിൽ ഇരുന്നു. ഓരോരുത്തരെയായി അകത്തേക്കു വിളിച്ച് വളരെപ്പതിയെപ്പതിയെയാണ് ആ ക്യൂ മുന്നോട്ടു നീങ്ങിക്കൊണ്ടിരുന്നത്. നീങ്ങിനീങ്ങിച്ചെല്ലുന്നത് ജയിലി നുള്ളിലേക്കാണെന്ന് അറിയാമായിരുന്നിട്ടും, അതിനുള്ളിലെ അവസ്ഥകളെ ഓർത്ത് വല്ലാത്തൊരു വേവലാതി ഉണ്ടായിരുന്നിട്ടും ആദ്യമായി വോട്ടു ചെയ്യാനായി പോളിംഗ് സ്റ്റേഷന്റെ മുന്നിൽ നില്ക്കുമ്പോഴുള്ള ഒരു ആഹ്ലാദം എനിക്കുണ്ടായിരുന്നു. ഞാനത് രഹസ്യത്തിൽ ഹമീദിനോട് പറയുകയും ചെയ്തു. ക്യൂ മുന്നോട്ട് നിരങ്ങിനീങ്ങി നീങ്ങി ഒടുവിൽ ഞാൻ ഏറ്റവും മുന്നിലായി. പിന്നത്തെ കാത്തുനില്പ്പിൻ്റെ മൂന്നു മിനിറ്റുകൾ. ഒരാൾ ഒരു ക്യൂവിൻ്റെ ഏറ്റവും മുന്നിലാവുമ്പോൾ ഉണ്ടാകുന്ന ഒരാകാം . അത് എന്തിനെയൊ ക്കെയാണ് ദ്യോതിപ്പിക്കുന്നത്...? ഞാൻ വിളിക്കപ്പെട്ടു. അപ്പോഴേക്കും ഞങ്ങൾക്കൊപ്പം വന്ന പോലീസു കാരനും എനിക്കൊപ്പം എഴുന്നേറ്റു വന്നു. വാർഡന്റെ മുന്നിൽ ഒരു രജിസ്റ്റർ 29     ആടുജീവിതം ഉണ്ടായിരുന്നു. പോലീസുകാരൻ കൊടുത്ത ഒരു പേപ്പർ നോക്കിയും അയാൾ പറഞ്ഞുകൊടുത്ത എന്തൊക്കെയോ വിവരങ്ങളുടെ അടിസ്ഥാനത്തിലും രജിസ്റ്ററിൽ എന്തൊക്കെയോ കുറിക്കപ്പെട്ടു. പിന്നെ ഇടതുവശത്തെ കോള ത്തിൽ എന്നെക്കൊണ്ട് ഒപ്പിടുവിച്ചു. വാർഡൻ്റെ മുറിക്കുള്ളിൽത്തന്നെ മറ്റൊരു മൂലയ്ക്ക്, ഒരു ടേബിളിട്ട് ഇനിയൊരു പോലീസുകാരൻ ഇരിപ്പുണ്ട്. അയാളുടെ മുന്നിലേക്കാണ് ഞാൻ അടുത്തതായി ആനയിക്കപ്പെട്ടത്. അയാൾ എൻ്റെ കൈത്തണ്ടയിൽ എന്തോ ഒരുതരം മഷികൊണ്ട് കുറച്ച് അറബി അക്കങ്ങൾ പച്ചകുത്തി. ചെറുപ്പത്തിൽ ഞാൻ മദ്രസയിൽ പോയി രുന്നതുകൊണ്ട് വേഗം ഞാനത് 13858 എന്ന്വായിച്ചു. ഒരുപക്ഷേ അന്നത്തെ മദ്രസപ്പഠനംകൊണ്ട് എനിക്ക് ജീവിതത്തിൽ ഉണ്ടായ ഒരേയൊരു ഉപകാരം. കണ്ടാൽ വളരെ രസം തോന്നുന്ന ഒരു വലിയ ഹാളിലേക്കാണ് ഞാൻ ചെന്നു കയറിയത്. ഹാളിൻ്റെ ഒരറ്റം മുതൽ മറ്റേ അറ്റംവരെ ബാർബർമാർ നിരന്നിരിക്കുകയാണ്. വാതില്ക്കൽ നില്ക്കുന്ന പോലീസുകാരിൽ ഒരാൾ എന്നെ അവരിൽ ഫ്രീയായ ഒരാളുടെ അടുത്തേക്കു പറഞ്ഞുവിട്ടു. പറഞ്ഞി റിയിക്കാനാവാത്തത വേഗമാണ് ബാർബർമാരുടേത്. അവരുടെ കയ്യിലിരി ക്കുന്ന തലവടിയന്ത്രം നമ്മുടെ തലയിലൂടെ ഇഴഞ്ഞുതുടങ്ങുന്നതേ നമ്മൾ അറിയൂ. രണ്ടുമിനിറ്റ്. ഏറിയാൽ മൂന്നുമിനിറ്റ്. അതിനിടയിൽ അത് അതിൻ്റെ ജോലി കൃത്യമായി നിർവഹിച്ചു കഴിഞ്ഞിരിക്കും. ഞാൻ ആ ബാർബറുടെ മുന്നിൽ കുമ്പിട്ടിരിക്കുമ്പോൾ ഹമീദ് എൻ്റെ തൊട്ടടുത്ത ബാർബറുടെ മുന്നിൽ വന്നിരിക്കുന്നത് ഞാൻ ഏറുകണ്ണിട്ട് നോക്കിക്കണ്ടു. ഞങ്ങൾ ഏകദേശം ഒന്നിച്ചാണ് എഴുന്നേറ്റത്. ഞാൻ ഹമീ ദിന്റെ മുഖത്തേക്കു നോക്കി. അവൻ എൻ്റെയും. രണ്ടു മുഴമൊട്ടകൾ! ഞങ്ങൾ ചിരിച്ചുപോയി. നിറയെ വേദനകൾക്കിടയിലെ ഒരു അപൂർവ്വ ചിരി നിമിഷം! പിന്നെ ഞങ്ങളെ ജയിലിന്റെ വലിയ കെട്ടിടത്തിലേക്കാണ് കൂട്ടിക്കൊണ്ടു പോയത്. വലിയ കെട്ടിടം എന്നു പറയുമ്പോൾ അതു വിചാരിക്കുന്നതി നേക്കാൾ വലിയ കെട്ടിടമായിരുന്നു. ഒരുപക്ഷേ രണ്ടുമൂന്നു കിലോമീറ്റർ നീളത്തിലേക്കു നീണ്ടുകിടക്കുന്ന ഒരു വമ്പൻ കെട്ടിടം. ആ കെട്ടിടം ഓരോ ബ്ലോക്കായി തിരിച്ചിരിക്കുന്നു. ഓരോ ബ്ലോക്കിനുമുണ്ടാകും കണ്ണെത്താ ദൂര ത്തിന്റെ നീളം. ഓരോ ബ്ലോക്കും ഓരോ രാജ്യക്കാർക്കുവേണ്ടിയുള്ളതാണ്. അറബികൾ, പാകിസ്താനികൾ, സുഡാനികൾ, എത്യോപ്യക്കാർ, ബംഗ്ലാ ദേശികൾ, ഫിലിപ്പിനികൾ, മൊറോക്കോക്കാർ, ശ്രീലങ്കക്കാർ അങ്ങനെ അങ്ങനെ ഒടുവിൽ ഇന്ത്യക്കാരും. അവരിൽ ഏറ്റവും കൂടുതൽ തീർച്ചയായും മലയാളികൾതന്നെ ഞങ്ങളെ സ്വാഭാവികമായും ഇന്ത്യൻ ബ്ലോക്കിലേ ക്കാണ്കൊണ്ടുപോയത്. അതിൽ നിറയെ മൊട്ടത്തലകളും കുറ്റിത്തലകളും! കുറ്റിത്തലകൾതന്നെ എത്തിച്ചേർന്ന ദിവസത്തിന്റെ അകലമനുസരിച്ച് വിവിധ നീളത്തിൽ വളർന്നവ. കാണാൻ നല്ലൊരു കാഴ്‌ച ആയിരുന്നു അത്. 30     ബെന്യാമിൻ മൊട്ടത്തലകളുടെ വ്യാഴാഴ്ച്‌ചച്ചന്തയിൽ എത്തിച്ചേർന്ന ഒരു പ്രതീതിയാ യിരുന്നു എനിക്കുണ്ടായത്. അത്രയ്ക്കുണ്ട് ആ ബ്ലോക്കിലെ തിരക്കും ബഹളവും. ജയിൽ എന്നു കേൾക്കുമ്പോൾ നമുക്കുണ്ടാവുന്ന അച്ചടക്ക ത്തിന്റെയും ശാന്തതയുടെയും ഭീതിയുടെയും അന്തരീക്ഷം അവിടെ തീരെ ഇല്ലായിരുന്നു. ഹാളിനുള്ളിലെ തിരക്കിലും ബഹളത്തിനുമിടയിൽ ആദ്യമായി നഗര ത്തിൽ എത്തിപ്പെട്ട രണ്ട് അപരിചിതരെപ്പോലെ ഞാനും ഹമീദും നിന്നു. ഏറെക്കഴിഞ്ഞാണ് ഞാൻ ജയിലിനുള്ളിൽ അകപ്പെട്ടിരിക്കുന്നു എന്ന സത്യവുമായി എനിക്കു പൊരുത്തപ്പെടാൻ കഴിഞ്ഞത്. എന്തിനെന്നറിയാതെ ഞാൻ കുറെ കരഞ്ഞു. നിരവധി ദിവസത്തെ ചിന്തയ്ക്കും ആലോചനയ്ക്കും കണക്കുകൂട്ടലുകൾക്കും ഒടുവിലാണ് ഞാൻ സ്വയം ജയിലിലകപ്പെടാൻ തീരുമാനിച്ചത്. കഠിനമെന്നു തോന്നുമെങ്കിലും ഇപ്പോഴത്തെ എന്റെ അവസ്ഥയിൽ ജീവിതം തുടരാനുള്ള ഏറ്റവും മെച്ചപ്പെട്ട മാർഗ്ഗം ജയിൽ എന്ന് തീരുമാനിക്കപ്പെടുകയായിരുന്നു. അതെ. ജീവിതം തുടരാനുള്ള കൊതി യിലാണ് ജയിലിനുള്ളിൽ ഞാൻ സ്വയം എത്തിപ്പെട്ടത്. അങ്ങനെ ഒരാൾ സ്വയം ആഗ്രഹിച്ച് ജയിലിനുള്ളിൽ അകപ്പെടാൻ കാരണമാകുന്നുവെങ്കിൽ അയാൾ അതിനു മുൻപ് വേദനയുടെ എത്ര തീ തിന്നിട്ടുണ്ടാവും എന്ന് നിങ്ങൾക്ക് ഊഹിക്കാനാവുമോ..?!! Indian Term 31     രണ്ട് വളരെക്കുറച്ചു സമയംകൊണ്ട്ഞങ്ങൾ ജയിലിന്റെ രീതികളുമായി പൊരു ത്തപ്പെട്ടു. ഉച്ചഭക്ഷണം കഴിഞ്ഞ ഉടനെയാണ് ഞങ്ങൾ അവിടെ എത്തി പ്പെട്ടത്. അതിൻ്റെ ഒരു തിക്കും തിരക്കുമാണ് ഞങ്ങൾ അന്നേരം കണ്ടത്. കഴിച്ചുതീർന്ന പാത്രം പെറുക്കാൻ ജയിൽജീവനക്കാർ തിരക്കുപിടിച്ചു നട ക്കുന്നു. ളുഹൂർ നമസ്‌കാരം കഴിഞ്ഞാലുടനെയാണ് ജയിലിൽ ഭക്ഷണം. ഞങ്ങൾ ചെല്ലാൻ അല്പ്‌പം വൈകിയതുകൊണ്ട് അന്നത്തെ ഉച്ചഭക്ഷണം ഞങ്ങൾക്കു നഷ്ടമായി. എന്റെ കഴിഞ്ഞ കുറേ കാലത്തെ ജീവിതവുമായി താരതമ്യം ചെയ്യുമ്പോൾ ഒരുനേരം നഷ്ടപ്പെട്ടുപോയ ആഹാരത്തെപ്പറ്റി വേവലാതിപ്പെടുന്നതിൽ ഒരു വലിയ ഹാസ്യത്തിനുതന്നെ വകയുണ്ട്. ജയിൽ പതിയെ ചിലച്ചൊടുങ്ങി. ആഹാരം കഴിഞ്ഞതിന്റെ ക്ഷീണത്തിൽ പലരും മയക്കത്തിലേക്കു തിരിഞ്ഞു. കട്ടിലും കിടക്കയും പായയും ഒന്നും ബ്ലോക്കിനുള്ളിലില്ല. വെറും നിലത്ത് ഇഷ്ടമുള്ള മൂല നമുക്കു സ്വന്തമാക്കാം. ഒരു സാധാരണക്കാരനെ സംബന്ധിച്ചിടത്തോളം പുഴുങ്ങുന്ന ചൂടുണ്ട്. ഭിത്തി യിൽ ഏറെ മുകളിലായി മൂന്നാല് എ.സികൾ ഇരുന്നു മൂളുന്നുണ്ടെങ്കിലും അവ എന്തെങ്കിലും ജോലി ചെയ്യുന്നുണ്ടോ എന്നു സംശയമാണ്. ഞങ്ങളുടെ ബ്ലോക്കിൽ മാത്രം കുറഞ്ഞത് പത്തിരുന്നൂറ്റൻ പതു പേർ കാണും. തലങ്ങനെയും വിലങ്ങനെയും കിടന്നു മയങ്ങുന്ന അവരെക്കണ്ടാൽ ഏതോ പ്രകൃതിദുരന്തത്തിൽ മരിച്ചവരുടെ ശവങ്ങൾ നിരത്തിയിട്ടിരിക്കുന്ന പോലെ തോന്നും. അതിനിടയിൽ കുറച്ചുപേർ മാതം അവിടവിടെ ഉറങ്ങാതെ വട്ടംകൂടിയിരുന്നു വർത്തമാനം പറയുന്നുണ്ട്. പുതിയ രണ്ടുപേരെ കണ്ട് മലയാളികൾ എന്നു തോന്നിച്ച ഒരു സംഘത്തിലെ ഒരാൾ - പേടിയൊന്നും വേണ്ട. മിക്കപേരും മലയാളികൾ തന്നെ. ഇഷ്ടമുള്ള കൂട്ടത്തിൽ കൂടിക്കോളു എന്നു വിളിച്ചു പറഞ്ഞിട്ട് സ്വന്തം വർത്തമാനത്തിലേക്കു തിരിച്ചു പോയി. ഞങ്ങൾ ഒരു സംഘത്തിലും ചേരാതെ സ്വന്തമായി ഒരു മൂല കണ്ടെത്തി അവിടെ ഒതുങ്ങി. തലേരാത്രി തീരെ ഉറങ്ങാൻ കഴിയാതിരുന്നതുകൊണ്ടും നീണ്ട യാത്ര കഴിഞ്ഞു വന്നതുകൊണ്ടും ആവാം ഞങ്ങൾ ഇരുന്നതും തൂങ്ങിയാടാൻ തുടങ്ങി. ഒന്നു കണ്ണടച്ചില്ല, അപ്പോഴേക്കും അസ്ർനമസ്‌കായ രത്തിനുള്ള വാങ്ക് മുഴങ്ങി. ആരൊക്കെയോ അവിടവിടെ ചടഞ്ഞണീറ്റു. 32     ബെന്യാമിൻ അവർക്കൊപ്പം ഞങ്ങളും കൂടി. ബ്ലോക്കിനുള്ളിൽത്തന്നെ ഒരു മൂലയ്ക്കായി പ്രാർത്ഥിക്കാൻ ഇടം വേർതിരിച്ചിരുന്നു. വന്നുകൂടിയ മറ്റുള്ളവർക്കൊപ്പം ഞങ്ങൾ, കരുണാമയനായ അള്ളാഹുവിനെ നമസ്കരിക്കുവാനായി ക അബയ്ക്കു നേരെ മുഖം തിരിച്ചു. ബിസ്മില്ലാഹ് ഹിർ റഹാൻ നിർ റഹിം... ആ പ്രാർത്ഥനാനേരത്ത് കഴിഞ്ഞ ദിനങ്ങളിലെ എൻ്റെ സങ്കടങ്ങളത്രയും ഒരു നദിപോലെ എന്നെ കവിഞ്ഞൊഴുകുന്നത് ഞാനറിഞ്ഞു. അപ്പോഴെല്ലാം എന്നെ കാത്തുപരിപാലിച്ച കരുണാമയനായ അള്ളാഹുവിന്റെ സ്നേഹത്തെ യോർത്ത് ഞാൻ കരഞ്ഞു. വേദനയുടെ നീണ്ട മണൽപ്പാടങ്ങൾ താണ്ടി പ്പോരാൻ എന്നെ അനുവദിച്ചതിനും സഹായിച്ചതിനുമുള്ള സന്തോഷ ക്കണ്ണീർ! സങ്കടങ്ങളും സന്തോഷങ്ങളും അള്ളാഹുവിൽ സമർപ്പിച്ച് സലാം വീട്ടി എഴുന്നേറ്റപ്പോഴേക്കും ബെൽ മുഴങ്ങി. മയക്കത്തിലായിരുന്നവർ ഉണർന്നെ ഴുന്നേറ്റ് ബ്ലോക്കിൻ്റെ മറ്റൊരു മൂലയിൽ നീണ്ട ക്യൂവിൽ ഇടം പിടിക്കുന്ന തിരക്കിലേക്കു ചേർന്നു. എന്തിനെന്നറിയാതെ ഞങ്ങളും പോയി ക്യൂ നിന്നു. ക്യൂ മുന്നോട്ടു നീങ്ങിയപ്പോൾ ഒരു നീളൻ ചായപ്പാത്രം എന്റെ കണ്ണിൽ തടഞ്ഞു. മുന്നിലിരിക്കുന്ന ടേബിളിൽനിന്നും ഒരു കപ്പെടുത്ത് ആവശ്യത്തിനു ചായ നിറച്ച് അടുത്ത മേശപ്പുറത്തുനിന്നും രണ്ടോ മൂന്നോ ബിസ്കറ്റും വാങ്ങി എവിടെയെങ്കിലും മൂലയ്ക്കു പോയിരുന്നു സ്വസ്ഥമായി കഴിക്കാം. കുടിച്ചുതീർന്ന കപ്പ് കഴുകി വൃത്തിയാക്കി തിരിച്ച് മേശപ്പുറത്തു കൊണ്ടു വയ്ക്കണം. ഒരു ജയിലിന്റെ പ്രതീതി അനുഭവപ്പെടുന്നതേയില്ല. ഏതോ ഒരു ദുരിതാശ്വാസ ക്യാമ്പിൽ എത്തിപ്പെട്ടതുപോലെ അത്രമാത്രം. ബ്ലോക്കി നുള്ളിൽ സ്വത്രന്തമായി നടക്കാം. സ്വത്രന്തമായി വർത്തമാനം പറയാം. അതാ യിരുന്നു കഴിഞ്ഞ മൂന്നുനാലു വർഷത്തെ എൻ്റെ ഏറ്റവും വലിയ കൊതി. ആരോടെങ്കിലും ഒന്നു മിണ്ടുക. അതുകൊണ്ടുതന്നെ ഞാൻ വാതോരാതെ ഹമീദിനോട് എന്തൊക്കെയോ പറഞ്ഞുകൊണ്ടിരുന്നു. ഹമീദിന് എന്തെ ങ്കിലും പറയാൻ ഞാൻ അവസരം കൊടുത്തതേയില്ല. ഞാൻ ആർത്തി യോടെ വർത്തമാനം പറഞ്ഞു. എൻ്റെ നാവ് ഒരു നിമിഷവും നിശ്ചലമായ യില്ല. കഴിഞ്ഞ കുറച്ചു ദിവസംകൊണ്ട് എന്നെ നന്നായി മനസ്സിലാക്കിയ ഹമീദ് അതെല്ലാം ക്ഷമയോടെ കേട്ടിരുന്നു. ഒരുപക്ഷേ, ഈ ദിവസ ങ്ങൾക്കിടയിൽ എപ്പോഴെങ്കിലും ഞാൻ ആ കഥകളൊക്കെ ഹമീദിനോട് പല പ്രാവശ്യം പറഞ്ഞുകഴിഞ്ഞിരിക്കണം. പക്ഷേ എനിക്കെന്നിട്ടും മതി യായിരുന്നില്ല. വൈകുന്നേരത്തോടെ തൊട്ടപ്പുറത്തെ ഇന്ത്യൻ ബ്ലോക്കിൽനിന്നും ഒരാളെന്നെ കാണാൻ വന്നു. എനിക്കിപ്പോൾ അയാളുടെ പേര് ഓർത്തെ ടുക്കാൻ കഴിയുന്നില്ല. എന്നെ കണ്ടതും അയാൾ എന്റെ കൈ കവർന്നു പിടിച്ചു. പിന്നെ അള്ളാഹു എത്ര കരുണാമയനാണ് എന്ന് ആത്മഗതം 33     ആടുജീവിതം പോലെ പറഞ്ഞു. പിന്നെ കുഞ്ഞിക്കായുടെ കടയിൽ വന്നു കയറിയ ആളു തന്നെയല്ലേ എന്നു ചോദിച്ചു. ഞാൻ അതെയെന്നു തലയാട്ടി. എനിക്കറിയാം. നിങ്ങളുടെ കഥകേട്ട് ഞാനൊരു ദിവസം നിങ്ങളെക്കാണാൻ മുറിയിൽ വന്നി രുന്നു. നിങ്ങൾ നല്ല ഉറക്കമായിരുന്നു. ഞാൻ വിളിച്ചില്ല. പിന്നെയും അയാൾ എന്റെ കൈ കവർന്നുപിടിച്ചു. അള്ളാഹു കരുണാമയനാണ് എന്നു വീണ്ടും പറഞ്ഞു. ഞാനിവിടെ വന്നിട്ട് രണ്ടു ദിവസമേ ആയിട്ടുള്ളൂ. സ്പോൺസറു മായിട്ട് ഒരു ഉന്തുംതള്ളും. അയാൾ എന്നെ പിടിച്ച് അകത്തിട്ടു. സാരമില്ല. കുഞ്ഞിക്ക് വന്നിറക്കിക്കൊള്ളൂം. അയാൾ നിർത്താതെ പറഞ്ഞുകൊണ്ടി രുന്നു. അതിനിടെ പിന്നെയും അയാൾ എന്റെ കൈ കവർന്നെടുത്ത് അള്ളാഹുവിന് നൂറ് സ്തുതികൾ പറഞ്ഞു. അപ്പോൾ ഞാൻ കരഞ്ഞുപോയി. എന്തിനെന്നറിയില്ല. അപരിചിതനായ അയാളും എനിക്കൊപ്പം കരഞ്ഞു. പിന്നെ അള്ളാഹുവിനെ ‌സ്തുതിച്ചുകൊണ്ട് സ്വന്തം ബ്ലോക്കിലേക്കു തിരിച്ചു പോയി. അതുകഴിഞ്ഞ് അവരുടെ ബ്ലോക്കിൽനിന്നും മറ്റു പലരും എന്നെ കാണാൻ വന്നു. അവരാരും എന്നോടൊന്നും ചോദിച്ചില്ല. അയാളിൽനിന്ന് എൻ്റെകഥ യത്രയും കേട്ടറിഞ്ഞു വന്നവരായിരുന്നു അവർ. എന്നെ വെറുതെ ഒന്നു കാണുക മാത്രം മതിയായിരുന്നു അവർക്ക്. അദ്ഭുതത്തോടെ അവരെന്നെ നോക്കി നിന്നു. ചിലർ മാത്രം അയാൾ ചെയ്തതുപോലെ എൻ്റെ കൈ. കവർന്ന് സമാശ്വാസം അറിയിച്ചു. അങ്ങനെ വന്നവരിൽനിന്നും പതിയെ പതിയെ എൻ്റെ ബ്ലോക്കിലുള്ളവരും എൻ്റെ കഥയറിഞ്ഞു. വർത്തമാനങ്ങൾ എല്ലാം അവസാനിപ്പിച്ച് മലയാളികളിൽ മിക്കപേരും എനിക്കു ചുറ്റും കൂടി. ചിലർ ഒരു അദ്ഭുതജീവിയെ എന്നപോലെയാണ് എന്നെ നോക്കിയത്. ചിലർ അതിശയത്തോടെ, ചിലർ ആരാധനയോടെ, ചിലർ സഹതാപത്തോടെ, ചിലർ മാത്രം സംശയത്തോടെയും. ഏതായാലും വളരെക്കുറച്ച് മണിക്കൂറുകൾകൊണ്ടുതന്നെ ജയിലിനുള്ളിലെ മലയാളി കൾക്കിടയിൽ ഞാനൊരു സംസാരവിഷയമായിക്കഴിഞ്ഞിരിക്കുന്നു എന്ന് എനിക്കു മനസ്സിലായി. പിന്നീടുള്ള ദിവസങ്ങളിൽ പലരും എന്നെ കാണാൻ വരികയും ദീർഘ മായി എന്നെക്കൊണ്ട് സംസാരിപ്പിക്കാൻ ശ്രമിക്കുകയും ചെയ്തു. ആരെയും ഞാൻ പിണക്കിയില്ല. എൻ്റെ ഒടുങ്ങാത്ത സംസാരാ സക്തി ഞാൻ അവരുടെ മേൽ തീർത്തു. ഒരായിരം വട്ടം ഞാൻ എൻ്റെ കഥയുടെ ഓരോ നിമിഷ ത്തിലൂടെയും ഹൃദയംകൊണ്ട് നടന്നുപോയി. അപ്പോഴൊക്കെ എന്റെ മനസ്സും പാദങ്ങളും ചുട്ട മണൽത്തരികളിൽ ചവിട്ടി യിട്ടെന്നപോലെ ചുട്ടുപൊള്ളി. അന്നു വൈകുന്നേരം മഗ്ദ്‌രിബിനുശേഷം അത്താഴത്തിനിരിക്കുമ്പോൾ ബ്ലോക്കിലെ മുഴുവൻ മലയാളികളും എനിക്കൊപ്പമുണ്ടായിരുന്നു. അവരുടെ സ്നേഹത്തിനു പകരം കൊടുക്കാൻ എനിക്കു കുറച്ചു കണ്ണുനീരല്ലാതെി വേറെ ഒന്നുമില്ലായിരുന്നു. 34     മൂന്ന് സമയങ്ങളുമായി യിലിലെ ഭക്ഷണനേരങ്ങളത്രയും ബന്ധപ്പെടുത്തിയാണ്. ക്രമീകരിച്ചിരിക്കുന്നത് അതികാലത്ത് സുബ്ഹ് നമസ്‌കാരം നമസ്ക്കാര omകഴിഞ്ഞാലുടൻ എല്ലാവർക്കും ഓരോ ഗ്ലാസ് പാൽ! പിന്നെ ഒൻപതുമണിക്ക് പ്രഭാതഭക്ഷണംവരെ ഇഷ്ടംപോലെ കയറിയിറങ്ങി കുടിക്കാൻ പാകത്തിൽ ചായ. ഖുബൂസും ഡാൽ കറിയുമാണ് പ്രഭാതഭക്ഷണം. ഉച്ചയ്ക്ക് കഷ്ടിച്ച് പന്ത്രണ്ടുമണി ആവുകയേയുള്ളൂ. ളുഹ്ർ കഴിഞ്ഞാലുടൻ ആഹാരം തയ്യാർ. ഖബ്സ എന്നും മജ്ബൂസ് എന്നുമൊക്കെ വിളിക്കുന്ന ഒരുതരം അറബി ബിരിയാണിയാണ് എല്ലാ ദിവസവും. ഒരു വലിയ തളികയിൽ ഒരു പത്തു പേർക്ക് ഒന്നിച്ചു കഴിക്കാൻ പാകത്തിലാണ് ആഹാരം കൊണ്ടുവരിക. അറബിശൈലിയിൽ എല്ലാവരും വട്ടം കൂടിയിരുന്ന് ഒരു തളികയിൽനിന്ന് ഒന്നിച്ചു കഴിച്ചുകൊള്ളണം. കോഴി, ആട്, ഒട്ടകം ഇവയുടെ ഇറച്ചിയിട്ട് വേവി ച്ചത് ഓരോ ദിവസവും മാറിമാറി വരും. അതിൽ ആട്ടിറച്ചി ഇട്ടുവേവിക്കുന്ന ദിവസം ഞാൻ ഒന്നും കഴിക്കില്ല. കഴിഞ്ഞതൊക്കെ കഴിഞ്ഞു. അതൊക്കെ മറന്ന് വല്ലതും കഴിക്കാൻ നോക്ക്. ശരീരം നന്നാക്കാൻ ജയിൽപോലെ നല്ലം ഇടം വേറെ ഇല്ല. വന്നപോലെയെങ്കിലും നമുക്കു തിരിച്ചുപോകണ്ടേ. നാട്ടിൽ ചെല്ലുമ്പോ കോലം കണ്ട് ഭാര്യ നെഞ്ചത്തു കെ വയ്ക്കാൻ ഇടകൊടു ക്കരുത്. നമ്മളനുഭവിച്ചതു നമ്മളു മാത്രം അറിഞ്ഞാൽ മതി എന്നൊക്കെ ഹമീദ് എപ്പോഴുമെന്നെ നിർബന്ധിക്കും. പക്ഷേ, ആര് എന്തൊക്കെ പറ ഞ്ഞാലും സമാധാനിപ്പിച്ചാലും എനിക്കതുമാത്രം ഉൾക്കൊള്ളാൻ കഴിഞ്ഞി രുന്നില്ല. ആട്ടിറച്ചി എന്നു കേൾക്കുമ്പോഴേ എന്റെ കണ്ണിൽ വെള്ളം നിറഞ്ഞു കവിയും. ആദ്യമൊക്കെ വിശപ്പോടെ ചെന്ന് ആഹാരത്തിൽ കൈയിട്ടു കഴി യുമ്പോഴാവും ഇന്ന് ആട്ടിറച്ചിയാണ് എന്നറിയുക. ഒന്നും മിണ്ടാതെ കൈ കുടഞ്ഞ് ഞാൻ എഴുന്നേറ്റു പോകും. പിന്നെപ്പിന്നെ നേരത്തേ ചോദിച്ചു വയ്ക്കും. ആടാണെന്നറിയുന്ന ദിവസം ഞാൻ ആഹാരത്തിൻ്റെ അടു ത്തേക്കേ പോവില്ല. അന്നു പിന്നെ അസ്റിനുശേഷമുള്ള ചായയിലും ബിസ്കറ്റിലും എൻ്റെ ഭക്ഷണം ഒതുക്കും. അതുതന്നെയാണ് രാത്രിയില ത്തെയും സ്ഥിതി. മഗ്ദിബിനും ഈശ നമസ്കാരത്തിനും ഇടയിലാണ് രാത്രി യാഹാരം. അപ്പോഴും ഖുബൂസും ഇറച്ചിക്കറിയുമായിരിക്കും ഭക്ഷണം. 35     ആടുജീവിതം ആട്ടിറച്ചിയാണെങ്കിൽ ഞാൻ മാറിയിരിക്കും. അത്ര വിശപ്പ് തോന്നുന്നെങ്കിൽ ഖുബൂസ് മാത്രം എടുത്ത് പച്ചവെള്ളത്തിൽ മുക്കിക്കഴിക്കും. തൊട്ടുകൂട്ടി തിന്നാൻ കറിയൊന്നുമില്ലാത്ത ആ കഴിപ്പിൽ എനിക്കൊരു വിഷമവും വ്യത്യാസവും തോന്നിയിരുന്നതേയില്ല. എത്രയോ കാലം എൻ്റെ പതിവായി രുന്നു അത്! സുമേസി ജയിലിന് ജയിലിന്റേത് എന്നു കേട്ടറിവുള്ള സ്വഭാവങ്ങൾ ഒന്നു മുണ്ടായിരുന്നില്ല. അത്രയ്ക്കും സ്വതന്ത്രമായിരുന്നു ബ്ലോക്കിലെ ഞങ്ങളുടെ ജീവിതം. വിസയില്ലാത്തവർ, വിസ പുതുക്കാത്തവർ, പത്താക്കയില്ലാത്തവർ, നമസ്കാരത്തിനു കൂടാതെ പൊതുനിരത്തിൽനിന്നും പിടികൂടിയ മുസ്ലീങ്ങൾ, റമദാനിൽ ആഹാരം പാകം ചെയ്‌തവർ, പൊതുനിരത്തിൽ സിഗരറ്റു വലിച്ചവർ, കുടോത്രവും ക്ഷുദ്രഹോമവും നടത്തിയവർ, അറബികളുമായി ചില്ലറ ഗുസ്തികൾ നടത്തിയവർ എന്നിങ്ങനെയുള്ള നിയമലംഘനം നടത്തി യവരായിരുന്നു ഞങ്ങളുടെ ബ്ലോക്കിൽ ഉണ്ടായിരുന്നത്. ഏറിയതും കുറഞ്ഞതുമായ ശിക്ഷ, നാടുകടത്തൽ എന്ന ശിക്ഷയ്ക്കു വിധിക്കപ്പെട്ടവർ. കടുത്ത ക്രിമിനൽ കുറ്റം ചെ‌യ്തവർ വേറെ ജയിലിലോ വേറെ ബ്ലോക്കിലോ ആയിട്ടാവും ഞങ്ങൾക്ക് ഈ സ്വാതന്ത്യം അനുവദിക്കപ്പെട്ടത്. അത്രയും മാനസിക സമ്മർദ്ദമില്ലാതെ കഴിഞ്ഞ ദിവസങ്ങൾ ജീവിതത്തിലെവിടെയും ഓർമ്മിക്കാൻ കഴിയുന്നില്ല. സമയത്ത് ഭക്ഷണം കഴിക്കുക, നമസ്കരിക്കുക, ആവശ്യത്തിനും അതിലധികവും ഉറങ്ങുക, വെറുതെ ചിന്തിക്കുക, വേണ്ടു ന്നത് വർത്തമാനം പറയുക, ജീവിതത്തെപ്പറ്റി പുതിയ വല്ലതും മോഹി ക്കുക ഇതൊക്കെയായിരുന്നു ജയിൽപതിവുകൾ. ലോകം നമ്മളെ അറിയു ന്നില്ല. നമ്മൾ ലോകവും അറിയുന്നില്ല. അതാണ് സത്യത്തിൽ ഒരു ജയിൽ! അവിടെ കുളിക്കാനുള്ള സൗകര്യമില്ലായ്മയെക്കുറിച്ചായിരുന്നു ഹമീദിൻ്റെ ഒരേയൊരു പരാതി. ആദ്യത്തെ കുറച്ചു ദിവസം അങ്ങനെയൊക്കെ അങ്ങ് പോയി. ഒരാഴ്ച കഴിഞ്ഞപ്പോൾ ദേഹത്ത് വല്ലാതെ വിയർപ്പൊട്ടുന്നതിനെ ക്കുറിച്ചും ദുർഗന്ധം ഉയരുന്നതിനെപ്പറ്റിയും അവൻ സ്വയം പഴി പറയുന്നതു കേട്ടു. ഞാനപ്പോൾ അല്പം ഉറക്കെത്തന്നെ ചിരിച്ചു. പിന്നെ ഞാൻ എൻ്റെ വിരലിൽ കണക്കു കൂട്ടി. മൂന്നു വർഷം നാലു മാസം ഒൻപതു ദിവസം! അതോർത്തു ഞാൻ വീണ്ടും വീണ്ടും കുലുങ്ങിച്ചിരിച്ചു. ഒരുപക്ഷേ അന്നേരം ഹമീദിനുപോലും എൻ്റെ ആ ചിരിയുടെ അർത്ഥം പിടികിട്ടിക്കാണില്ല. എന്നെപ്പോലെ ജയിലിൽ എത്തിപ്പെട്ട ഓരോരുത്തർക്കും ഉണ്ടായിരുന്നു ഓരോരോ കഥകൾ. വേദനയുടെ, സങ്കടത്തിൻ്റെ, കഷ്ടപ്പാടിന്റെ, കണ്ണീരിന്റെ നിരപരാധിത്വത്തിന്റെ, നിസ്സഹായതയുടെ കഥകൾ. ഒരുപക്ഷേ എവിടെയെ ങ്കിലുമൊക്കെ വച്ച് നിങ്ങൾ വ്യത്യസ്ത വ്യാഖ്യാനങ്ങളോടെ കേട്ടിട്ടുള്ള കഥകൾ. അവരിൽ ഒരാളുടെയും നൊമ്പരത്തെ കുറച്ചുകാണിക്കുവാൻ ഞാനാഗ്രഹിക്കുന്നില്ല. എല്ലാവർക്കും സ്വയം കടന്നുവന്ന പാതകൾ കഠിനം തന്നെയായിരുന്നു. അവർക്കു ജീവിതത്തിലുണ്ടായ നഷ്ടങ്ങൾ മറ്റാർക്കും 36     ബെന്യാമിൻ നികത്തിക്കൊടുക്കാനാവാത്ത നഷ്ടങ്ങൾ തന്നെയാണ്. മറ്റു പലരുടെ സങ്കട ങ്ങളുമായി താരതമ്യം ചെയ്യുമ്പോൾ എന്റെ ജീവിതവും സങ്കടങ്ങളും വളരെ ചെറുതാണെന്നുവരെ എനിക്കു തോന്നിപ്പോയിട്ടുണ്ട്. അവരിൽ ചിലരുടെ യെങ്കിലും സങ്കടകഥകൾ എന്നെ സ്വന്തം സങ്കടത്തിൽനിന്നും കരകയറ്റാൻ സഹായിച്ചിട്ടുണ്ട് എന്നതാണ് സത്യം. ഇങ്ങനെയൊരു കഥ പറയാൻ തക്ക വിധം തുടർജീവിതം നയിക്കാൻ എന്ന പ്രേരിപ്പിച്ചതുതന്നെ ജയിലിൽ നിന്നു കേട്ട ആ കഥകളാണെന്നു ഞാൻ തുറന്നു സമ്മതിക്കാം. ഇല്ലെങ്കിൽ ഒരു പക്ഷേ ഞാൻ എൻ്റെ സങ്കടം താങ്ങാനാവാതെ ആത്മഹത്യ ചെയ്തേനെ. ഏതു സങ്കടത്തിൽനിന്നും കരകയറാനുള്ള ഒരേയൊരു വഴി നമ്മളേക്കാൾ സങ്കടമുള്ളവരുടെ കഥകൾ കേൾക്കുക എന്നതുതന്നെയാണ്! ആഴ്ചയിൽ ഒരിക്കൽ ജയിലിൽ ഒരു തിരിച്ചറിയൽ പരേഡ് ഉണ്ട്. അറബി കൾക്കു തങ്ങളുടെ അരികിൽനിന്നും കടന്നുകളഞ്ഞ തൊഴിലാളികളെ കണ്ടെത്താനുള്ള ദിവസമാണത്. ആഴ്‌ചയിൽ ഒരിക്കൽ ആവർത്തിക്കുന്ന കണ്ണീരിന്റെ ജയിൽവാസം. അന്നു പ്രഭാതഭക്ഷണം കഴിയുന്നതോടെ എല്ലാ വരെയും ബ്ലോക്കിനു പുറത്തിറക്കി വരിവരിയായി നിറുത്തും. പ്രതിയെ തിരി ച്ചറിയാൻ വരുന്ന സാക്ഷിയെപ്പോലെ അറബികൾ ഞങ്ങൾക്കു മുന്നിലൂടെ നടക്കും, ഓരോ മുഖവും സശ്രദ്ധം വീക്ഷിച്ചുകൊണ്ട്. ഓരോ ആഴ്ചയും ഏതെങ്കിലുമൊക്കെ നിർഭാഗ്യവാന്മാർ ഞങ്ങളുടെ കൂട്ടത്തിൽ കാണും. ആളെ തിരിച്ചറിയുന്നതും ചെവിക്കന്നം പൊട്ടുന്ന ഒരടിയായിരിക്കും അറബിയുടെ ആദ്യപ്രതികരണം. ചിലർ ബെൽട്ടൂരി നെടുകെയും കുറുകെയും ദേഷ്യം തീരുന്നതുവരെ അടിക്കും. അപ്പോൾ ദൂരെ പോലീസുകാർ നോക്കി നില്ക്കു ന്നുണ്ടാവും. പക്ഷേ അവരിതു ശ്രദ്ധിക്കുന്നുകൂടി ഉണ്ടാവില്ല. അതറിയാവു ന്നതുകൊണ്ട് ദൂരെ സ്വന്തം സ്പോൺസറെ കാണുമ്പോഴേ സകലജീവനും നഷ്ടപ്പെട്ട് ചിലർ വലിയ വായിൽ കരയാൻ തുടങ്ങും. മനുഷ്യൻ അവൻ്റെ നിസ്സഹായാവസ്ഥയിൽ എത്ര അധീരനായിപ്പോകുന്നു എന്ന് അപ്പോഴാണ് ശരിക്കും മനസ്സിലാവുക. ഇത്രനാളും അനുഭവിച്ച കഷ്ടപ്പാടിൽ നിന്നും മോചനമായല്ലോ എന്ന ആശ്വാസത്തോടെയായിരിക്കും അയാൾ ജയിലിനു ള്ളിൽ കഴിഞ്ഞിരിക്കുക. വീണ്ടും തന്നെ ക്രൂരമായി കഷ്ടപ്പെടുത്തിയ അറബി യുടെ അരികിലേക്കു മടങ്ങിപ്പോവുക എന്നതു പലർക്കും ചിന്തിക്കാവുന്ന് തിനും അപ്പുറത്തുള്ള സംഗതിയാണ്. അത്രയ്ക്കും താഡനങ്ങൾ താണ്ടി യാവും അവർ അവിടെ എത്തിയിട്ടുണ്ടാവുക. എന്നാൽ അറബിക്ക് യാതൊരു ദയയും ദാക്ഷിണ്യവും ഉണ്ടാവില്ല. ഇവൻ എന്റെ പണം മോഷ്ടിച്ചിട്ടാണ് ഓടിപ്പോയത്. എന്റെ മകളെ ബലാൽസംഗം ചെയ്യാൻ ശ്രമിച്ചു, എന്നെ കൊല്ലാൻ ശ്രമിച്ചു എന്നിങ്ങനെ ആരോപണങ്ങൾ ഉന്നയിച്ചുകൊണ്ട് അറബി അവനെ അപ്പോൾത്തന്നെ വലിച്ചിഴച്ചുകൊണ്ടു പോകും. കൊല്ലാൻ കൊണ്ടുപോകുന്ന അറവുമാടിന്റെ ദൈന്യതയാവും അപ്പോൾ അവൻ്റെ മുഖത്തുണ്ടാവുക. അവൻ്റെ നിലവിളി ജയിലിന്റെ മതിൽ ക്കെട്ടുകൾക്ക് അപ്പുറത്തേക്കും ഉയർന്നുകേൾക്കും. അവൻ ഉച്ചത്തിൽ   37   ആടുജീവിതം അവന്റെ നിരപരാധിത്വം വിളിച്ചുപറയുന്നുണ്ടാവും ഒന്നും ശ്രദ്ധിക്കുവാൻ ആരും ഉണ്ടാവില്ല. അറബി അവന്റെ നിയമം അവന്റെ ഇഷ്ടംപോലെ നട പ്പാക്കും. ഒരന്യരാജ്യത്തിന്റെ ജയിലിനുള്ളിൽ ഞങ്ങൾ എത്രയധികം സ്വാതന്ത്ര്യം അനുഭവിച്ചുവോ അതിലപ്പുറം സ്വാതന്ത്ര്യം സ്വന്തം രാജ്യത്തെ ഒരു ജയി ലിൽ ഒരു അറബി അനുഭവിക്കുന്നു എന്നുമാത്രം അതിനെക്കണ്ടാൽ മതി. പോലീസ്സ്റ്റേഷനിൽ പരാതി കൊടുത്തതിന്റെ ഒരു പേപ്പറുകഷണം കയ്യിലു ണ്ടെങ്കിൽ എതൊരറബിക്കും അന്നേദിവസം സുമേസി ജയിലിനുള്ളിൽ യഥേഷ്ടം കറങ്ങിനടക്കാം. ഓടിപ്പോയ തൻ്റെ 'അടിമയെ' കണ്ടെത്തിയാൽ വലിച്ചിഴച്ചുകൊണ്ട് ജയിൽ വാർഡന്റെ്റെ മുന്നിൽ ഹാജരാക്കാം. അവനെപ്പറ്റി യുള്ള യഥാർത്ഥ പരാതി ബോധിപ്പിക്കാം. പിന്നെ കേസിന്റെ സ്വഭാവം തന്നെ മാറുകയാണ്. നിസ്സാര കുറ്റത്തിന് അകത്തായവൻ ക്രിമിനൽ കുറ്റവാളിയാ കുന്നു. പിന്നെ നിയമം ശരിയത്ത് കോടതി ശിക്ഷ... അതല്ലെങ്കിൽ അവനെ കൂടെ കൊണ്ടുപോകണമെന്ന് അറബിക്ക് ആവശ്യപ്പെടാം. അതുമല്ലെങ്കിൽ നാടുകടത്താൻ നിർദ്ദേശിക്കാം. എങ്കിൽ മാത്രം അവൻ രക്ഷപ്പെട്ടു. കൂടെ കൊണ്ടുപോകാനാണ് വിധിയെങ്കിൽ പിന്നെ അവന്റെ കഥ കഴിഞ്ഞു എന്നു ചിന്തിച്ചാൽ മതി. ഓടിപ്പോയതിൻ്റെ ദേഷ്യത്തിൽ ഇനിയുള്ള കാലം അറബി അവനോട് എങ്ങനെയാവും പെരുമാറുക എന്ന് സ്വജീവിതത്തിലൂടെ വളരെ നേരിയ മട്ടിൽ ഒന്ന് കണ്ണോടിച്ചപ്പോൾത്തന്നെ എൻ്റെയുള്ളിൽ കിടിലത പെരുകി. ഈ വേദനയും അതിജീവിച്ചു പോരുവാൻ ആ നിർഭാഗ്യവാന്മാർക്ക് കഴി യട്ടെ എന്ന് അള്ളാഹുവിനോട് പ്രാർത്ഥിക്കുവാൻ മാത്രമല്ലേ മറ്റുള്ളവർക്കു കഴിയൂ. പരേഡു ദിവസം പിന്നെ ബ്ലോക്കിൽ ആകെയൊരു മൂകതയായിരിക്കും. അതുവരെ തങ്ങൾക്കൊപ്പം ഒരുബ്ലോക്കിൽ കഴിച്ചുകൂട്ടി വർത്തമാനം പറഞ്ഞ് നാടിനെക്കുറിച്ചു സ്വപ്നം കണ്ടു കളിച്ചു ചിരിച്ച് ആഹാരം പങ്കുവച്ച ഒരു വന്റെ നഷ്ടത്തിൻ്റെ സങ്കടമാവും മനസ്സുനിറയെ, മെയിൻ ഹാൾ കടന്ന് അപ്പുറംവരേക്കും നീണ്ട അവന്റെ നിലവിളിയുടെ മുഴക്കമായിരിക്കും കാതു നിറയെ. പിന്നെ തിന്നാനും കുടിക്കാനും ഉറങ്ങാനും വർത്തമാനം പറയാനും ഒന്നും തോന്നില്ല. ആ വേദന ഒന്നു മാഞ്ഞു തുടങ്ങുമ്പോഴേക്കും അടുത്ത ഒരാഴ്ചയെത്തും. അന്നും ഏതെങ്കിലും ഒരു നിരപരാധിക്ക് നറുക്കുവീഴും. ജയിൽ എന്നത് അത്ര സുഖകരമായ ഓർമ്മയൊന്നുമല്ല! ഉച്ചഭക്ഷണം വരെ നീണ്ടുനില്ക്കുന്ന രണ്ടു മണിക്കൂറിനുള്ളിൽ നൂറു കണക്കിന് അറബികളാവും ഞങ്ങളുടെ പരേഡ് ലൈനിനെ കടന്നുപോവുക. ആദ്യത്തെ ദിവസങ്ങളിലൊക്കെ എനിക്കും ഹമീദിനും എന്തൊരു പേടിയാ യിരുന്നെന്നോ. എപ്പോഴാണ് ഞങ്ങളെത്തേടി ആ നിർഭാഗ്യം കടന്നുവരിക എന്ന ആധിയുടെ രണ്ടു മണിക്കൂറുകൾ. വല്ല സാമ്യവും തോന്നിപ്പോയാൽ 38     ബെന്യാമിൻ പൊറുപ്പില്ലാത്ത ഒരു കത്തലാണ് വയറ്റിനുള്ളിൽ. അതു തങ്ങൾക്കു പരിചയ മുള്ള ആരുമല്ല എന്നുറപ്പായെങ്കിലേ പിന്നെ ആ കത്തൽ മാറുകയുള്ളൂ. പല നിർഭാഗ്യവാന്മാരുടെയും കണ്ണീരിനെ താണ്ടിയാണ് ഞങ്ങൾ പോരു ന്നതെങ്കിലും ആ രണ്ടു മണിക്കൂർ കഴിയുമ്പോൾ എന്തെന്നില്ലാത്ത ഒരാ ശ്വാസമാണ് എനിക്കു തോന്നുക. ആ സ്വാർത്ഥതയോടു പൊറുക്കുക. എന്നെ ത്തേടി ആരും വന്നില്ലല്ലോ എന്ന ആശ്വാസം എൻ്റെയുള്ളിൽ എപ്പോഴും ഉണ്ടാകും. ആദ്യത്തെ കുറച്ചു ദിവസങ്ങൾ കഴിഞ്ഞപ്പോൾ പതിയെ പതിയെ എന്റെ ആധി ഒഴിഞ്ഞകലാൻ തുടങ്ങി. ഏതൊരു ഭീതിയെയും നേരിട്ട് നേരിട്ട് അതു സ്വയം ഇല്ലാതായിപ്പോവുന്നതാവാം ഒരു കാരണം. മറ്റൊന്ന്, എന്നെ തേടിവരാനുള്ള കാലം കഴിഞ്ഞു എന്നൊരു വിശ്വാസവുമാവാം. സ്പോൺസറുടെ അരികിൽനിന്നും ഓടിപ്പോകുന്ന ഏതൊരാളും ഏതാണ്ട് പതിനഞ്ചു ദിവസം ഒരു മാസത്തിനകം എത്രയായാലും പോലീസ്, വലയിൽ വീണിരിക്കും. അല്ലെങ്കിൽ അവൻ അതിനകം ഒരു താത്ക്കാലിക സുരക്ഷിതസ്ഥാനം കണ്ടെത്തിക്കഴിഞ്ഞിരിക്കും. പിന്നെ അവനെ കണ്ടെ ത്തുക ഏതൊരറബിക്കും പ്രയാസമുള്ള സംഗതിയാണ്. അങ്ങനെ വർഷ ങ്ങളായി രേഖകൾ ഒന്നുമില്ലാതെ താമസിക്കുന്ന എത്രയോ പേരുണ്ട്. ഇതൊക്കെ അറിയാവുന്നതുകൊണ്ട് ഒന്നുരണ്ടു മാസത്തിനകം അറബികൾ തങ്ങളുടെ അന്വേഷണം അവസാനിപ്പിക്കും. പിന്നെ പോലീസിൽ ഒരു കേസു കിടക്കും. എന്നെങ്കിലും പിന്നെ കിട്ടിയാൽ കിട്ടി. അത്രതന്നെ. ആ ഒരു കാലപരിധിയൊക്കെ കഴിഞ്ഞതോടെ എനിക്കും ഹമീദിനും ആശ്വാസമായി. ഇനി ഒരിക്കലും ഞങ്ങളെത്തേടി ആരും വരാൻ പോകുന്നില്ല. അതുകൊണ്ടുതന്നെ പിന്നെപ്പിന്നെ ആ വരിയിൽ നില്പ് ഞങ്ങൾക്കൊരു രസവും കൗതുകവുമായിത്തീർന്നു. വെറുതെ വർത്തമാനം പറഞ്ഞും കളി തമാശകൾ പങ്കിട്ടുമായിരുന്നു ഞങ്ങൾ ആ രണ്ടുമണിക്കൂർ ചെലവഴി ക്കുന്നത്. ജയിലിനുള്ളിൽ നാലും അഞ്ചും മാസം പിന്നിട്ടവരുടെ ഒക്കെ കാര്യം ഇതായിരുന്നു. ആധികളോട് ഒരുതരം സമരസപ്പെടൽ. അതു ജീവിതത്തിന്റെ എല്ലാ ഘട്ടങ്ങളിലും നമ്മൾ നേരിടുന്നുണ്ട്. ജീവിതം എത്ര കഠിനമാണെ ങ്കിലും! ആളുകൾ വന്നും പോയുമിരിക്കുന്ന ഒരു റെയിൽവേ സ്റ്റേഷൻപോലെ യായിരുന്നു ഞങ്ങളുടെ ബ്ലോക്ക്. സ്ഥിരം അന്തേവാസികൾ ആരുമില്ല. പഴയവർ പോയ്ക്കൊണ്ടിരിക്കുന്നു. പുതിയവർ വന്നുകൊണ്ടിരിക്കുന്നു. ഒന്നിച്ച് ഒരു കൂട്ടമായല്ല വരുന്നത്. രാജ്യത്തിന്റെ വിവിധ കോണുകളിൽ നിന്നും വിവിധ പോലീസ് സ്റ്റേഷനുകളിൽനിന്നും ഒറ്റ തിരിഞ്ഞാണ് ആ വരവ്. പല ദിവസങ്ങളിൽ പല നേരങ്ങളിലായി. പതിയെയുള്ള ആ ഒഴുകി വരവ് നാം അറിയുകകൂടിയല്ല. എന്നാൽ ഒരുവണ്ടി വന്നുനില്ക്കുമ്പോൾ ഒന്നിച്ചൊരു പ്ലാറ്റ്ഫോം കാലിയാവുന്നപോലെയാണ് ചിലപ്പോഴത്തെ ഒഴിഞ്ഞുപോക്ക്. 39   ആടുജീവിതം   അറബികൾ പരിശോധനയ്ക്കു വരുന്നതിൻ്റെ പിറ്റെ ദിവസം എംബസി കളുടെ ദിവസമാണ്. എല്ലാ രാജ്യത്തിന്റെയും എംബസി ജീവനക്കാർ അതതു രാജ്യങ്ങളിലെ തടവുപുള്ളികളുടെ വിമോചനപ്രതങ്ങളുമായി ജയിലിൽ വരും. തലേന്ന് കണ്ണീരിന്റെ ദിവസമാണെങ്കിൽ പിറ്റേന്നു സന്തോഷത്തിന്റെ ദിവ സമാണ്. അന്നും എല്ലാവരെയും ബ്ലോക്കിൽനിന്നും പുറത്തിറക്കി നിറുത്തും. എംബസി ജീവനക്കാർ മുന്നിൽ വന്നുനിന്ന് പേപ്പറുകൾ - എക്സസിറ്റ്പാസ് എന്നാണ് പറയുക - ശരിയായവരുടെ പേരുകൾ വായിക്കും. അവർ മുന്നോട്ടു കയറി നിയ്ക്കണം. വല്ലാത്തൊരു ആകാംക്ഷ നിറഞ്ഞൊരു നില്പാണത്. ലോകസുന്ദരിപ്പട്ടത്തിനുള്ള തിരഞ്ഞെടുപ്പുവേദിയിൽ ഫലപഖ്യാപനത്തിന് കാത്തു നില്ക്കുന്ന പെണ്ണിൻ്റെ ആകാംക്ഷ എന്ന് പിന്നെ പലപ്പോഴും ഞാന തിനെ തമാശയോടെ ഓർത്തിട്ടുണ്ട്. സ്വന്തം പേര് വിളിക്കപ്പെടുമ്പോൾ ലോക സുന്ദരിയുടെ മുഖത്തു ഞെട്ടിവിരിയുന്ന ഒരു ആഹ്ലാദമുണ്ട്. അതുപോലെ ഒരാഹ്ലാദം പേരുവിളിക്കപ്പെടുന്ന ഓരോരുത്തരുടെയും ഉള്ളിൽ ഞെട്ടിവിട രുന്നുണ്ടാവണം. ആരുമത് പക്ഷേ, പരസ്യമായി പ്രകടിപ്പിക്കാറില്ലെന്നു മാത്രം. എത്രയോ കാലത്തെ യാതനയിൽനിന്നുള്ള അവസാന വിടുതലാവണം ആ പേരുവിളി. ഇപ്പോൾ തൻ്റെ പേരുവിളിക്കും, പേരുവിളിക്കും എന്നു പ്രതീ ക്ഷിച്ച് ആകാംക്ഷയോടെ കാത്തുനിന്ന ദിനങ്ങൾ. വിളിക്കപ്പെട്ടവരുടെ ഇട യിൽ തന്റെ പേരില്ലെന്ന് അറിയുമ്പോൾ ഉണ്ടാകുന്ന ഒരു നിരാശയുണ്ട്. മാസങ്ങളായി കാത്തുകാത്തു കിടക്കുന്നവരിൽ ചിലർ ശരിക്കും കരഞ്ഞു പോകും. പേരുവിളി കഴിഞ്ഞ് ഉദ്യോഗസ്ഥർ ജയിലധികാരികളുടെ മുറിയിലേക്കു മടങ്ങി പേപ്പർ വർക്കുകൾ ശരിയാക്കുന്ന അഞ്ചു മിനിറ്റുസമയം. പിന്നെ ഞങ്ങൾക്കിടയിൽ യാത്രപറച്ചിലിന്റെ നേരമാണ്. കഴിഞ്ഞ കുറേ ദിവസങ്ങൾ ഒന്നിച്ചു കഴിഞ്ഞതിൻ്റെ, ഒന്നിച്ച് വേദനകൾ പങ്കുവച്ചതിൻ്റെ ഒരു സങ്കടം എല്ലാവർക്കും ഉണ്ടാകും. എന്നാലും യാത്രയാകുന്നവരെ നിറഞ്ഞ സന്തോഷ ത്തോടെയാണ് ബാക്കിയാവുന്നവർ യാത്രയാക്കുന്നത്. അധികം പേരോടൊന്നും യാത്ര പറയാൻ പറ്റില്ല. അപ്പോഴേക്കും അനങ്ങിത്തുടങ്ങുന്ന തീവണ്ടിയുടെ ചൂളംവിളിപോലെ പോലീസുകാരുടെ വിസിലടി മുഴങ്ങും. വിളിക്കപ്പെട്ടവർ എല്ലാം അവരുടെ അടുത്തേക്ക് ഓടും. പോകുന്നതിന് തൊട്ടു മുൻപ് പോലീസിന്റെ .... ബെൽട്ടുപാട് പുറത്തുവീഴാൻ ആരും ഇഷ്ടപ്പെടി 40     നാല് ജയിലിൽ ദിവസങ്ങളിങ്ങനെ പിന്നിട്ടപ്പോൾ വല്ലാത്തൊരാധി എന്നെom പിടി കൂടി. എനിക്കു മുൻപേ വന്നവരും പിന്നിലേ വന്നവരും ഒക്കെ നാട്ടിലേക്കു കേറിപ്പോയിക്കഴിഞ്ഞു. എൻ്റെ മാത്രം പേപ്പറുകൾ ഒന്നും ശരിയായിട്ടില്ല. എനിക്കറിയാം. മറ്റുള്ളവർ പാസ്പോർട്ടും മറ്റും കൈവശമുള്ളവരാണ്. അവ രുടെ കാര്യങ്ങൾ നടക്കുന്ന വേഗത്തിൽ എൻ്റെ കാര്യങ്ങൾ നടക്കണ മെന്ന് ആഗ്രഹിക്കുന്നതു പന്തിയല്ല. എന്നാലും ഒരു സമയപരിധിയുണ്ടല്ലോ. ഇതിപ്പോ മാസം നാലഞ്ച് പിന്നിടുന്നു. പിന്നെ എന്റെ നിർഭാഗ്യത്തിനു കൂട്ടായി ഹമീദും ഉണ്ട് എന്നതു മാത്രമായിരുന്നു ഒരാശ്വാസം. അവൻ്റെയും പേപ്പർ വർക്കുകൾ ഇതുവരെയും ശരിയായിട്ടില്ല. ഓരോ ആഴ്ചയും എംബസി ക്കാർ വരുമ്പോൾ ഞങ്ങളുടെ പ്രതീക്ഷയേറുകയും അവർ പോയിക്കഴിയു മ്പോൾ നിരാശ വർദ്ധിക്കുകയും ചെയ്തുകൊണ്ടിരുന്നു. എല്ലാം ശരിയാ ക്കാമെന്ന് കുഞ്ഞിക്കാ പറഞ്ഞതുപ്രകാരമാണ് പോലീസിന്റെ പിടിയിലേക്ക് സ്വയം നടന്നുകയറിച്ചെന്നത്. ശരിയാവും. കുഞ്ഞിക്കായെ വിശ്വസിക്കാം. എന്റെ പടച്ചോനേ... കുഞ്ഞിക്കായെ ഞാൻ വിശ്വസിക്കാതിരുന്നാൽ പിന്നെ ഈ ലോകത്തിൽ മറ്റാരെയാണ് ഞാൻ വിശ്വസിക്കുക..?! അദ്ദേഹം നിൻ്റെ പേരിൽ എനിക്കു ചെ‌യ്തുതന്ന ഉപകാരങ്ങൾ ഞാൻ ഒരു നിമിഷത്തേക്കു മറന്നുപോയതിലും നിരാശയുടെ ഒരു അർദ്ധനിമിഷത്തിൽ ഞാൻ അദ്ദേ ഹത്തെ സംശയിച്ചുപോയതിലും നിന്റെ പരമകാരുണ്യം ഉപയോഗിച്ച് എന്നോട് പൊറുക്കണമേ... 12 എംബസിക്കാര്യങ്ങളല്ലേ. എല്ലാം അതിൻ്റെ മുറപോലെയേ നടക്കൂ. കാത്തിരിക്കുക. കാത്തിരിക്കുക. ഇത്രയും നാൾ സഹിച്ച് കാത്തിരുന്നില്ലേ.. ഇനി കുറച്ചു നാൾ കൂടി. പരമകാരുണികനായ അള്ളാഹു എനിക്കുവേണ്ടി നിശ്ചയിച്ചിട്ടുള്ള സമയം ഇനിയും വന്നിട്ടില്ല. അത്രയേയുള്ളൂ അതിനുള്ള തൃപ്തികരമായ വിശദീകരണം. അന്ന് അറബികൾ വരുന്ന ദിവസമായിരുന്നു. ഞാനും ഹമീദും ഒക്കെ അപ്പോഴേക്കും ജയിലിലെ പഴക്കം ചെന്ന പുള്ളികൾ ആയിക്കഴിഞ്ഞിരുന്നു. അറബികൾ വരുന്നു എന്നു കേൾക്കുമ്പോഴേ പുതുക്കക്കാർക്ക് ഒരാധിയാണ്. എല്ലാവരെയും സമാശ്വസിപ്പിച്ചുകൊണ്ട് ഞാനും ഹമീദും അവർക്കിടയിലൂടെ 41     ആടുജീവിതം നടന്ന് ഏറ്റവും ഒടുവിലായി പോയിനിന്നു. പോലീസുകാരും ഞങ്ങൾക്ക് നല്ല പരിചയക്കാരായിക്കഴിഞ്ഞിരുന്നു. എന്റെ കഥയറിഞ്ഞ് അവർക്കും കുറച്ച് സഹാനുഭൂതി എന്നോടുണ്ട് എന്നു പറയാം. അതിൻ്റെയൊരു പരിഗണനയും. അതുകൊണ്ടുതന്നെ വരിയിൽ പുതുക്കക്കാരുടെ ബലംപിടിത്തമൊന്നും ഞങ്ങൾക്കില്ല. വരിയിൽ നിന്ന് വർത്തമാനം പറയുക, ആവശ്യത്തിനും അനാവശ്യത്തിനും ചിരിക്കുക, മറ്റുള്ളവരെ കളിയാക്കുക ഒക്കെ ഞങ്ങളുടെ പതിവായിരുന്നു. അങ്ങനെ ഞാൻ എന്തോ കാര്യം ഹമീദിനോട് പറഞ്ഞു നില്ല്ക്കുന്നതി നിടയിലാണ് ഹമീദിന്റെ മുഖഭാവം പൊടുന്നനേ നിലച്ചുപോയത്! എന്തു പറ്റിയെന്ന് അതിശയത്തോടെ ഞാനവനെ നോക്കി. ഏറെ നേരം അവനാ നില്പ്പ് നിന്നു. പിന്നെ പതിഞ്ഞ ശബ്ദത്തിൽ എന്റെ നജീബേ... എന്നൊരു വിളിവിളിച്ചു. ആ വിളിയിൽ ഘനീഭൂതമായിരുന്ന വികാരങ്ങൾ എന്തൊക്കെ യായിരുന്നു എന്ന് എനിക്കുതന്നെ അറിയില്ല. സങ്കടം, ഭീതി, വേദന, കണ്ണീർ, നൊമ്പരം... എല്ലാം അതിൽ സമാസമം കലർന്നിരുന്നു. ഒരൊറ്റ വാക്കിൽ ഒരൊറ്റ വിളിയിൽ അത്രയും വികാരങ്ങൾ ഒന്നിച്ചു സമ്മേളിപ്പിക്കാനാവുമെന്ന് എനിക്കപ്പോഴേ മനസ്സിലായുള്ളൂ. ലോകത്തിൽ ഒരു കലാകാരനും പുനരാ വിഷ്കരിക്കാൻ കഴിയാത്തെ ജീവിതത്തിൻ്റെ ഒരു പച്ചനിമിഷം! ബാക്കിയൊന്നും ഹമീദ് പറയേണ്ടതില്ലായിരുന്നു. അവന്റെ കണ്ണുകൾ ഉറഞ്ഞുപോയ വശത്തേക്ക് ഞാനും നോക്കി. അവിടെനിന്ന് ഒരറബി നടന്നു വരുന്നുണ്ടായിരുന്നു. അയാൾ ഇങ്ങത്തുന്നതിനും വളരെ മുമ്പേ ഹമീദ് വലിയ വായിൽ നിലവിളിച്ചു. അതുകൊണ്ടുതന്നെ അറബിക്ക് തൻ്റെ ഇരയെ അന്വേഷിച്ച് പിന്നെ ഏറെ അലയേണ്ടി വന്നില്ല. അയാൾ തേടി വന്നവൻ ഇതാ കൺമുന്നിൽ നിന്ന് വാവിട്ടു കരയുന്നു. ഹമീദിന്റെ മുഖം കണ്ടതും അറബി ഒരു ചീറ്റപ്പുലിയെപ്പോലെ ചാടി വന്ന് അവനെ പൊതിരെ തല്ലി. കൈകൊണ്ടും അരയിൽനിന്ന് ബെൽറ്റ് ഊരിയും തലയിൽനിന്നും ഗ്രതയുടെ തിരികച്ചുറ്റായ ഇഖാൽ ഊരിയും അയാ ളുടെ കലി അടങ്ങുന്നതുവരെ, തല്ലി. എല്ലാം നോക്കിനിന്ന് കരയുവാനേ എനിക്കും ബ്ലോക്കിലെ ബാക്കിയുള്ളവർക്കും കഴിഞ്ഞുള്ളൂ. എനിക്ക് നാട്ടിൽപ്പോകണം. എനിക്കിവിടെ വയ്യ. ഞാൻ പോയക്കോട്ടെ... എന്നെ വിടോ... എന്നെ വിടോ... എന്നിങ്ങനെ ഹമീദ് അലറിക്കരഞ്ഞെങ്കിലും അറബി അവനെ വലിച്ചിഴച്ചു വാർഡന്റെ മുറിയിലേക്കു കൊണ്ടുപോയി. അന്നാണ് ഞാൻ ഹമീദിനെ അവസാനമായി കാണുന്നത്. പിന്നെ ഒരിക്കലും അവനെപ്പറ്റി യാതൊരു വിവരവും അറിയാൻ എനിക്കു സാധിച്ചിട്ടില്ല. അവൻ്റെ ബാക്കി ജീവിതം എന്തായിത്തീർന്നു എന്നറിയാനുള്ള ആകാംക്ഷ ഉണ്ടായിരുന്നിട്ടും. അങ്ങനെ പാതിവഴിയിൽ അപൂർണ്ണമായി പ്പോവുന്ന എത്രയെത ജീവിതങ്ങൾ! സ്വന്തം കഥ ആരോടും പറയാനാവാതെ ഒടുങ്ങിപ്പോകുന്ന നിസ്സഹായ ജീവികൾ! 42     ബെന്യാമിൻ കുറച്ചുദിവസത്തെ പരിചയം. ഏറെ സൗഹൃദം അതായിരുന്നു എനിക്കു ഹമീദ്. അറബിയുടെ തോട്ടത്തിൽ കൃഷിപ്പണിയായിരുന്നു അവന്. രാവോളം പണിയും. നിറയെ മർദ്ദനങ്ങളും കുറച്ചു കൂലിയും. സഹിക്കാനാവാതെ വന്ന പ്പോഴാണ് അവൻ ഒരു ദിവസം തോട്ടംവിട്ട് ഓടിപ്പോന്നത്. ജയിലിൽ എത്തിയ പ്പോഴേക്കും ഞാൻ അനുഭവിച്ചതിന്റെ നാലിരട്ടി സന്തോഷമായിരുന്നു ഹമീ ദിന്. പുറംലോകത്തുനിന്നും സർക്കാർ സുരക്ഷിതത്തിൽ എത്തിയതോടെ ഇനി മേലിൽ താൻ അറബിയുടെ പിടിയിലാവാൻ പോകുന്നില്ല എന്ന ഉറച്ച വിശ്വാസമായിരുന്നു അവന്. പക്ഷേ എത്ര പെട്ടെന്നാണ് എല്ലാം കീഴ്മൽ മറിയുന്നത്. അന്ന് ബ്ലോക്ക് മുഴുവൻ നിറഞ്ഞ നിശ്ശബ്ദതയായിരുന്നു. അവൻ എല്ലാവരുടെയും പ്രിയപ്പെട്ടവൻ ആയിരുന്നു. എല്ലാവരോടും അവൻ സന്തോഷത്തോടെ ഇടപെട്ടു. വലിയ തമാശകൾ പറഞ്ഞു. ഒരു ജ്യേഷ്‌ഠ സഹോദരനെപ്പോലെ നിറയെ ആശ്വസിപ്പിക്കലുകൾ നടത്തി. അവസാനം അവൻ വലിയ നിലവിളിയോടെ ഞങ്ങൾക്കിടയിൽനിന്നും വലിച്ചിഴയ്ക്ക പ്പെടുന്നത് ഞങ്ങൾക്കു കാണേണ്ടിവന്നു. അത്ര വലിയ കരച്ചിലോടെ അടുത്ത കാലത്തെങ്ങും ഒരാളും അറബിക്കൊപ്പം മടങ്ങിപ്പോയതായി ഓർമ്മയില്ല. പിറ്റേന്നാണ് അതിലും വലിയ സങ്കടം തോന്നിയത്. അന്ന് എംബസി ഉദ്യോഗസ്ഥർ വന്നപ്പോൾ ആദ്യം വിളിച്ച പേര് ഹമീദിന്റേതായിരുന്നു! ഹോ...!! എന്റെ പടച്ചതമ്പുരാനേ.. കഴിഞ്ഞ ആഴ്‌ച ഈ പേരു വിളിക്കപ്പെടാൻ നീ അവസരം ഒരുക്കിയില്ലല്ലോ. എങ്കിൽ അവന്റെ ജീവിതം എത്ര വ്യത്യസ്ത‌വും സന്തോഷം നിറഞ്ഞതും ആവുമായിരുന്നു. ഇല്ല. നിൻ്റെ വിധിയിൽ ന്യായ വിസ്താരം നടത്താൻ ഞാൻ തുനിയുന്നില്ല. നിൻ്റെ കണിശതയിൽ ഞാൻ ഉറച്ചുവിശ്വസിക്കുന്നു. നീ അവനുവേണ്ടി മാറ്റിവച്ച സങ്കടത്തിന്റെ ദിനങ്ങൾ അവസാനിക്കുവാൻ ഇനിയും സമയമുണ്ടെന്ന് നീ അവനെ പറഞ്ഞു മനസ്സി ലാക്കിക്കൊടുത്താൽ മാത്രം മതി. ഹമീദ് പോയതോടെ ഞാൻ ജയിലിൽ വല്ലാതെ ഒറ്റപ്പെട്ടു. പുതിയതായി വന്നവരോട് എനിക്കധികം സൗഹൃദമൊന്നും സ്ഥാപിക്കാൻ കഴിഞ്ഞില്ല. ആരോടും ഒന്നും മിണ്ടാതെയും പറയാതെയും ഞാൻ വല്ല മൂലയ്ക്കും ഒതുങ്ങിക്കൂടും. വല്ലപ്പോഴും വല്ലതും കഴിക്കും. മിക്ക ദിവസങ്ങളിലും കഴി ക്കില്ല. ഹമീദിന്റെ നഷ്ടം എനിക്ക് ഉന്മേഷത്തിന്റെ നഷ്ടമായിരുന്നു. ആഴ്ച്‌ചയിൽ ഒരിക്കൽ എംബസിക്കാർ വരുമ്പോൾ മാത്രമാണ് ഞാനൊന്ന് ഉണരുക. ആകാംക്ഷയോടെ കാത്തുനില്ക്കും. എന്റെ പേരുവിളിക്കപ്പെടാനായി. പക്ഷേ ഒരിക്കലും അതു സംഭവിച്ചില്ല. അവരോടു പറ്റിക്കൂടി ചോദിക്കുമ്പോൾ, ഇനിയും ശരിയായി വരാനുള്ള നൂലാമാല പിടിച്ച നിരവധി പേപ്പറുകളുടെ കഥ പറയും. എന്നാലും അടുത്ത ആഴ്ച‌യിലേക്കു ശരിയായേക്കും എന്നൊരു പ്രതീക്ഷ തന്നിട്ടാണ് അവർ എല്ലാവട്ടവും പോകാറ്. അങ്ങനെ ഞാൻ ഓരോ പ്രാവശ്യവും പ്രതീക്ഷയിലേക്ക് വളരുകയും നിരാശയിലേക്കു തളരുകയും ചെയ്തുകൊണ്ടിരുന്നു. 43   ആടുജീവിതം   അങ്ങനെ ജയിൽ ദിവസങ്ങൾ കൊഴിഞ്ഞുപോയ ക്കൊണ്ടിരിക്കെ അറബി പരിശോധനയ്ക്കു വരുന്ന ഒരു ദിവസം! ഭീതിയോ ആകാംക്ഷയോ നിരാശയോ ഒന്നുമില്ലാതെ ഞാൻ വരിയിൽ നില്ക്കുകയാണ്. നിരവധി അറബികൾ ഞങ്ങളെ കടന്നുപോയ്ക്കൊണ്ടിരിക്കുന്നു. പെട്ടെന്ന് വരിയുടെ അങ്ങേത്തലയ്ക്കൽ ഒരു മുഖം പ്രത്യക്ഷപ്പെട്ടു. ആ മുഖം എന്റെ കണ്ണിൽ തെളിഞ്ഞതും എൻ്റെയുള്ളിലൂടെ ഒരു കൊടുംവെള്ളിടി പാഞ്ഞുപോയി. കുറച്ചുദിവസങ്ങൾക്കു മുൻപ് ഹമീദ് വിളിച്ചതുപോലെ ഒരു വിളി ഞാനെന്റെ അള്ളാവിനെ വിളിച്ചുപോയി! ഇനി ഒരിക്കലും കണ്ടുമുട്ടില്ലെന്നും ഇനി ഒരിക്കലും എന്നെ തേടിവരി ല്ലെന്നും ഞാൻ ദൃഢമായി വിശ്വസിച്ചിരുന്ന എന്റെ സ്വന്തം അർബാബ് ആയി രുന്നു അത്! അർബാബ്! ഏതാണ്ടു നാലുവർഷം മുൻപ് റിയാദ് എയർ പോർട്ടിൽ വച്ച് ഞാനാദ്യമായി കണ്ട എന്റെ അർബാബ്! ഭീതികൊണ്ട് എനിക്കു തല കറങ്ങുന്നതുപോലെ തോന്നി. താഴെ വീഴാതിരിക്കാൻ ഞാൻ എന്റെ തൊട്ടടുത്തുനിന്നിരുന്ന ആളിന്റെ കയ്യിൽ കയറിപ്പിടിച്ചു. IndianTermin 44     അഞ്ച് ഒന്നാം ഇറാക്കുയുദ്ധം ഗൾഫ് മേഖലയിൽ ഉയർത്തിയ അശാന്തിയുടെ omപൊടിപടലങ്ങൾ ഏതാണ്ട് അടങ്ങിയ കാലം. ഒരു ചെറിയ ഇടവേളയിലെ മാന്ദ്യത്തിനുശേഷം എ രാജ്യങ്ങളിലെല്ലാം ജോലിസാധ്യതകളുടെ വേലി യേറ്റമുണ്ടായ കാലം. ഒരു വിസ കൊടുക്കാനുണ്ടെന്ന് തികച്ചും യാദൃച്ഛിക മായി കരുവാറ്റക്കാരൻ ഒരു സുഹൃത്ത് വഴിയിൽവച്ചു പറഞ്ഞപ്പോൾ അതു വരെ ഒരിക്കലും മനസ്സിൽ ഇല്ലാതിരുന്ന ഒരു മോഹം എനിക്കും തോന്നി. എത്ര കാലമായി ഇവിടെ ഇങ്ങനെ വെള്ളത്തിൽ മുങ്ങാംകുഴിയിട്ട് ജീവി ക്കുന്നു. ഒരുവട്ടം പോയാലെന്താ. ഏറെ നാളത്തേക്കൊന്നും വേണ്ട. അതിനു മാത്രം അത്യാഗ്രഹവുമില്ല. അല്ലറ ചില്ലറ കടങ്ങളുള്ളതു വീട്ടണം. വീടിന് ഒരു മുറി ഇറക്കണം. എല്ലാ സാധാരണ മലയാളികളുടെയും സാധാരണ മോഹങ്ങൾ മാത്രം. അതുതന്നെയുമല്ല. പുഴയിൽനിന്നു മണൽവാരലൊക്കെ നിയന്ത്രിക്കാൻ പോവുകയാണെന്ന് ഒരു പറച്ചിലും ഉണ്ട്. അതൂടെ പോയാൽ പ്പിന്നെ മറ്റെന്തു പണികിട്ടാനാണ്..? പട്ടിണി കിടക്കാൻ പറ്റുമോ...? പണ്ടാ യിരുന്നെങ്കിൽ കിടക്കാമായിരുന്നു. കിടന്നിട്ടുമുണ്ട്. ഇപ്പോ ഉമ്മായുടെ നിർബന്ധത്തിന് വഴങ്ങി ഒരു കല്യാണം കഴിച്ചു. അവൾ നാലുമാസം ഗർഭിണിയുമാണ്. ചെലവുകൾക്കു മേൽ ചെലവുകൾ മണൽകൂനപോലെ വന്നു നിറയാൻ പോകുന്ന കാലം. തന്നെയുമല്ല അടുത്തിടെയായിട്ട് നില യ്ക്കാത്ത പനിയും ചുമയും. ദിവസവും വെള്ളത്തിൽ മുങ്ങിക്കിടക്കുന്ന തിന്റേതാവണം. ഇതിങ്ങനെ നിന്നാൽ വല്ല ന്യുമോണിയയും വരാനും മതി. എന്നുവച്ച്വെള്ളത്തിൽ ഇറങ്ങാതിരിക്കാൻ പറ്റുമോ...? ഇത് പടച്ചോനായിട്ടു കൊണ്ടുതന്നെ അവസരം ആയിരിക്കണം. നഷ്ടപ്പെടുത്താൻ പാടില്ല. ആരെങ്കിലും പോകാനുണ്ടെങ്കിൽ പറ. എന്റെ അളിയന്റെ വഴിക്കാണ്. അളിയൻ അവധിക്കു വന്നിട്ടുണ്ട്. ഇപ്പോ പൈസ കൊടുത്തുവിട്ടാ രണ്ടു മാസത്തിനകം വിസ അയച്ചുതരും - കൂട്ടുകാരൻ പറഞ്ഞു. അടുത്തിടെ സൈനുവിന്റെ നിർബന്ധം സഹിക്കവയ്യാതെ ഒരു കാരണവുമില്ലാതെ എടു ത്തിട്ട പാസ്പോർട്ടിൻ്റെ കോപ്പി മനസ്സിന്റെ മൂലയിൽ കിടന്നു തിളങ്ങി. ഉണ്ട്. ഒരാളുണ്ട്. മറ്റാർക്കും കൊടുക്കണ്ട. ഞാൻ അപ്പോഴത്തെ ആവേശ ത്തിൽ പറഞ്ഞു.   45   ആടുജീവിതം എങ്കിൽ നാളെത്തന്നെ വീട്ടിലോട്ട് വാ. നമുക്കൊരുമിച്ച് അളിയനെ പോയി ക്കാണാം. ബാക്കി കാര്യങ്ങൾ നിങ്ങള് തമ്മിൽ സംസാരിക്ക്. കൂട്ടുകാരൻ പോയിക്കഴിഞ്ഞപ്പോൾ വല്ലാത്തൊരു ആധിയായിരുന്നു. വേണമോ വേണ്ടയോ...? ഏറെനേരം മനസ്സിലിട്ട് ആലോചിച്ചു നടന്നു. പൊറുതി കിട്ടാതെ വന്ന പ്പോൾ മാത്രമാണ് സൈനുവിനോട് പറഞ്ഞത്. കേട്ടതും എല്ലാ പെണ്ണുങ്ങ ളെയുംപോലെ അവൾക്കും ഉത്സാഹമായി. ഇക്കാ പടച്ചോനായിട്ട് കൊണ്ടു ത്തന്ന അവസരമാണ്. കളയരുത്. എത നാളായിട്ട് ഞാനെൻ്റെ ഇക്കാക്കമാ രോടു പറയുന്നു. ഒന്നും നടന്നിട്ടില്ലല്ലോ. അവളുടെ രണ്ട് ആങ്ങളമാരും നേരത്തേ ഗൾഫിലാണ്. പക്ഷേ സൈനു - വല്ലതും ജാസി കൊടുക്കേണ്ടിവരില്ലേ. നമ്മുടെ കയ്യിൽ...?! മനസ്സുവച്ചാ ഒക്കെയുണ്ടാവും ഇക്കാ. ഇന്നാട്ടിലുള്ളാരെല്ലാം കൈ നിറയെ പണം വച്ചിട്ടാണോ പോകാനൊരുങ്ങുന്നത്..? ഇക്കാ ധൈര്യമായിട്ട് ചെന്ന് കരുവാറ്റക്കാരനെ കാണ്. അവളെപ്പോഴും അങ്ങനെയാണ്. നിരാശയുടെ ഒരു വാക്ക് ആ നാവിൽ നിന്ന് വരില്ല. ഏത് ഇല്ലായ്മയിലും ഉണ്ടെന്നു വരുത്തിത്തീർക്കാൻ കേമി. പെണ്ണുങ്ങളായാൽ അങ്ങനെ വേണമെന്ന് രഹസ്യത്തിലെങ്കിലും അഭിമാന പ്പെട്ടുപോയിട്ടുണ്ട്. വിവാഹം കഴിഞ്ഞിട്ട് കുറച്ചുകാലമേ ആയിട്ടുള്ളൂ എങ്കിലും അതിനിടെ പലവട്ടം. പലവട്ടം. പിറ്റേന്നുതന്നെ കൂട്ടുകാരനെയും കൂട്ടി ""അളിയനെ' പോയി കണ്ടു. മുപ്പതി നായിരമാണ് ചോദിച്ചത്. അതിൽ ഇരുപത് അളിയൻ രണ്ടാഴ്ച കഴിഞ്ഞ് മടങ്ങുന്നതിനു മുൻപ്കൊടുക്കണം. അത് അറബിക്കു കൊടുത്തിട്ട് വേണം വിസ ശരിപ്പെടുത്താൻ. ബാക്കി പത്ത് ടിക്കറ്റിനും മറ്റു ചെലവുകൾക്കുമായി വിസ കിട്ടിക്കഴിഞ്ഞ് ബോംബെയിൽ ഏജന്റിനു കൊടുത്താൽ മതി. ഞാൻ കുട്ടിയാൽ കൂടുന്ന തുകയായിരുന്നില്ല മുപ്പത്. എന്നിട്ടും അന്നേരത്തെ എന്തോ ഒരു ധൈര്യത്തിൽ സമ്മതിച്ചു. തരാം. പിന്നത്തെ ഒരാഴ്‌ച ഞാനോടിയ ഓട്ടം. കൊണ്ടുപോയി സഹായിക്കാൻ അടുത്ത ബന്ധുക്കളാരും ഗൾഫിലില്ലാത്ത ഓരോ ഗൾഫുകാരൻ്റെയും ജീവിതത്തിൽ കാണും അത്തരത്തിലൊരു ഓട്ടത്തിന്റെ കഥ! സൈനുവിന്റെ കഴുത്തിൽ കിടന്ന ഇത്തിരി പൊന്ന് പണയം വച്ചും വീടിന്റെ ആധാര മെടുത്ത് ബാങ്കിലേക്ക് ഓടിയും കൂട്ടത്തിൽ മണൽ വാരുന്നവരോടൊക്കെ നുള്ളിപ്പെറുക്കിയും അറിയാവുന്നവരോടൊക്കെ കൊച്ചുകൊച്ചു തുകകൾ കടം വാങ്ങിയും ഒപ്പിച്ചു. അതെ ഒപ്പിച്ചു എന്ന വാക്കാണ് അതിന് ചേരുക. എതായാലും 'അളിയൻ' പോകുന്നതിന്റെ തലേന്നു രാത്രി തുക എത്തി ക്കാൻ കഴിഞ്ഞു എന്നുമാത്രം പറഞ്ഞാൽ മതി. (അബുദാബിയിലുള്ള 46     ബെന്യാമിൻ സൈനുവിന്റെ ആങ്ങളമാരോട് ചോദിക്കാമായിരുന്നു. വേണ്ടെന്നു പറഞ്ഞത് അവൾ തന്നെയാണ്. ഇതനാളും എന്നെ ഒരു കരപറ്റിക്കാത്തതിൻ്റെ ദേഷ്യം അവൾക്കുണ്ടായിരുന്നു.) പിന്നൊരു രണ്ടു മാസം. അതു കാത്തിരിപ്പിന്റെയും സ്വപ്‌നത്തിന്റെയും മാസങ്ങൾ ആയിരുന്നു. മറ്റൊരു കടം വാങ്ങൽ പരമ്പരയുടെയും. ഏജന്റിനു കൊടുക്കാനുള്ള ബാക്കി പത്തുകൂടി സംഘടിപ്പിക്കണമായിരുന്നല്ലോ. അതും ഒപ്പിച്ചെടുത്തു. അതിനിടെ നിറയെ സ്വപ്നങ്ങൾ കണ്ടു. ഒരുപക്ഷേ പതി നാലു ലക്ഷത്തോളം വരുന്ന ഗൾഫ് മലയാളികളിൽ ഏതൊരാളുംനാട്ടിൽ വച്ച് കണ്ടിട്ടുള്ളതരം യാഥാസ്ഥിതിക സ്വപ്‌നങ്ങൾ. ഗോൾഡൻ വാച്ച്, ഫ്രിഡ്ജ്, ടി.വി., കാറ്, എ.സി, ടേപ്പ് റിക്കോർഡർ, വി. സി. പി., കട്ടിയിൽ ഒരു സ്വർണ്ണമാല.. രാത്രി കിടക്കുമ്പോൾ അതൊക്കെ വെറുതെ സൈനുവു മായി പങ്കുവച്ചു. ഒന്നുംവേണ്ട ഇക്ക. നമ്മുടെ കുഞ്ഞിന് (മകനോ? മകളോ?) ജീവിക്കാനുള്ള അല്ലറ ചില്ലറ വകയാകുമ്പോൾ മടങ്ങിപ്പോന്നേക്കണം. എൻ്റെ ഇക്കാക്കമാരെപ്പോലെ നമുക്കൊന്നും വാരിക്കൂട്ടണ്ട. മണിമാളികയും വേണ്ട. ഒന്നിച്ചൊരു ജീവിതം. അത്രമാത്രം മതി. ഒരുപക്ഷേ ഗൾഫിലേക്കു പുറപ്പെടാൻ തയ്യാറായി നില്ക്കുന്ന ഏതു പുരു ഷന്മാരോടും അവരുടെ ഭാര്യമാർ ഇങ്ങനെത്തന്നെ പറഞ്ഞിരിക്കണം. എന്നിട്ടും അവർക്ക് ഇരുപതും മുപ്പതും വർഷങ്ങൾ അവിടെ ചെലവിടേണ്ടി വരുന്നു. എന്താണാവോ ആ പ്രഹേളികയ്ക്കു കാരണം...?! അവസാനം - വിസറെഡി. ബാക്കി തുകയുമായി വരിക - ബോംബെ യിൽ നിന്നും ഏജന്റിന്റെ ടെലിഗ്രാം വന്നു. അന്നേരം ഞാനനുഭവിച്ച സന്തോഷം. ഇതിനോടകം ഗൾഫിൽ ചെന്നുപെട്ടിട്ടുള്ള ദശലക്ഷക്കണ ക്കിനു മലയാളികളിൽ ഏതൊരാളുടെ സന്തോഷത്തിനും മേലെയായി രുന്നു അതെന്ന് എനിക്കുറപ്പുണ്ട്. ആ രാത്രി ഞാൻ സന്തോഷിച്ചപോലെ മറ്റാരും സന്തോഷിച്ചു കാണില്ല. ആ രാത്രി ഞാൻ സൈനുവിനെ കെട്ടി പ്പിടിച്ചതുപോലെ ആരും സ്വന്തം ഭാര്യമാരെ പുണർന്നു കാണില്ല. ഒരു സങ്കടമേ ഉണ്ടായിരുന്നുള്ളൂ. എന്റെ മകൻ? മകൾ? അതിൻ്റെ ജനന സമയത്ത് ഞാനരികിൽ ഉണ്ടാവില്ലല്ലോ... എൻ്റെ സൈനുവിന്റെ വലിയ വേദനയിൽ അടുത്തുനിന്ന് തലോടിക്കൊടുക്കാൻ എനിക്കു കഴിയില്ലല്ലോ. ഞാൻ സെനുവിൻ്റെ വീർത്തുവരുന്ന വയറ്റിൽ മതിയാവാതെ ഉമ്മ കൊടുത്തു. എൻ്റെ നബീലേ/ എൻ്റെ സഫിയാ (എൻ്റെ കുഞ്ഞിനിടാൻ ഞാൻ കണ്ടുവച്ചിരുന്ന പേരുകൾ) എന്റെ കുഞ്ഞീ/എൻ്റെ ചക്കീ (എൻ്റെ കുഞ്ഞിനെ വീട്ടിൽ വിളിക്കാൻ ഞാൻ കണ്ടുവച്ചിരുന്ന പേരുകൾ) എൻ്റെ മോനേ...? എന്റെ മോളേ...? നീ ഈ ഭൂമിയിലേക്കു കൺതുറന്നു വരുന്നതു കാണാൻ ഈ ഉപ്പ് നിന്റെയടുത്തുണ്ടാവില്ല. പക്ഷേ എന്നെങ്കിലും ഞാൻ മടങ്ങി വരുമ്പോൾ നിനക്ക് കൈ നിറയെ സമ്മാനങ്ങൾ ഞാൻ കൊണ്ടുവരാം. കേട്ടോ..   47   Ing .comസന്തോഷത്തേക്കാളേറെ ആധിയുടെ യാത്രയായിരുന്നു അത്.     ബെന്യാമിൻ ഇപ്പോൾ അതൊക്കെ ഓർക്കുമ്പോൾ ഒരു നാലാംകിട സിനിമാരംഗ ത്തിന്റെ ഛർദ്ദിൽ മണം അതിൽനിന്നും വല്ലാതെ തികട്ടിവരുന്നതുപോലെ. നമ്മുടെയൊക്കെ ജീവിതം ചിലപ്പോഴെങ്കിലും സിനിമാരംഗത്തേക്കാൾ പരിഹാസം നിറഞ്ഞതായിപ്പോവാറുണ്ട് അല്ലേ...? വിസ വന്ന വിവരമറിയിക്കാൻ കരുവാറ്റക്കാരൻ സുഹൃത്തിനെ കാണാൻ ചെന്നപ്പോഴാണ് അറിയുന്നത്, ധനുവച്ചപുരത്തുള്ള ഒരു പയ്യനും എനി ക്കൊപ്പം വിസ വന്നിട്ടുണ്ട്. അതേ അളിയൻ വഴിക്ക്. അതേ കമ്പനിയിലേക്ക് രണ്ടുപേർക്കും. പുറംലോകം അറിയാത്തതല്ലേ. ഒന്നിച്ചു പോകാം. ഞങ്ങൾ ഒന്നിച്ചാണ് കായംകുളത്തുനിന്നും ജയന്തി ജനതയിൽ കയറി യത്. അന്നേരം മാത്രമാണ് മീശ കുരുത്തിട്ടില്ലാത്ത മെലിഞ്ഞു കൊലുന്നനേ യുള്ള ആ പയ്യനെ പരിചയപ്പെടുന്നത്. പേര് ഹക്കീം! മോനെ, ഹക്കീം പുറത്തൊന്നും പോയിട്ടുള്ളവനല്ല. നിന്നെക്കൂട്ടിയാണ് വിടുന്നത്. നോക്കിക്കോണേ. ഹക്കീമിന്റെ ഉമ്മ ജനാലയിലൂടെ കരഞ്ഞു. സൈനുവിന്റെയും ഉമ്മയുടെയും കരച്ചിലിലേക്ക് ഞാൻ കണ്ണുകൊടു ത്തതേയില്ല. പൊതുജനമദ്ധ്യത്തിൽവച്ച് വിങ്ങിപ്പൊട്ടാൻ എനിക്കു മടി യായിരുന്നു. സന്തോഷത്തേക്കാളേറെ ആധിയുടെ യാത്രയായിരുന്നു അത്. യാത്രയുടെ വൈഷമ്യങ്ങൾ ഓർത്തുള്ള ആധി. ബാഗിൽ പണമിരിക്കുന്ന തിന്റെ ആധി. എത്തിപ്പെടുന്ന നഗരത്തെക്കുറിച്ചുള്ള ആധി. ഏജൻസികൾ നടത്തിയിട്ടുള്ള തട്ടിപ്പുകഥകൾ ഓർത്തുള്ള ആധി. അയൽപക്കത്തുള്ള ഒരു പഴയ കൂട്ടുകാരൻ ശശിയെ വിവരമറിയിച്ചിട്ടുണ്ട്. അവൻ യഥാസമയത്ത് റെയിൽവെ സ്റ്റേഷനിൽ എത്തുമോ എന്ന ആധി. മൂന്നു ദിവസം മുഴുവൻ ആ ആധികൾ തെല്ലും കളയാതെ ഞാൻ തിന്നു. എൻ്റെ മാത്രമല്ല, ഹക്കീ മിന്റെ ആധികൾ കൂടി തിന്നതു ഞാനാണ്. അവൻ പയ്യൻ. അവൻ ഉല്ലാസ ത്തോടെ കളിച്ചു ചിരിച്ചു യാത്ര ചെയ്തു. ബോംബെയിൽ ചെന്നിറങ്ങിയതോടെ അതുവരെയുണ്ടായിരുന്ന ആധി കളുടെയെല്ലാം കെട്ടഴിഞ്ഞുപോയി. എല്ലാത്തിനും സ്വന്തംപോലെ ശശി കൂടെയുണ്ടായിരുന്നു. അക്കാര്യത്തിൽ ബോംബെ മലയാളിയുടെ ശുഷ്കാന്തി സമ്മതിക്കാതെ വയ്യ. എനിക്കുവേണ്ടി ശശി രണ്ടു ദിവസത്തെി ജോലി നഷ്ടപ്പെടുത്തുകകൂടി ചെയ്തു. ഒറിജിനൽ വിസ കാണിച്ച ശേഷമാണ് ഏജൻസിക്കു പൈസ കൊടുത്തത്. താമസം ശശിയോടും ബാക്കി എട്ടുപേരോടും ഒപ്പം ഒരു മുറിയിൽ. ഞങ്ങളെക്കൂടി ഉൾക്കൊള്ളാൻ ആ മുറിക്ക് ഒരു പ്രയാസവും തോന്നിയില്ല. ഇനി രണ്ടുപേർ വന്നാൽ കൂടി സ്വീകരിക്കാൻ ആ മുറി ഒരുക്കമായിരുന്നു. അതും ബോംബെ മലയാളിക്കു മാത്രം സാധ്യമാവുന്ന വിശാലത. രണ്ടാഴ്ചക്കാലം ബോംബെയിൽ ഉണ്ടായിരുന്നു. നീണ്ട രണ്ടാഴ്ചക്കാലം. സമയം ഒരിക്കലും നീങ്ങാത്ത രണ്ടാഴ്ചക്കാലം! ഓരോ നിമിഷത്തിനും ഒരു 49     ആടുജീവിതം നൂറ്റാണ്ടിന്റെയും ഓരോ ദിവസത്തിനും ഒരു യുഗത്തിന്റെയും നീളമുണ്ടെന്നു തോന്നിച്ച രണ്ടാഴ്ച്ച! ശശിയും കൂട്ടുകാരും ജോലിക്കു പോയിക്കഴിഞ്ഞാൽ ഞാനും ഹക്കീമും കൂടി നടക്കാൻ ഇറങ്ങും. എവിടേക്കെന്നറിയാതെ, ഏതുവഴിയെന്നറിയാതെ, സംസാരിക്കാൻ ഒരു ഭാഷ വശമില്ലാതെ വെറുതെ നടന്നു. ഒക്കെ ഒരു ധൈര്യ മായിരുന്നു. ഞങ്ങൾ ധാരാവിയിലെ ചേരിയിലൂടെ നടന്നു. ഇടുങ്ങിയ നീണ്ട ഗല്ലികൾ പിന്നിട്ട് അ രിയിലെ റെയിൽവെ സ്റ്റേഷനിൽ വെറുതേ പോയി നിന്ന് യാത്രക്കാരുടെ തിക്കും തിരക്കും കണ്ട്, പാവുബാജി കഴിച്ച്, സർബത്ത് കുടിച്ച്, സിനിമയ്ക്കു കയറി, രാത്രി ശശിയോടൊത്ത് ബിയർ കുടിച്ച് (ഹക്കീ മിന് കൂൾഡിംഗ്സ്), ഡാൻസ്ബാറിൽപ്പോയി രാതി എപ്പോഴെങ്കിലും മടങ്ങി വന്ന ഉല്ലാസത്തിന്റെ രണ്ടാഴ്ച. ഒടുവിൽ ആ യാത്രാദിവസം വന്നെത്തി. എനിക്കധികം ലഗേജ് ഒന്നു മില്ലായിരുന്നു. സൈനുവിന്റെ വല്ലായ്‌മയിലും സ്നേഹം പുരട്ടി വറുത്തു തന്ന കുറച്ച് ഉപ്പേരി, നാരങ്ങാ അച്ചാർ ഉമ്മ ക്ഷീണം മറന്ന് ഇടിച്ചുതന്ന ഇത്തിരി ചമ്മന്തിപ്പൊടി, ആറ്റുവാള അച്ചാർ രണ്ടോ മൂന്നോ ജോടി വസ്ത്രങ്ങൾ, (എന്തിനാ ഇക്കാ അധികം. ഇഷ്ടംപോലെ കിട്ടുന്ന ദേശത്തോ ക്കല്ലേ പോകുന്നത്) ഒരു തോർത്ത്, രണ്ടു സോപ്പ്, ഒരു ചെറിയ പേസ്റ്റ്, ഒരു ബ്രഷ് പിന്നെ പാസ്പോർട്ട്, ടിക്കറ്റ്, കുറച്ച് ഇന്ത്യൻ രൂപ. തീർന്നു. പക്ഷേ ഹക്കീമിന് ഒരു ഭാണ്ഡംതന്നെയുണ്ടായിരുന്നു. ഒരു കുടുംബത്തിന് ഒരു നൂറ്റാണ്ടുകാലം കഴിക്കാനുള്ള വക അവൻ്റെബാഗിലുണ്ടെന്ന് എനിക്കു പലപ്പോഴും തോന്നി. അതുപറഞ്ഞ് ഞാനും ശശിയും കൂടി അവനെ ഏറെ കളിയാക്കുകയും ചെയ്തിരുന്നു. അപ്പോഴൊക്കെ അവന്റെ ഒരു ചൂളൽ. അതു കാണാനായിരുന്നു ഞങ്ങളവനെ വെറുതെ തിരികേറ്റുന്നത്. എയർപോർട്ടിലേക്കു ശശിയും മുറിയിലുണ്ടായിരുന്ന മറ്റൊരാളും വന്നി രുന്നു. ചെന്നാലുടൻ അറബിയെ ചാക്കിട്ടു പിടിച്ച് രണ്ടു വിസ സംഘടിപ്പി ക്കാമെന്നും അതു നിങ്ങൾക്ക് അയച്ചു തരാമെന്നും എല്ലാ ഗൾഫ് മലയാളി കളും തങ്ങളുടെ സുഹൃത്തുക്കൾക്ക് എയർപോർട്ടിൽ വച്ച് കൊടുക്കുന്ന പോലെ ഒരു വാഗ്ദാനം ഞാൻ ശശിക്കും സുഹൃത്തിനും കൊടുത്തു. ഇതെത്ര കേട്ടിരിക്കുന്നു എന്ന മട്ടിൽ അവർ വെറുതെ ചിരിച്ചിരിക്കണം. എന്നാലും ഒരു പ്രതീക്ഷ അവരുടെ ഉള്ളിൽ മുളപൊട്ടിക്കാണില്ലേ...? ഇത്തരം ചില പ്രതീക്ഷകളുടെ മുകളിലാവുമോ ബോംബെ മലയാളി അവൻ്റെ ദുരിത ജീവിതം തള്ളിനീക്കുന്നത്...? ഒരാഴ്ചക്കാലം കാത്തതിന്റെ പ്രതിഫലമായി എന്റെ കയ്യിൽ കിടന്ന വാച്ചഴിച്ച് ഞാൻ ശശിക്കു കൊടുത്തു. (സൈനുവിന്റെ ആങ്ങള ആദ്യത്തെ പ്രാവശ്യം വന്നപ്പോൾ തന്നത്), പിന്നെ എയർപോർട്ടിലെ ഒരു ടെലി ഫോൺ ബൂത്തിൽ കയറി ഏറെനേരം പരിശ്രമിച്ച് നാട്ടിൽ - അയൽപക്ക ത്തുള്ള ഒരു മാപ്പിളയുടെ വീട്ടിൽ - വിളിച്ച് വീട്ടിൽ ഒന്നു പറഞ്ഞക്കാൻ ഏല്പിച്ചു. 50     ബെന്യാമിൻ എയർപോർട്ടിൽ എല്ലാം ഭംഗിയായും വേഗത്തിലും നടന്നു. എമി ഗ്രേഷനിൽ മാത്രം എന്തോ ചില ചോദ്യങ്ങൾ ചോദിച്ചു. എനിക്ക് ഹിന്ദിയും അയാൾക്കു മലയാളവും അറിയാത്തതുകൊണ്ടും നൂറിന്റെ ഒരു താൾ പാസ്പോർട്ടിനുള്ളിൽ വച്ച് നീട്ടിയതുകൊണ്ടും ആ കടമ്പ വേഗം കടന്നു കിട്ടി. എയർ ഇന്ത്യയുടെ വിമാനമായിരുന്നു. നാലര മണിക്കൂർ യാത്ര. ബോംബെ ടു റിയാദ്. അങ്ങനെ 1992 ഏപ്രിൽ മാസം നാലാം തീയതി പ്രാദേശിക സമയം വൈകിട്ട് 4.30ന് ഞാൻ റിയാദ് എയർപോർട്ടിൽ വിമാന മിറങ്ങി. എൻ്റെ സ്വപ്നങ്ങളുടെ നഗരമേ ഞാനിതാ വന്നെത്തിയിരിക്കുന്നു. എന്നെ സദയം സ്വീകരിച്ചാലും. അഹ്ലൻ വഹ് സഹൻ!! Indian Terminal. 51     ആറ് സ്വപ്നം കണ്ടിരുന്നതിനേക്കാൾ വലിയൊരു അദ്ഭുതലോകത്തിലേ omക്കാണ് ഞാനും ഹക്കീമും കൂടി വിമാനമിറങ്ങിച്ചെന്നത്. ഇന്നത്തെപ്പോലെ അറബിലോകം അക്കാലത്ത് അത്രയൊന്നും ടി.വിയിലോ സിനിമയിലോ ദൃശ്യവത്കരിക്കപ്പെട്ടിരുന്നില്ല. ഇതിനും മുൻപ് വന്നുപോയിട്ടുള്ളവരുടെ വാക്കുകളിലൂടെയാണ് ഞാൻ ആ ലോകത്തെപ്പറ്റി സങ്കല്പ്പിച്ചിരുന്നത്. അതുകൊണ്ടുതന്നെ സമ്പന്നതയുടെ പരിപൂർണ്ണത വിളിച്ചറിയിക്കുന്ന ഓരോ പുതുകാഴ്ചകളും എന്നെ അതിശയപ്പെടുത്തിക്കൊണ്ടിരുന്നു. ബോംബെ എനിക്ക് ആകാംക്ഷയായിരുന്നു. റിയാദ് അദ്ഭുതവും. ഏറെ നേരത്തേക്ക് ആ അദ്ഭുതലോകം കണ്ടു മിഴിച്ചു നില്ക്കാൻ എനിക്കായില്ല. എമിഗ്രേഷൻ നടപടികൾ പൂർത്തിയാക്കി എയർപോർട്ടിനു വെളിയിൽ കാത്തുനിന്ന ഞങ്ങളെ കൂട്ടിക്കൊണ്ടുപോകാൻ ആരെയും കാണാതെ ഞങ്ങൾ വിഷമിച്ചു. ഞങ്ങൾക്കൊപ്പം വിമാനത്തിൽ വന്ന വരൊക്കെ കൂട്ടുകാരുടെയും ബന്ധുക്കളുടെയും സ്പോൺസർമാരുടെയും കമ്പനികളുടെയും വണ്ടികളിൽ കയറി യാത്രയായിക്കഴിഞ്ഞിരുന്നു. ഞങ്ങളെ കൊണ്ടുപോകാൻ മാത്രം ആരുമില്ല. സ്പോൺസർ എയർപോർട്ടിൽ ഉണ്ടാകുമെന്നാണ് ബോംബെയിൽ ഏജൻസി പറഞ്ഞിരുന്നത്. വിമാനം പറഞ്ഞ സമയത്തിനും ഒരു മണിക്കൂർ വൈകിയാണ് ഇവിടെ എത്തിയിരിക്കുന്നത്. അയാൾ വന്നിട്ട് ഞങ്ങളെ കാണാതെ മടങ്ങിയിരിക്കുമോ? അതോ ഞങ്ങളെത്തേടി അയാൾ ഈ എയർപോർട്ടിലൂടെ അലയുകയാണോ? ഈ നൂറായിരക്കണക്കിന് ആളുകൾക്കിടയിൽനിന്നും അയാളെങ്ങനെ ഞങ്ങളെ കണ്ടെത്താനാണ്? പാസ്പോർട്ടിലെ എൻ്റെ ഫോട്ടോ ഇന്നത്തെ എന്നിൽനിന്നും എത്ര വ്യത്യസ്തമാണ്. അതു നോക്കി ഞങ്ങളെ കണ്ടെത്താമെന്ന വിചാരമേ വേണ്ട. അതോ ഇനി ഞങ്ങൾ വരുന്ന കാര്യം അയാൾ മറന്നിരിക്കുമോ? ഏജൻസി അയാളെ അറിയിക്കാൻ മറന്നുപോയോ? ചോദ്യങ്ങളുടെ ഒരു കൂന എന്നിലേക്ക് വന്നിടിഞ്ഞുവീണുകൊണ്ടിരുന്നു. കാത്തുനില്പ്പിൻ്റെ സമയം അധികരിക്കുന്നതനുസരിച്ച് അതിൻ്റെ കനം കൂടിവരികയാണ്. ഞങ്ങളുടെ കൺമുന്നിലൂടെ കടന്നുപോകുന്ന നൂറുനൂറു അറബികൾ. ആണുങ്ങളും പെണ്ണുങ്ങളും. ഞാൻ എത്തിപ്പെട്ടത് അന്റാർട്ടിക്കയിലാണെന്നും 52     ബെന്യാമിൻ എന്റെ കൺമുന്നിലൂടെ കടന്നുപോകുന്നത് കുറെ വെളുത്ത പെൻഗ്വിനു കളും കുറെ കറുത്ത പെൻഗ്വിനുകളുമാണെന്നും ഒരു തമാശ അതിനിടെ എനിക്കു തോന്നി. അവരിൽ ഓരോ പെൻഗ്വിന്റെയും മുഖത്തേക്ക് (മുഖം കാണാനാവാത്ത പെൺ പെൻഗ്വിനുകളുടെ കണ്ണിലേക്ക്) ഞാൻ ആർത്തി യോടെ നോക്കും. നിങ്ങൾ അന്വേഷിച്ചു നടക്കുന്ന നജീബ്ഈ ഞാനാണ്. നിങ്ങൾ അന്വേഷിച്ചു നടക്കുന്ന ഹക്കീം എൻ്റെകൂടെ നില്ക്കുന്ന ഈ പീക്കിരി പയ്യനാണ്. കണ്ണുകൾകൊണ്ടും യാചനാഭാവങ്ങൾ കൊണ്ടും നില്പ് കൊണ്ടും ഞാൻ എല്ലാവരോടും പറഞ്ഞു. പക്ഷേ ആരും എൻ്റെ അപേ ക്ഷയെ ഗൗനിച്ചില്ല. എല്ലാവരും അവരവരുടെ തിരക്കുകളിലേക്ക് നടന്നു മറഞ്ഞുപോയി. ഞങ്ങളുടെ കാത്തുനില്‌പ് പിന്നെയും നീണ്ടു. അതിനിടെ പല വിമാന ങ്ങൾ വന്നിറങ്ങി. അതിൽനിന്നും പല ദേശക്കാരും രാജ്യക്കാരും ഭാഷക്കാരും വേഷക്കാരും ഞങ്ങൾക്കിടയിലേക്ക് ഇറങ്ങിവന്നുകൊണ്ടിരുന്നു. അവരും പല വാഹനങ്ങളിലായി ചിതറി ഒഴിയുന്നു. നേരം സന്ധ്യ കഴിഞ്ഞെന്ന് മഗ്‌രിബി നുള്ള വാങ്ക് മുഴങ്ങിയപ്പോൾ ഞങ്ങൾക്കു മനസ്സിലായി. പ്രാർത്ഥനാനേരം കഴിഞ്ഞിട്ടും ആരെയും കാണാതെ വന്നപ്പോൾ എയർപോർട്ട് ജീവന ക്കാരനായ - മലയാളി എന്നു തോന്നിച്ച - ഒരാളുടെ അടുത്തെത്തി ഞാൻ വിവരം പറഞ്ഞു. അയാൾ ഞാൻ വന്ന കമ്പനിയുടെ പേരു ചോദിച്ചു. എനി ക്കത് അറിയില്ലായിരുന്നു. സ്പോൺസറുടെ ഫോൺ നമ്പർ ചോദിച്ചു. ഏജന്റിൽനിന്ന് അതു വാങ്ങാൻ ഞാൻ മറന്നുപോയിരുന്നു. ഇവിടെ പരി ചയത്തിലുള്ള ആരുടെയെങ്കിലും ഫോൺ നമ്പർ ചോദിച്ചു. എനിക്കങ്ങനെ ആരും ഉണ്ടായിരുന്നില്ല. കരുവാറ്റക്കാരൻ ""അളിയന്റെ കമ്പനിയുടെ വിലാസം എൻ്റെ പക്കലുണ്ടായിരുന്നു. ഞാനത് അയാളെ കാണിച്ചു. അത് റിയാദിൽനിന്ന് ഏറെ ദൂരെയുള്ള ഏതോ സ്ഥലമാണെന്ന് അയാൾ നിസ്സ ഹായനായി. ഏതായാലും കാത്തു നില് - നിങ്ങളുടെ അർബാബ് വരാതി രിക്കില്ല - അയാൾ സ്വന്തം ജോലിത്തിരക്കിലേക്ക് നടന്നുപോയി. അങ്ങനെ ആ അപരിചിതനിൽനിന്നാണ് ആദ്യമായി ഞാൻ ആ അറബിവാക്ക് കേൾക്കു ന്നത് - അർബാബ്! അർബാബ്! അർബാബ്!! ഞാൻ മനസ്സിൽ ആ വാക്ക് ആവർത്തിച്ചു പറഞ്ഞുനോക്കി. നല്ല രസം. കേൾക്കാൻ ഇമ്പമുള്ള വാക്ക്. ആരാണാവോ ആ അർബാബ്. എന്താണാവോ ഈ അർബാബ്. എന്തായാലും അർബാബ് വരണം എന്നാലേ ഞങ്ങൾക്കു പോകാൻ കഴിയൂ. അർബാബ് വേഗം വരൂ, ഞങ്ങൾ എത്ര നേരമായി നിങ്ങളെ കാത്തുനില്ക്കുന്നു. വേഗം വരൂ. ഈ ഭീതിയിൽനിന്നും ഞങ്ങളെ രക്ഷിച്ചുകൊണ്ടുപോകൂ. അർബാബ്! അർബാബ്!! മണിക്കൂർ പിന്നെയും ഒന്നൊന്നര പിന്നിട്ടിരിക്കണം. ഒരു വാച്ചുണ്ടായി രുന്നതു ബോംബെയിൽ ശശിക്ക് കൊടുത്തതുകൊണ്ട് സമയം കൃത്യമായി അറിയാൻ കഴിഞ്ഞില്ല. എയർപോർട്ട് മുഴുവൻ നടന്ന് ഒരു ക്ലോക്ക് കണ്ടു 53     ndi minal.comഞങ്ങൾ എത്ര നേരമായി നിങ്ങളെ കാത്തുനില്ക്കുന്നു. വേഗം വരൂ. ഈ ഭീതിയിൽനിന്നും ഞങ്ങളെ രക്ഷിച്ചുകൊണ്ടുപോകൂ. അർബാബ്! അർബാബ്!!     ബെന്യാമിൻ പിടിച്ച് സമയം നോക്കാൻ മനസ്സ് അനുവദിച്ചതുമില്ല. അതുകൊണ്ടെന്തു ഫലം? അതിനിടെ അർബാബ് വന്നുപോയാലോ...? വിമാനത്താവളത്തിനു പുറത്ത് നഗരം രാത്രിയിലേക്ക് പ്രകാശിച്ചുകഴിഞ്ഞിരുന്നു. ഞങ്ങളുടെ വേവലാതി കത്തിത്തുടങ്ങി. അപ്പോൾ ഒരു പഴഞ്ചൻ വാഹനം കാറുമല്ല, ജീപ്പുമല്ല, ലോറിയുമല്ല - അതിന്റെ പേര് പിക്കപ്പ് എന്നാണെന്ന് പിന്നെ എത്രയോ കാലത്തിനു ശേഷമാണ് ഞാൻ മനസ്സിലാക്കുന്നത് - ഇരമ്പി വന്ന് എയർപോർട്ടിൻ്റെ പ്രധാന കവാടത്തിനരികെ നിന്നു. അവിടം ഒരു നോ പാർക്കിംഗ് ഏരിയ ആയിരുന്നെങ്കിലും വണ്ടി അവിടെത്തന്നെ നിറുത്തി ഒരറബി അതിൽനിന്നും ചാടിയിറങ്ങി. എന്തോ അയാളെ കണ്ടപ്പോൾത്തന്നെ ഇതാ ഞാൻ കാത്തുനിന്ന എന്റെ അർബാബ് എന്ന് എന്റെ മനസ്സ് മന്ത്രിച്ചു. അയാൾ കുറേ നേരം എയർപോർട്ടിനുള്ളിലൂടെ അങ്ങോട്ടും ഇങ്ങോട്ടും ക്ഷമ യില്ലാത്തവനെപ്പോലെ നടന്നു. ഞങ്ങളുടെ കണ്ണുകൾ അയാളെ തെല്ലും വിടാതെ പിന്തുടരുന്നുണ്ടായിരുന്നെങ്കിലും അയാൾ ഞങ്ങളെ കാണുന്നു ണ്ടായിരുന്നില്ല. നടത്തത്തിനിടെയെല്ലാം അയാൾ വല്ലാതെ അക്ഷമനാവുന്നു ണ്ടായിരുന്നു. മുന്നോട്ടു ചെന്ന് താങ്കളാണോ എൻ്റെ അർബാബ് എന്നു ചോദിക്കാൻ എനിക്കു ധൈര്യമില്ലായിരുന്നു. ഹക്കീമിന് ഒട്ടുമേ തോന്നിയി രിക്കില്ല. അല്ലെങ്കിൽത്തന്നെ ഏതു ഭാഷയിൽ...? മൂന്നാലു പ്രാവശ്യത്തെ എയർപോർട്ട് ഭ്രമണത്തിനുശേഷം ഭാഗ്യം, അയാൾ ഞങ്ങളെ കണ്ടെത്തി. ഞങ്ങൾ പതിയെ അയാളുടെ മുന്നിലേക്കു നീങ്ങിനിന്നു. ""അബ്ദുള്ള...?' അയാൾ എന്റെ നേരെ കൈചൂണ്ടി. അത്രയും മൊരട്ട ത്തരം പിടിച്ച ഒരു ശബ്ദം ഞാൻ അതിനുമുൻപ് എവിടെയും കേട്ടിട്ടേയില്ല. അല്ല എന്നു ഞാൻ തലകുലുക്കി. ""അബ്ദുള്ള..?' അയാൾ ഹക്കീമിനു നേരെ കൈചൂണ്ടി. അല്ല എന്ന് അവനും തലകുലുക്കി. പിന്നെ അയാൾ എന്തൊ ക്കെയോ അറബിയിൽ ചോദിച്ചു. അതിലൊരു ദേഷ്യത്തിൻ്റെ സ്വരമുണ്ടായി രുന്നു. ഭാഗ്യത്തിന് എനിക്കൊന്നും മനസ്സിലായില്ല. ഹക്കീമിന് അത്രയും കൂടി മനസ്സിലായിക്കാണില്ല. ഞങ്ങളെ അവിടെ നിറുത്തിയിട്ട് അയാൾ പിന്നെയും എയർപോർട്ടിനു ള്ളിലൂടെ കുറേ കറങ്ങി നടന്നു. അതിനിടെ അവിടവിടെ ഒറ്റപ്പെട്ടു നിന്ന പലരുടെയും പാസ്പോർട്ടുകൾ പിടിച്ചു വാങ്ങി നോക്കുന്നുണ്ടായിരുന്നു. ഒടു വിൽ കറങ്ങിത്തിരിഞ്ഞ് ഞങ്ങളുടെ അടുത്തുതന്നെ എത്തി. പിന്നെ എന്റെ കയ്യിലിരുന്ന പാസ്പോർട്ട് തട്ടിപ്പറിക്കുന്നപോലെ പിടിച്ചുവാങ്ങി തുറന്നു നോക്കി. അതുപോലെതന്നെ ഹക്കീമിന്റെയും പാസ്പോർട്ട് പിടിച്ചു വാങ്ങി. പിന്നെ ഒന്നും മിണ്ടാതെ മുന്നോട്ട് നടന്നു. ഞങ്ങൾ ഞങ്ങളുടെ ബാഗും തൂക്കി അയാളെ അനുഗമിച്ചു. അറബി എന്നാൽ അത്തറിൻ്റെയും പ്രേയുടെയും മണം എന്നായിരുന്നു എന്റെ വിചാരം. എന്നെ കടന്നുപോയ നൂറുകണക്കിന് അറബികൾക്കെല്ലാം കൊതിപ്പിക്കുന്ന ഒരു മണം ഉണ്ടായിരുന്നുതാനും. നിത്യവും അത്തർ 55     ആടുജീവിതം ഉപയോഗിക്കുന്ന അറബികളുടെ മൂത്രം വാറ്റിയാണ് പുതിയ തരം കൾ ഉണ്ടാക്കുന്നത് എന്നൊരു തമാശ ഞാൻ കുറച്ചു മുൻപ് ഹക്കീമിനെ പറഞ്ഞു വിശ്വസിപ്പിച്ചതേയുള്ളൂ. പക്ഷേ എന്റെ അർബാബിന് ഒരു വല്ലാത്ത മുശടു വാടയായിരുന്നു. എന്താണെന്നറിയാത്ത ഒരു വാട. അതുപോലെ മറ്റെല്ലാ അറബികളും തേച്ചുമിനുക്കിയ ശുഭവസ്ത്രധാരികളായിരുന്നെങ്കിൽ എൻ് അർബാബിന്റെ വസ്ത്രങ്ങൾ പറയാനാവാത്തവിധം മുഷിഞ്ഞതും നാറു ന്നതും ആയിരുന്നു. എന്തെങ്കിലും ആകട്ടെ. എനിക്കും ഒരു അർബാബ് വന്നല്ലോ. സമാധാന മായി. ഞാനൊരു ഗൾഫുകാരൻ ആയിരിക്കുന്നു. എനിക്കും സ്വന്തമായി ഒരു അർബാബിനെ കിട്ടിയിരിക്കുന്നു. എൻ്റെ സ്വപ്ന്‌നങ്ങളുടെ സംരക്ഷ കനാണ് എന്റെ മുന്നിൽ നടക്കുന്നത്. എന്റെ മോഹങ്ങളത്രയും നിവർത്തിച്ചു തരേണ്ട എൻ്റെ കൺകണ്ട ദൈവം! എന്റെ അർബാബ്! അർബാബ്! ആ ഒരു പദത്തെ അപ്പോൾ ഞാനിഷ്ടപ്പെട്ടതുപോലെ ലോകത്തിലെ മറ്റൊരു വാക്കിനെയും ആരും അത്രയധികം ഇഷ്ടപ്പെട്ടുകാണില്ല..! IndianTermin 56     രുന്നു ഞാൻ എന്റെ കണ്ടിട്ടുള്ളതിൽ അർബാബിന്റേത്. വച്ച് ഡോറും ഏറ്റവും ബോണറ്റും പഴക്കം ചെന്ന ടോപ്പും ഒരു ഒക്കെ വണ്ടിയായി പെയിന്റി omളകി തുരുമ്പുപിടിച്ചിരിക്കുന്നു. ഡോറുകളുടെ ലോക്ക് നഷ്ടപ്പെട്ട് കയറു കൊണ്ട്കെട്ടിവച്ചിരിക്കുകയാണ്. സീറ്റിന്റെ കുഷ്യനിളകി സ്പ്രീംഗുകൾ വെളിയിൽ കാണാമായിരുന്നു. വണ്ടിക്ക് അടുത്തെത്തിയതും അർബാബ് എൻ്റെബാഗ് തട്ടിപ്പറിച്ച് വണ്ടി യുടെ പുറകിലെ തുറന്ന ഭാഗത്തേക്ക് ഒരേറുവച്ചുകൊടുത്തു. അർബാബ് എന്റെ ഉമ്മ തന്നയച്ച മീൻ അച്ചാർ. എൻ്റെ സൈനുവിൻ്റെ നാരങ്ങാ അച്ചാർ... എന്റെ ചങ്കുപൊള്ളിപ്പോയി. ഹക്കീമിൻ്റെ ബാഗ് തട്ടിപ്പറിക്കുന്നതിനു മുൻപ് അവൻ അത് ഓടിക്കൊണ്ടു പോയി പുറകിൽ വച്ചു. അവന്റെ കയ്യിൽ അച്ചാറും വെളിച്ചണ്ണയും അടക്കം കുപ്പി ഐറ്റംസ് കുറേയേറെ ഉണ്ടായിരുന്നു. അർബാബ് ഡവർ വശത്തെ വാതിൽ തുറന്ന് സീറ്റിലേക്കു ചാടിക്കയറി ഇരുന്നു. സത്യത്തിൽ ഡ്രൈവറെക്കൂടാതെ മറ്റൊരാൾക്കൂടി ഇരിക്കാനുള്ള സ്ഥലമേ ക്യാബിന്റെയുള്ളിലുള്ളൂ. ഞാനും ഹക്കീമും കൂടി...?! ങാ എങ്ങ നെയെങ്കിലും ഞെക്കിഞെരുക്കിയിരിക്കാം. ഞാൻ മറുഡോർ തുറക്കാൻ ആഞ്ഞതും അർബാബ് എന്തോ ഒന്ന് അലറി. ഞാൻ ഞെട്ടി പുറകോട്ടു മാറി. അർബാബ് പുറകിലേക്കു കൈചൂണ്ടി. ഒന്നും മനസ്സിലാവാതെ ഞങ്ങൾ ഡോറിൽ പിടിച്ചുതന്നെ നിന്നു. അർബാബ് പിന്നെയും കൈചൂണ്ടി ""യാ... അള്ളാ...' എന്ന് അലറി. പിന്നെ കോപത്തോടെ വാതിൽ തുറന്നി റങ്ങിവന്ന് എൻ്റെ കൈപിടിച്ച് പിന്നിലേക്ക് കൊണ്ടുപോയി പുറകുവശത്തെ തുറന്ന ക്യാബിനിലേക്കു തള്ളി. അത് കണ്ട് ഹക്കീം അവിടേക്കു ചാടി ക്കയറി. അർബാബ് തിടുക്കത്തിൽച്ചെന്ന് വണ്ടി സ്റ്റാർട്ടാക്കി ഓടിച്ചുപോയി. വണ്ടിയുടെ പിൻഭാഗത്ത് രണ്ടുമൂന്നു വലിയ അലുമിനിയം പാത്രങ്ങളും കുറച്ചു പുല്ലും കുറെ ചാക്കുകെട്ടുകളും ഉണ്ടായിരുന്നു. സൈഡിലെ അഴി യിൽ പിടിച്ച് വല്ലവിധേനയും ഞങ്ങൾ അവിടെ ഇരുന്നു. ഏതോ പുരാതന ലോകത്തുനിന്നും ഇറക്കിക്കൊണ്ടുവന്നതുപോലെ പഴഞ്ചനായിരുന്നെങ്കിലും വണ്ടിക്ക് നല്ല സ്പീഡുണ്ടെന്നു തോന്നി. അതിന്റെ ഇരമ്പലും ചിലയ്ക്കലും മാത്രമായിരുന്നു അതികഠിനം. എന്നാൽ എയർപോർട്ട് വഴിവിട്ട് പ്രധാന   57 Ind     yor comപിന്നെ അന്ധകാരം മാത്രം. പൊടിപടലം പറത്തിക്കൊണ്ട് ആ വാഹനം മണൽക്കൂനകൾക്കിടയിലൂടെ ഓടിക്കൊണ്ടേയിരുന്നു.   ബെന്യാമിൻ നിരത്തിലേക്ക് ഇറങ്ങിക്കഴിഞ്ഞപ്പോഴാണ് അതിന്റെ ശരിക്കുമുള്ള വേഗം എനിക്കു ബോധ്യപ്പെട്ടത്. നൂറുകണക്കിന് വാഹനങ്ങൾ അതിനെ നിർദ്ദാ ക്ഷിണ്യം പിന്തള്ളിക്കൊണ്ടിരുന്നു. അത് ആകെ പിന്തള്ളുന്നത് സ്വന്തം പുക ക്കുഴൽ ഊതിവിടുന്ന കരിമ്പുക മാത്രം. ഗൾഫിന്റെ വീഥികളിലൂടെയുള്ള എൻ്റെ ആദ്യയാത. അതിങ്ങനെ തുറന്ന വണ്ടിയിൽ ആയത് എന്നെ കുറച്ചു വേദനിപ്പിച്ചെങ്കിലും കൂടുതൽ സന്തോഷി പ്പിക്കുകയാണ് ചെയ്തത്. വഴിയുടെ ഇരുഭാഗത്തുമുള്ള നീളൻ കെട്ടിട ങ്ങളുടെയും പ്രഭാപൂരത്തിന്റെയും കാഴ്ചയത്രയും, അതിന്റെ മനോഹാരിത തെല്ലും ചോരാതെ, കാണാൻ അതുകൊണ്ടുമാത്രം എനിക്കു കഴിഞ്ഞു. അർബാബിനൊപ്പം മുൻസീറ്റിലാണ് ഞാനിരുന്നതെങ്കിൽ എനിക്കു ഗൾഫിനെ അതിന്റെ്റെ പൂർണ്ണതയിൽ ഇങ്ങനെ കാണാൻ കഴിയുമായിരുന്നോ? വഴിയിൽ രാത്രി പിറന്നിരുന്നതുകൊണ്ട് മറ്റു വാഹനങ്ങളിൽ സഞ്ചരിക്കുന്ന ആർക്കും ഞങ്ങളെ കാണാനും കഴിയുമായിരുന്നില്ല. എത്ര നേരം ആ പിന്നിലിരിപ്പ് യാത്ര നീണ്ടെന്ന് എനിക്കുതന്നെ നിശ്ചയ മില്ല. ഹക്കീമിന് ഒട്ടുമേ നിശ്ചയമുണ്ടായിരുന്നിരിക്കില്ല. നഗരത്തിന്റെ പ്രഭാ പൂരം പതിയെ അസ്തമിക്കുകയായിരുന്നു. നീളൻ പാതകൾ നഗരം വിട്ടൊ ഴിയുന്നതു ഞാനറിഞ്ഞു. ഞങ്ങളെ കടന്നുപോകുന്ന വാഹനങ്ങളുടെ എണ്ണവും കുറഞ്ഞു. വെളിച്ചമെന്നത് തെരുവിൽ ഇടവിട്ടു തെളിയുന്ന നിയോൺ വെളിച്ചം മാത്രമായി. കുറേനേരം കൂടി കഴിഞ്ഞപ്പോൾ യാത നീളൻ പാതകൾ ഉപേക്ഷിച്ച് ഇടവഴിയിലേക്കു തിരിയുന്നതു ഞാനറിഞ്ഞു. പ്രകാശമെന്നത് അപ്പോൾ വളരെ അകലെയകലെ വരുന്ന വിളക്കുകാലു കൾ മാത്രമായി. ഇടക്കെപ്പോഴോ നോക്കിയപ്പോൾ ഹക്കീം ആ ചാരി യിരിപ്പിൽ ഉറങ്ങിക്കഴിഞ്ഞിരുന്നു. നല്ല യാത്രാക്ഷീണം കാണും ഉറങ്ങി ക്കോട്ടെ എന്ന് ഞാനും വിചാരിച്ചു. യാത്ര ഇടവഴികൾ വിട്ട് മൺപാതയി ലേക്കു പ്രവേശിക്കുന്നതു ഞാനറിഞ്ഞു. അപ്പോൾ പ്രകാശം പൂർണ്ണമായി ഇല്ലാതായിക്കഴിഞ്ഞിരുന്നു. പിന്നെ അന്ധകാരം മാത്രം. പൊടിപടലം പറത്തിക്കൊണ്ട് ആ വാഹനം മണൽക്കൂനകൾക്കിടയിലൂടെ ഓടിക്കൊണ്ടേ യിരുന്നു. വിമാനത്തിൽ നിന്നും എത്രയോ മണിക്കൂറുകൾക്കു മുൻപ് കിട്ടിയ ഇത്തിരി പച്ചവെള്ളം മാത്രമായിരുന്നു എൻ്റെ അന്നത്തെ അതുവരെയുള്ള ആഹാരം. വല്ലതും കഴിച്ചിട്ടിറങ്ങാൻ ശശി നിർബന്ധിച്ചിട്ടും കാലത്തെ വെപ്രാളത്തിനു കഴിക്കാൻ തോന്നിയിരുന്നില്ല. വിമാനത്തിൽനിന്നു കിട്ടിയ എന്തൊക്കെയോ ആഹാരങ്ങൾ കഴിക്കേണ്ടവിധം നിശ്ചയമില്ലാതിരുന്ന തിനാൽ കഴിക്കാനും പറ്റിയില്ല. എനിക്കു സത്യത്തിൽ നന്നായി വിശക്കു ന്നുണ്ടായിരുന്നു. ഒരു പ്രാവശ്യം മണൽ വാരി കരയ്ക്ക് അടുപ്പിക്കുമ്പോഴു ണ്ടാകുന്ന മാതിരിയുള്ള കത്തുന്ന വിശപ്പ്. എയർപോർട്ടിൽ വച്ച് ഞാൻ വിശപ്പിന്റെ കാര്യം പറഞ്ഞപ്പോൾ ഞാനിപ്പോൾ വിശന്ന് ചത്തേക്കുമെന്നാണ്   59   ആടുജീവിതം ഹക്കീം പറഞ്ഞത്. അർബാബ് ഈ വണ്ടി എവിടെയെങ്കിലും ഒന്നു നിറുത്തി ഞങ്ങൾക്കിത്തിരി ആഹാരം വാങ്ങിച്ചുതരൂ.. ഞങ്ങൾക്കിത്തിരി വെള്ളം മേടിച്ചുതരൂ.. എന്ന് അലറിവിളിക്കണമെന്നുണ്ടായിരുന്നു. പക്ഷേ ശബ്ദം തൊണ്ടയിൽ കുരുങ്ങിക്കിടന്നതല്ലാതെ ഒട്ടും പുറത്തേക്കു വന്നതേയില്ല. പേടി യായിരുന്നു. ആ നിലവിളി അർബാബിന് ഇഷ്ടമായില്ലെങ്കിലോ എന്ന പേടി. അതുതന്നെയുമല്ല. കനത്ത ഇരുട്ടല്ലാതെ ആഹാരം കഴിക്കാൻ പാകത്തിൽ കടകളെന്തെങ്കിലും ഉള്ളതിന്റെ സൂചന വഴി കാണിച്ചതുമില്ല. വണ്ടി മൺപാത യിലൂടെ ഓട്ടം തുടങ്ങിയിട്ടുതന്നെ മണിക്കൂർ ഒന്നെങ്കിലും പിന്നിട്ടിരിക്കണം. കുലുങ്ങിക്കുലുങ്ങി എനിക്കു നടുവേദനിക്കാൻ തുടങ്ങിയി രുന്നു. ശ്വസിക്കാൻ ബുദ്ധിമുട്ടും വിധത്തിൽ പൊടിപടലങ്ങൾ ഉയർന്നു പൊങ്ങുന്നുണ്ട്. എന്തൊരു യാത്രയാണിത്, എന്റെ പടച്ചോനേ... ഞാൻ അറി യാതെ പറഞ്ഞുപോയി. അന്നേരം മുതൽ എന്തെന്നറിയാത്ത ഭീതി ഒരു മണിയനീച്ചയെപ്പോലെ എന്റെ മനസ്സിനെ വലം വച്ചുതുടങ്ങി. അകാരണമായ ഒരു സംശയം മന സ്സിനെ ഇറുക്കാൻ തുടങ്ങി. ഞാൻ മോഹിച്ചതരം, ഞാൻ സ്വപ്നം കണ്ടി തരം ഒരു ഗൾഫിലേക്കല്ല എൻ്റെ ഈ യാത്ര നീളുന്നത് എന്നൊരു തോന്നൽ. വെറുതേ ഒരു തോന്നൽ. ഞാൻ ആരിൽനിന്നൊക്കെയോ കേട്ടറിഞ്ഞ ഗൾഫ് ഇങ്ങനെയൊന്നുമല്ല. എന്തോ എവിടെയോ ഒരു കുഴപ്പം മണക്കുന്നതു പോലെ. ഒന്നും വ്യക്തമല്ല. ഈ സംശയം ഹക്കീമിനോട് പങ്കുവച്ചിരുന്ന ങ്കിൽ അല്പം ആശ്വാസം കിട്ടുമായിരുന്നു. എന്നാൽ അവൻ നല്ല ഉറക്കെ മാണ്. ഉറങ്ങട്ടെ. ഒരുപക്ഷേ എന്റെ ആധി കേട്ടിരുന്നെങ്കിൽ അവൻ അപ്പോഴേ കരച്ചിൽ തുടങ്ങുമായിരുന്നിരിക്കണം. സമയം എത്രയായെന്ന് അറിയാൻ യാതൊരു മാർഗ്ഗവും ഉണ്ടായിരുന്നില്ല. ശശിക്ക് വാച്ചൂരിക്കൊടുക്കാൻ തോന്നിയ നിമിഷത്തെ വീണ്ടും ശപിച്ചു. അല്ലെ ങ്കിൽ എത്തുമ്പോൾ എട്ടെ. സമയം അറിഞ്ഞിട്ട് എന്തുചെയ്യാൻ..?! എൻ്റെ സ്വന്തം അർബാബിന്റെ വാഹനത്തിലാണ് ഞാൻ യാത്ര ചെയ്യുന്നത്. അദ്ദേ ഹത്തിന്റെ കയ്യിൽ എന്റെറെ ജീവിതം സുരക്ഷിതവും ശോഭനവുമാണ്. പിന്നെ സമയത്തെയോർത്ത് ഞാനെന്തിന് വേവലാതിപ്പെടണം...?! ഞാൻ വണ്ടി യുടെ പുറകിൽ ഉണ്ടായിരുന്ന ഒരു പുൽക്കെട്ടിലേക്ക് തല മെല്ലെ ചായ്ച്ചു വച്ചു കിടന്നു. മേലെ ആകാശത്ത് നക്ഷത്രങ്ങൾ അവയുടെ വെളിച്ചം ഒളി പ്പിച്ച് ഉറക്കമായിക്കഴിഞ്ഞിരുന്നു. വെറുതെ ആ കറുത്ത ആകാശശൂന്യത യിലേക്ക് കണ്ണുമിഴിച്ച്ഞാൻ കിടന്നു. വണ്ടിയുടെ ഒടുങ്ങാത്ത കുലുക്കവും ഇരമ്പലും എനിക്ക് ആ യാത്രാക്ഷീണത്തിൽ താരാട്ടായി. ആ കിടപ്പിൽ ക്കിടന്ന് ഞാൻ എപ്പഴോ ഉറങ്ങിപ്പോയി. 60     എട്ട് ന്നത്. പിന്നെ കണ്ണു എപ്പഴോ തുറന്നപ്പോൾ അർബാബ് ചുറ്റും തട്ടിവിളിക്കുമ്പോഴാണ് കണ്ണിൽ കുത്തിക്കയറുന്ന ഞാൻ എഴുന്നേല്ക്കു ഇരുട്ട് om മാത്രം. എവിടെയാണ് എത്തിപ്പെട്ടിരിക്കുന്നതെന്ന് ഒരെത്തും പിടിയും കിട്ടുന്നില്ല. കണ്ണ് കാഴ്ചയിലേക്കു തെളിഞ്ഞുവരാൻ പിന്നെയും കുറേ നേരമെടുത്തു. ഹക്കീം അപ്പോഴും യാതൊരു ബോധവുമില്ലാതെ ഉറക്കത്തിലായിരുന്നു. അർബാബ് ദേഷ്യത്തോടെ പിന്നെയും അഴിയിൽ തട്ടി ശബ്ദമുണ്ടാക്കി. ഹക്കീം പിടഞ്ഞെണീറ്റു. പുറത്തേക്കിറങ്ങാൻ അർബാബ് കൈകാണിച്ചു. ഞാൻ എന്റെ ബാഗ് തപ്പിപ്പിടിച്ച് എഴുന്നേറ്റപ്പോൾ ഞാനല്ല ഹക്കീമാണെന്ന് അർബാബ് കൈചൂണ്ടി. ഉറക്കപ്പിച്ചയിൽ അവനൊന്നും മനസ്സിലാവുന്നുണ്ടാ യിരുന്നില്ല. അർബാബ് ദേഷ്യം പിടിച്ച കാട്ടുപൂച്ചയെപ്പോലെ എന്തോ ഒന്ന് മുരണ്ടു. ഞങ്ങൾ രണ്ടു പാവങ്ങളല്ലേ അർബാബ്. ഒന്നും ഏതും അറിയാത്ത രണ്ടുപേർ. ഞങ്ങളോടിങ്ങനെ അകാരണമായി ചൂടായാലെങ്ങനെ. അർബാ ബിനറിയാമോ, വല്ലാതെ വിശക്കുന്നുണ്ട്. അതിലേറെ ദാഹിക്കുന്നുമുണ്ട്. ഇങ്ങനെ പട്ടിണി കിടന്ന ഒരു ദിവസം ജീവിതത്തിൽ ഓർമ്മയില്ല. നല്ല സ്വീകരണംതന്നെ. അതിനിടയിലാണ് അങ്ങയുടെ അനാവശ്യമായ ദേഷ്യ പ്പെടൽ. അല്ല ഞങ്ങളെന്തിന് പാവം അർബാബിനെ പഴിക്കുന്നു. അയാൾക്കും കാണില്ലേ ക്ഷീണവും ദാഹവും വിശപ്പും ഒക്കെ. ഞങ്ങളെ സ്വീകരിക്കാ നായി എത്ര മണിക്കൂർ മുൻപ് പുറപ്പെട്ടതായിരിക്കണം. ഞങ്ങളാണെങ്കിൽ വിമാനത്തിലാണ് യാത്ര ചെ്‌തത് എന്നു വയ്ക്കാം. ഇത്രയും ദൂരം അങ്ങോട്ടും ഇങ്ങോട്ടുംകൂടി ഈ അറുപഴഞ്ചൻ വണ്ടി ഓടിച്ചതിന്റെ ക്ഷീണം വേറെയും കാണും. വിമാനത്തിലും വണ്ടിയിലുമായി ഞങ്ങൾ കുറെയൊക്കെ ഉറങ്ങുകയെങ്കിലും ചെ‌യ്തു. അർബാബോ അതുപോലുമില്ല. ഞങ്ങളെ ഒരിടത്ത് ആക്കിയിട്ട് വേണമായിരിക്കും അർബാബിന് ഒരുതുള്ളി വെള്ളം കുടിക്കാൻ. ഇത്തിരി ആഹാരം കഴിക്കാൻ. ഒന്നു നടുനിവർത്താൻ. ദേഷ്യ പ്പെട്ടോളൂ അർബാബ്. ആവശ്യത്തിന് ദേഷ്യപ്പെട്ടോളൂ. വണ്ടി നിറുത്തിയത് അറിയുകപോലും ചെയ്യാതെ ഉറങ്ങിപ്പോയതിന് ഞങ്ങൾതന്നെയാണ് കുറ്റക്കാർ.   61   ആടുജീവിതം ഹക്കീംബാഗുംതൂക്കി പുറത്തേക്കു ചാടി. തികച്ചും ഒരു വെളിമ്പ്രദേശ ത്താണ് ഞങ്ങൾ എത്തിപ്പെട്ടിരിക്കുന്നത് എന്നാണ് എനിക്കു തോന്നിയത്. കാഴ്ചവട്ടത്തെങ്ങും ഒരു കെട്ടിടമോ വൃക്ഷമോ കാണാനില്ല. അങ്ങു ദൂരെ ഇരുണ്ട ആകാശത്തിൽ വരച്ച ഒരു ഭൂപടംപോലെ ഒരു കുന്നിൻചെരിവോ പാറക്കെട്ടോ എന്തോ ഒന്നു കാണാം. എൻ്റെ പടച്ചോനേ, എവിടെയാണ് ഞാൻ എത്തിപ്പെട്ടിരിക്കുന്നത് എന്നൊരു നിലവിളി എന്റെ നെഞ്ചിൽ കലങ്ങി. അർബാബ് ഇരുട്ടത്ത് ചിരപരിചിതനെപ്പോലെ മുന്നിൽ നടന്നു. മടിച്ചു മടിച്ച്ഹക്കീം ബാഗും തൂക്കി അർബാബിനെ പിന്തുടർന്നു. കെടാ. ഞാനും ഹക്കീമും ഒരു കമ്പനിയിലേക്കല്ലേ വന്നത് ഞങ്ങൾ ഒന്നിച്ചല്ലേ കഴിയേ ണ്ടതും ജോലി ചെയ്യേണ്ടതും...? പിന്നെന്തിനാണ് അർബാബ് അവനെ ഈ ഇരുട്ടത്ത് ഇറക്കിയത്...? എന്നെ എന്തിനാണ് ഈ വണ്ടിയിൽത്തന്നെ ഇരുത്തി യിരിക്കുന്നത്...? ഈ രാത്രിയിൽ അവനെ എങ്ങോട്ടു കൊണ്ടുപോകുന്നു...? പടച്ചോനേ... അവന്മ്മ എന്നെ ഏല്പിച്ചാണ് വിട്ടിരിക്കുന്നത്..? അർബാബേ എന്റെ കശ്മലാ - നീ ആ പാവംപിടിച്ചവനെ എങ്ങോട്ടു കൊണ്ടുപോകുന്നു..? രണ്ടുംകല്പിച്ച് ഞാൻ വണ്ടിയിൽനിന്ന് ചാടിയിറങ്ങി. ബാഗെടുത്തു. പിന്നെ അർബാബിൻ്റെയും ഹക്കീമിന്റെയും പിന്നാലെ ഓടിച്ചെന്നു. അർബാബ് ഒന്നു തിരിഞ്ഞുനോക്കി. അയാളുടെ കണ്ണുകൾ ആ രാത്രിയിലും ദേഷ്യം കൊണ്ട്ചുവന്നിരിക്കുന്നതു ഞാൻ കണ്ടു. ഞാൻ മലയാളത്തിൽ എന്തൊ ക്കെയോ ചോദിച്ചു. ആംഗ്യംകൊണ്ടും ദേഷ്യംകൊണ്ടും അയാളെന്നെ വണ്ടി യിലേക്കു തിരിച്ചോടിക്കാൻ ശ്രമിച്ചു. ഞാൻ പോകുന്നില്ലെന്നു കണ്ടപ്പോൾ അയാൾ അരയിൽനിന്ന് ബെൽട്ടൂരി ആകാശത്തിൽ ഒരു ചുഴറ്റു ചുഴറ്റി. അതിന്റെ രക്തമിറ്റുന്ന ശീല്ക്കാരം പേടിപ്പെടുത്തുന്നതായിരുന്നു. മടിച്ചുമടിച്ച് ഞാൻ വണ്ടിയിലേക്കു മടങ്ങിപ്പോന്നു. ഏതു കൂരിരുട്ടിലും വെളിമ്പ്രദേശത്തിന് ഒരു വെളിച്ചമുണ്ട്. ആകാശ ത്തിലും ഭൂമിയുടെ അങ്ങേക്കോണിലും എവിടെയൊക്കെയോ തട്ടി ബാക്കി യാവുന്ന ഒരു വെളിച്ചക്കീറ്. ആ വെളിച്ചത്തിലേക്കു കണ്ണുതെളിഞ്ഞുവന്ന പ്പോൾ എനിക്ക് കാഴ്ച്‌ച കുറേക്കൂടി ദൂരത്തിലേക്കു കാണാമെന്നായി. കമ്പി വേലികൊണ്ടു മറച്ച ഒരു ചുറ്റുവളപ്പിൻ്റെ ഇരുമ്പുഗേറ്റിനു മുന്നിലാണ് അർബാബ് ചെന്നുനിന്നത്‌. നീളൻ കുപ്പായത്തിന്റെ പോക്കറ്റിൽനിന്നും ഒരു താക്കോൽ തപ്പിയെടുത്ത്താഴുതുറന്ന് ഹക്കീമിനെയുംകൊണ്ട് അകത്തേക്കു പോകുന്നതു കണ്ടു. അകത്തെ കാഴ്ചകൾ എന്തെന്ന് അറിയാൻ എനിക്ക് അതിയായ ആകാംക്ഷ (പേടി നിറഞ്ഞത്) ഉണ്ടായിരുന്നെങ്കിലും അതിനും മാത്രം വെളിച്ചം ആകാശത്തിനില്ലായിരുന്നു. ആ അന്തരീക്ഷത്തിൽ എനിക്ക് ആകെ വേർതിരിച്ചറിയാനാവുന്നത് ഇന്നേ വരെ ഞാൻ മണത്തിട്ടില്ലാത്ത എന്തോ ഒരു മുശടുവാടയാണ്. ഒരുപക്ഷേ, അർബാബിന്റെ മണം. മരുഭൂമിയിലൂടെയാണ് ഇത്രയും നേരം വണ്ടിയോടി വന്നതെന്ന് എന്റെ സാമാന്യബുദ്ധിക്ക് ആലോചിക്കാൻ കഴിയും. എങ്കിൽ ഇതു മരുഭൂമിയുടെ മണമാണോ...? മരുഭൂമിക്ക് അങ്ങനെ ഒരു മണമുണ്ടോ...? 62     ബെന്യാമിൻ ആഴക്കടലിന് ഒരു മണമുണ്ടെന്നു പറഞ്ഞുകേൾക്കുന്നതുപോലെ...?! അന്ത രീക്ഷം മുഴുവൻ ആ മണം നിറഞ്ഞു നില്ക്കുന്നുണ്ട്. വണ്ടി നിറുത്തിയതു മുതൽ ഞാനതു ശ്രദ്ധിക്കുന്നുണ്ട്. ആദ്യം വണ്ടി ഉയർത്തിയ പൊടിപടല ത്തിന്റേതാണെന്നാണ് കരുതിയത്. ഇപ്പോൾ അതു കുറേക്കൂടി വ്യക്തമാണ്. അർബാബ് ഹക്കീമിനെയും കൊണ്ട് കയറിപ്പോയ കമ്പിവേലിയുടെ ഭാഗത്തുനിന്നുമാണ് അതു വരു ന്നത്. എല്ലുപൊടിയുടെയും ചാണകത്തിന്റെയും മിശിതഗന്ധം പോലെ. ഇനി വല്ല എല്ലുപൊടി ഫാക്ടറിയിലുമാണോ ഞങ്ങൾ എത്തിപ്പെട്ടിരിക്കുന്നത്..? എങ്കിൽ അതിന്റെ കെട്ടിടങ്ങളെവിടെ...? മിഷ്യനുകളെവിടെ...? എല്ലിൻ കൂനക ളെവിടെ...? അതിൻ്റെ പുകക്കുഴലുകളെവിടെ..? ആ ആർക്കറിയാം. അർബാബിന്റെ മടങ്ങിവരവും പ്രതീക്ഷിച്ച് ഞാൻ വണ്ടിയുടെ പുറകിൽ കാത്തിരുന്നു. എന്നെ ശരിക്കും പേടി ബാധിച്ചു കഴിഞ്ഞിരുന്നു. എന്തോ അപകടത്തിലേക്കാണ് ഞാൻ വന്നുകയറിയിരിക്കുന്നതെന്ന് ഒരു തോന്നൽ. ഹക്കീം അർബാബിൻ്റെ തടവറയിൽ ആയതുപോലെ. അടുത്തത് എൻ്റെ ഊഴമാണ്. എന്നെ മറ്റേതെങ്കിലും തടവറയിൽ പൂട്ടാനായിരിക്കും അയാളുടെ പദ്ധതി. അതിനു മുൻപ് ഓടി രക്ഷപ്പെടുക. ഈ അപകടത്തിൽനിന്നും രക്ഷ പ്പെടുക. പക്ഷേ എങ്ങോട്ട്..? ചുറ്റോടുചുറ്റും നീണ്ട വിശാലതയല്ലാതെ മറ്റൊന്നും ദൃശ്യമല്ല. ഓടിയാൽ വഴിയറിയാതെ ദിക്കറിയാതെ ഈ മരുഭൂമി യിൽ അലഞ്ഞ് ചാവുകയേയുള്ളൂ. ഇപ്പോൾത്തന്നെ ദാഹവും വിശപ്പും എനിക്കു സഹിക്കാനാവുന്നില്ല. എങ്കിൽപ്പിന്നെ എത്രദൂരം എനിക്കു താണ്ടി മറയാനാവും..? ഓടിപ്പോകാനുള്ള അതിയായ കൊതിയോടെ എന്നാൽ, തെല്ലും ചലിക്കാതെ ഞാൻ ആ വണ്ടിയുടെ പിന്നിൽ ഇരുന്നു. അല്പനേരം കഴിഞ്ഞപ്പോൾ അർബാബ് തനിയെ ഇറങ്ങിവന്നു. ഗേറ്റ് പുറത്തുനിന്നും പൂട്ടി. ഞാൻ വണ്ടിയുടെ പിന്നിൽനിന്നും ചാടിയിറങ്ങി അർബാബിന്റെ അരുകിലേക്ക് ഓടിച്ചെന്ന് ഹക്കീം എവിടെ എന്നു തിരക്കി. അർബാബ് മുഖം ചുളിച്ച് എന്നെ ഒന്നുനോക്കിയശേഷം വണ്ടിയിലേക്കു നടന്നു. നടത്തത്തിനിടെ അർബാബ് എന്നോട് എന്തൊക്കെയോ പറഞ്ഞു. എല്ലാം അറബിയിലായിരുന്നതുകൊണ്ട് തീർച്ചയായും എനിക്കൊരു ചുക്കും മനസ്സിലായില്ല. അർബാബ് ചെന്ന് വണ്ടിയിൽ കയറി. ഞാനും ഓടിച്ചെന്ന് പിന്നിൽ കയറി. വണ്ടി കഷ്ടിച്ച് ഒരു കിലോമീറ്റർ സഞ്ചരിച്ചുകാണും. അവിടെ നിന്നു. അർബാബ് ഇറങ്ങി. ഞാനും. അതുമൊരു വെളിമ്പ്രദേശമായിരുന്നു. അർബാബ് നടന്ന ദിശയിലേക്കു ബാഗും തൂക്കി ഞാനും നടന്നു. കുറച്ചകലെ മാറി ഒരു കൂടാരം എൻന്റെ കണ്ണിൽ പെട്ടു. അർബാബിന്റെ ലക്ഷ്യം അതാ ണെന്ന് എനിക്കു മനസ്സിലായി. വെളിമ്പ്രദേശത്തിൻ്റെ സ്വതഃസിദ്ധമായി വെളിച്ചമല്ലാതെ കൂടാരത്തിലും പ്രത്യേക വെളിച്ചം ഒന്നും കണ്ടില്ല. ഞങ്ങൾ നടന്ന് കൂടാരത്തിനടുത്തെത്തിയപ്പോൾ അതിൽനിന്ന് മറ്റൊരു അർബാബ്   63 Indi   എന്റെ കൺമുമ്പിൽ കമ്പിവേലിയോട് ചേർന്ന് ഒരു കട്ടിൽ. അതിൽ ഒരു മനുഷ്യൻ കൂനിപ്പിടിച്ചിരിക്കുന്നു. ആ രൂപം കണ്ട് ഞാൻ സ്തംഭിച്ചു നിന്നുപോയി.     അറബിവേഷത്തിൽ ഇറങ്ങിവന്നു. ശരിക്കും പുരാതന അറബിക്കഥയിൽ നിന്നും ഇറങ്ങി വന്നതുപോലെ ഒരു കുറുകിയ അർബാബ്. വേഷവും മണവു മൊക്കെ എൻ്റെ സ്വന്തം അർബാബിനേക്കാൾ മോശം. അവർ തമ്മിൽ എന്തൊക്കെയോ സംസാരിച്ചു. പിന്നെ എന്നെ പുതിയ അർബാബിനെ ഏല്പിച്ചശേഷം എൻ്റെ സ്വന്തം അർബാബ് വണ്ടിയിലേക്കു തിരിച്ചുപോയി. ഹക്കീമിനെയും ഇതുപോലെ മറ്റേതെങ്കിലും അർബാബിനെ ഏല്പിച്ചിട്ടാവും സ്വന്തം അർബാബ് വന്നിരിക്കുന്നത് എന്നോർത്തപ്പോൾ അല്പം ആശ്വാസം തോന്നി. എട്ടും പൊട്ടും തിരിയാത്ത ചെറുക്കനാണ്. അവനെ വല്ല ഇരുട്ടുമുറിയിലും പൂട്ടിയിട്ടുകളഞ്ഞോ എന്നായിരുന്നു എന്റെ പേടി. കൂടാരത്തിന് തെല്ലു ദൂരത്തായി കമ്പിവേലികളുടെ ഒരു നീണ്ട നിരതന്നെ കാണാമായിരുന്നു. ഹക്കീമിനെ കൊണ്ടിറക്കിയ കമ്പിവേലിക്കകത്തു നിന്നെന്നപോലെ അവിടെയും ഒരു മുശടുവാടയുടെ പ്രഭവകേന്ദ്രമായിരുന്നു. പിന്നെ എന്തൊക്കെയോ തിരിച്ചറിയാനാവാത്ത നിഴലനക്കങ്ങളുടെയും. അവിടേക്ക് കൈ ചൂണ്ടിക്കാണിച്ചിട്ട് എൻ്റെ പുതിയ അർബാബ് സ്വന്തം കൂടാ രത്തിനുള്ളിലേക്കു കയറിപ്പോയി. നാലുവശവും തുറന്ന ഒരു കൂടാരമായി രുന്നു അത്. ഒരു കട്ടിലല്ലാതെ മറ്റെന്തെങ്കിലും അതിനുള്ളിലുള്ളതായി കാണാൻ കഴിഞ്ഞില്ല. പുതിയ അർബാബ് ചെന്ന് ആ കട്ടിലിൽ കയറി ക്കിടന്നു. എനിക്കു വല്ലാത്ത സങ്കടം തോന്നി. എന്നാലും എന്റെ അർബാബുമാരേ.. കണ്ണിൽച്ചോരയില്ലാതെ എന്നെയിങ്ങനെ ഇവിടെ ഈ ഇരുട്ടത്ത് കൂടാര ത്തിനു മുന്നിൽക്കൊണ്ടു നിറുത്തിയിട്ട് ഒരു വാക്കുപോലും ഉരിയാടാതെ നിങ്ങൾ ഒരു പോക്ക് പോയിക്കളഞ്ഞല്ലോ. ഞാൻ ആദ്യമായിട്ടാണ് ഗൾഫിൽ വരുന്നതെന്ന് നിങ്ങൾക്കറിയാതെയാണോ...? നീ ആഹാരം കഴിച്ചതാണോ..? നിനക്ക് ദാഹിക്കുന്നുണ്ടോ...? നിനക്ക് വിശക്കുന്നുണ്ടോ..? എന്തെങ്കിലും ഒരു വാക്ക് നിങ്ങൾ എന്നോട് ചോദിക്കേണ്ടിയിരുന്നതല്ലേ..? എനിക്കെന്റെ താമസ സ്ഥലം കാണിച്ചു തരികയും എന്നെ എൻ്റെ സഹപ്രവർത്തകർക്കു പരിചയ പ്പെടുത്തിത്തരികയും ചെയ്യേണ്ടിയിരുന്നതല്ലേ..? ഇതാണോ ഞാൻ പണ്ടേ കേട്ടറിഞ്ഞിട്ടുള്ള അറബികളുടെ ആതിഥ്യമര്യാദ..? എൻ്റെ അർബാബേ നിങ്ങൾ എന്തൊരു അർബാബാണ്..? ചതിക്കല്ലേ... നിങ്ങളിലാണെണൻ്റെ ഭാവി. നിങ്ങളിലാണെൻ്റെ സ്വപ്നം. നിങ്ങളിലാണെൻ്റെ പ്രതീക്ഷ. എത്രനേരം ആ ഇരുട്ടത്ത് അങ്ങനെ നിന്നു എന്നെനിക്കറിയില്ല. ഇപ്പോൾ പോയ സ്വന്തം അർബാബ് ഒരുപക്ഷേ എനിക്കുള്ള ആഹാരവുമായി തിരിച്ചു വന്നേക്കുമെന്ന് ഞാൻ പ്രതീക്ഷിച്ചിരുന്നോ..? പ്രതീക്ഷിച്ചിരുന്നിരിക്കണം. പക്ഷേ അങ്ങനെ അവിടെ നിന്നിട്ട് ഒരു കാര്യവുമില്ലെന്നു ബോധ്യപ്പെട്ട നിമിഷത്തിൽ കൂടാരത്തിനുള്ളിലെ അർബാബ് കൈചൂണ്ടിയ ഭാഗത്തേക്കു ഞാൻ നടന്നു.   65   ആടുജീവിതം എന്റെ താമസസ്ഥലം അവിടെ എവിടെയെങ്കിലും ആയിരിക്കും. പക്ഷേ അവിടെ ഒരു കെട്ടിടം പോയിട്ട് ഒരു കൂടാരംപോലും ഉള്ളതിന്റെ യാതൊരു ലക്ഷണവും ഇല്ലായിരുന്നു. പെട്ടെന്ന് എന്റെ ഉള്ളൊന്ന് ആളി. എൻ്റെ സ്വന്തം അർബാബ് കിടക്കുന്നത് മരുഭൂമിക്കു നടുവിൽ ഇങ്ങനെ നാലുവശവും തുറന്ന ഒരു കൂടാരത്തിനുള്ളിലാണെങ്കിൽ എവിടെയാവും എന്റെ കിടപ്പ്..?!! കമ്പിവേലിക്കടുത്തേക്ക് വേവലാതിയോടെ ഞാൻ നടന്നു. കമ്പിവേലി ക്കുള്ളിൽ ചില നിഴലുകളുടെ അനക്കങ്ങളും ചിനയ്ക്കലുകളും ചാട്ടങ്ങളും എനിക്കു കാണാനായി. പെട്ടെന്ന് എൻ്റെ വരവ് തിരിച്ചറിഞ്ഞിട്ടെന്നോണം അകത്തുനിന്ന് ഒരു കരച്ചിൽ കേട്ടു. ഒരു നേർത്ത ചിണുങ്ങിക്കരച്ചിൽ... അതൊരു ആടിന്റെ കരച്ചിലായിരുന്നു! ഞാൻ കമ്പിവേലിക്കകത്തേക്കു സൂക്ഷിച്ചു നോക്കി. ആടുകൾ! നൂറുകണക്കിന് ആടുകൾ!! കടലുപോലെ ഇളകിമറിയുന്ന ആടുകളുടെ ഒരു നീണ്ട നിര. പെട്ടെന്ന് എന്റെ തൊഴിലിനെ പ്പറ്റി ഒരു ഏകദേശ ധാരണ ഒരു ആകാശഭീതിപോലെ എന്റെ മനസ്സിൽ വന്നു പതിച്ചു. ആ ഭീതിയുടെ കൊടുംനിഴലിൽ ഞാൻ കമ്പിവേലിയുടെ അരികുപറ്റി പിന്നെയും മുന്നോട്ടു നടന്നു. ഒരു മൂന്നാല് ചുവട് വച്ചതേയുള്ളൂ.. എന്റെ കൺമുമ്പിൽ കമ്പിവേലിയോടു ചേർന്ന് ഒരു കട്ടിൽ. അതിൽ ഒരു മനുഷ്യൻ കൂനിപ്പിടിച്ചിരിക്കുന്നു. ആ രൂപം കണ്ട് ഞാൻ സ്തംഭിച്ചു നിന്നുപോയി. IndianTer 66     ഒമ്പത് ശരീരത്തെ അടുത്തേക്കു ബാധിച്ച ചെന്നു. വർഷങ്ങളായി നേർത്ത വിറയലോടെ കൊടുംവനങ്ങളിൽ ഞാൻ ആ കഴിഞ്ഞ ഭീകരരൂപിയുടെ കാട്ടാളനെ omപ്പോലെ ജടപിടിച്ച മുടി. വയറോളംതാഴ്ന്ന വളർന്നിരിക്കുന്ന താടിരോമങ്ങൾ. മുഷിഞ്ഞതിൽ മുഷിഞ്ഞതായ ഒരു അറബിവസ്ത്രം. പിന്നെ അടുത്തു ചെല്ലാനാവാത്ത മുശടു ഗന്ധവും! ഞാൻ അടുത്തേക്കു ചെല്ലുന്നതു കണ്ടിട്ടും ആ രൂപത്തിന് ഒരു അനക്കവുമില്ല. പ്രതിമയാണോ മരിച്ചതാണോ മനുഷ്യൻ തന്നെയാണോ എന്നെന്നാരാന്തൽ ഒരു നിമിഷത്തേക്ക് എനിക്കുണ്ടായി. എന്നാൽ നിനച്ചിരിക്കാതെ ആ രൂപത്തിൽനിന്നും ഒരു ചിരി ഉയർന്നു. വളരെ അയഞ്ഞ ഒരു പൊട്ടിച്ചിരി. എന്തായിരുന്നു ആ ചിരിയുടെ അപ്പോഴത്തെ അർത്ഥവും സാംഗത്യവുമെന്ന് അന്നും ഇന്നും എനിക്കറിഞ്ഞുകൂടാ. ചിരിക്കുശേഷം ഹിന്ദിയിൽ എന്നോട് എന്തൊക്കെയോ പറഞ്ഞു. സ്‌കൂൾ പഠനം അഞ്ചാം ക്ലാസിൽ അവസാനിച്ചിരുന്നതിനാലും ഹിന്ദി പഠിക്കേണ്ട ഒരു സാഹചര്യം പിന്നീടൊരിക്കലും ജീവിതത്തിൽ സംജാതമാകാതിരുന്ന തിനാലും എനിക്കൊന്നും മനസ്സിലായില്ല. ഒരുപക്ഷേ, ഹിന്ദിയെക്കാൾ എനിക്കു കൂടുതൽ മനസ്സിലാകുമായിരുന്ന ഭാഷ അറബി ആയിരിക്കണം. പക്ഷേ ആ വർത്തമാനത്തിൽ സഹതാപമുണ്ടായിരുന്നു, പൂച്ഛമുണ്ടായി രുന്നു, സങ്കടമുണ്ടായിരുന്നു, ദേഷ്യമുണ്ടായിരുന്നു, പരിഹാസമുണ്ടായിരുന്നു. വിധിയെ ഓർത്തുള്ള വിലാപവും നിലവിളിയും ഉണ്ടായിരുന്നു എന്ന് എനിക്കു മനസ്സിലാവുന്നു. വികാരങ്ങൾക്കു ഭാഷ വേണ്ടല്ലോ. പിന്നെ ആ രൂപം വെട്ടിയിട്ടതുപോലെ കട്ടിലിലേക്കു വീണു മാണ്ടുകിടന്ന് ഉറങ്ങി. അല്പനേരത്തിനകം ആ രൂപത്തിൽനിന്നും കനത്ത കൂർക്കംവലി ഉയരുന്നതു ഞാൻ കേട്ടു. എത്തിപ്പെട്ടിരിക്കുന്ന സാഹചര്യത്തെപ്പറ്റിയും എടുക്കേണ്ട തൊഴിലിനെ പ്പറ്റിയും ഒരു ഏകദേശ ധാരണ എനിക്കിപ്പോൾത്തന്നെ കിട്ടി. ഭാവിയിലെ മറ്റൊരു ഭീകരരൂപിയായി മാറുന്ന എന്നെപ്പറ്റി ഞാൻ ഒരു നിമിഷം ഞെട്ടലോടെ ഓർത്തു. പക്ഷേ അതിനു മുൻപ് രക്ഷപ്പെടണം. എവിടേക്ക്..? എങ്ങോട്ടെങ്കിലും... എങ്ങനെ...? എങ്ങനെയും... ഇപ്പോൾ ഈ നിമിഷം തന്നെ. അർബാബ് കൂടാരത്തിനുള്ളിൽ ഉറക്കമായിക്കഴിഞ്ഞിരിക്കണം.   67   al.comകൊതിയോടെ ആർത്തിയോടെ ഞാനതിന്റെ പിടിതിരിച്ചു. ഹാ- അതിൽനിന്നും തണുത്ത വെള്ളം ഒഴുകാൻ തുടങ്ങി. ആർത്തിയോടെ ഞാനത് മൊത്തിക്കുടിച്ചു.     ബെന്യാമിൻ ഭീകരരൂപി ഇവിടെയും ഉറക്കമായിക്കഴിഞ്ഞു. മറ്റാരും എന്നെ കാണാനില്ല. ഓടിയാൽ.. എവിടെ വരെ ഞാൻ ഓടും..? ഏതുവഴി..? ഏതു ദിശയിൽ..? ഏതു ദേശത്തേക്ക്....? ഒന്നും എനിക്കറിഞ്ഞുകൂടാ... നഗരത്തിൽനിന്നും ഞാൻ വണ്ടിയിൽ യാത്ര ചെയ്‌ത ദൂരവും സമയവും ഞാൻ എത്തിപ്പെട്ടിരി ക്കുന്ന ഇടത്തെപ്പറ്റി ഒരേകദേശധാരണയുടെ ഭീതി എന്നിൽ ഉണർത്തിവിട്ടു. ആ ചിന്തതന്നെ എങ്ങോട്ടും പോകാനാവാതെ എന്നെ അവിടെ തളച്ചിടു കയും ചെയ്‌തു. രാത്രി പിടികിട്ടാത്തവിധം ഒത്തിരി വളർന്നു കഴിഞ്ഞിരുന്നു. രാത്രിയിലെ മരുക്കാറ്റിന് നാട്ടിലെ മകരമാസത്തിലെ തണുപ്പുണ്ടായിരുന്നു. എനിക്കാണെ ങ്കിൽ തളർന്നുപോകുന്ന യാത്രാക്ഷീണവും. ദാഹത്തിന്റെയും വിശപ്പിന്റെയും കാര്യം പറയാതിരിക്കുന്നതാവും നല്ലത്. നാട്ടിലാണെങ്കിൽ ഒൻപതാവുമ്പോൾ അത്താഴമുണ്ട് കണ്ണടയ്ക്കുന്നതാണ് പതിവ്. കിടക്കാനോ ഇരിക്കാനോ ഒരി ടമില്ലാതെ ഞാൻ ആ വെളിമ്പ്രദേശത്തു തരിച്ചുനിന്നു. പിന്നെ കാലുകഴച്ച പ്പോൾ ബാഗ് പതിയെ ഭീകരൂപിയുടെ കട്ടിലിനരികെ വച്ച് അതിനു മുകളിലി രുന്നു. ഉമ്മ തന്നയച്ച, സൈനു തന്നയച്ച അച്ചാർ എന്നൊക്കെയുള്ള വിചാര ങ്ങൾ എപ്പോഴേ പോയിക്കഴിഞ്ഞിരുന്നു. അവിടെയിരുന്നു ഞാൻ ചുറ്റുപാടും ഒരിക്കൽക്കൂടി വീക്ഷിച്ചു. കമ്പിവേലിക്കരുകിലായി വലിയ ഒരു ടാങ്ക് എൻ്റെ കണ്ണിൽപ്പെട്ടു. ഞാൻ എഴുന്നേറ്റ് അതിന്റെ അരികിലേക്കു ചെന്നു. അതി നടിയിൽ വെള്ളം പിടിക്കാൻ പാകത്തിൽ രണ്ടോ മൂന്നോ ടാപ്പ് ഉണ്ടായി രുന്നു. കൊതിയോടെ ആർത്തിയോടെ ഞാനതിന്റെ പിടി തിരിച്ചു. ഹാ- അതിൽനിന്നും തണുത്ത വെള്ളം ഒഴുകാൻ തുടങ്ങി. ആർത്തിയോടെ ഞാനതു മൊത്തിക്കുടിച്ചു. ദാഹം നിറയെ, വയറുനിറയെ ഞാൻ വെള്ളം കുടിച്ചു. പിന്നെ ഒരിക്കലും കിട്ടിയില്ലെങ്കിലോ എന്ന ഭീതിയോടെ അതിന്റെ പിറ്റേന്നത്തേക്കും അതിന്റെ പിറ്റേന്നത്തേക്കും വേണ്ടത്ര വെള്ളം കുടിച്ചു. ഹൊ - അപ്പോൾ തോന്നിയ ഒരാശ്വാസം. എന്റെ പടച്ചോനെ, ഞാനെങ്ങനെ പറഞ്ഞറിയിക്കും?! കുറച്ചുനേരത്തേക്ക് ഞാൻ ആ ടാങ്കിന്റെ മുന്നിൽ തളർന്നി രുന്നുപോയി. പിന്നെ എഴുന്നേറ്റു ഭീകരരൂപിയുടെ കട്ടിലിനരുകിൽ പോയി രുന്നു. ക്ഷീണം സഹിക്കാതെ വന്നപ്പോൾ നിലത്തു മണ്ണിൽ കിടന്നു. എന്റെ ബാഗ് തലയിണയാക്കി. ആ കിടപ്പിൽ പുറം വേദനിച്ചപ്പോൾ ഞാൻ വെറുതെ ഒന്നു ചിരിച്ചു. എന്തൊക്കെ സ്വപ്നങ്ങളായിരുന്നു എനിക്ക്. എസി വണ്ടി, എസി മുറി, പതുപതുത്ത മെത്തക്കട്ടിൽ. അതിനരുകിൽ ടിവി. ഇപ്പോഴത്തെ ഈ തുറന്ന കിടപ്പിൽ ഞാൻ ചിരിക്കുകയല്ലാതെ മറ്റെന്തു ചെയ്യും..? മറ്റൊരു ഗൾഫ് മലയാളിയുടെ ജീവിതത്തിലും, ജീവിതവും സ്വപ്‌നങ്ങളും തമ്മിൽ ഇത്ര വലിയ അന്തരമുണ്ടെന്ന് ഇത് വേഗം ബോധ്യപ്പെട്ടു കാണില്ല. അങ്ങനെ ഗൾഫിലെ എൻ്റെ ആദ്യരാതി വലിയ ഒരു പരിഹാസ്യതയിലാണ് അവസാനിച്ചത്. നൂറുകണക്കിന് ആടുകളുടെ ഒന്നിച്ചുള്ള കരച്ചിലും ബഹളവും ആണ് കാലത്തെന്നെ ഉണർത്തിയത്. കണ്ണുതുറന്നപ്പോൾ ഭൂമി പ്രകാശമാനമായി   69   ആടുജീവിതം ക്കഴിഞ്ഞിരുന്നു. വെയിൽ പരന്നിട്ടില്ല എന്നേയുള്ളൂ. ഞാൻ പതിയെ നിലം വിട്ട് എഴുന്നേറ്റു. മണ്ണിലെ കിടപ്പുകാരണം ദേഹം നന്നായി വേദനിക്കുന്നുണ്ടാ യിരുന്നു. മരുഭൂമിയിലെ തണുപ്പിനെ പൊതിയാൻ രാത്രിയിലെപ്പോഴോ ബാഗിൽനിന്നും ഞാനൊരു പുതപ്പെടുത്തു പുതച്ചിരിക്കുന്നു. എപ്പോഴെന്ന് എനിക്കുതന്നെ ഓർമ്മയില്ല. അതു മണ്ണിൽ ചുരുണ്ടുകൂടി കിടപ്പുണ്ട്. രാത്രി യിൽ കണ്ട ഭീകരരൂപിയെ കട്ടിലിൽ കാണുന്നുണ്ടായിരുന്നില്ല. ഭീകരരൂപി എന്നത് എന്റെ ഒരു വെറും രാത്രിസ്വപ്നം മാത്രമായിരുന്നു എന്ന് എനിക്കു തോന്നി. ഞാൻ കട്ടിലിൽ കയറിയിരുന്നു ചുറ്റും നോക്കി. ഒരുപക്ഷേ രാത്രി ഞാൻ പ്രതീക്ഷിച്ചതിനേക്കാളൊക്കെ ഏറെ ആടുകൾ അവിടെയുണ്ടായിരുന്നു. ചുറ്റു വേലി വളരെയേറെ ദൂരത്തേക്കു വിസ്ത്യതി പ്രാപിച്ചുകിടക്കുന്നു. അവ കഷ്ണം കഷ്‌ണമായി തിരിച്ചിരിക്കുന്നു. ഓരോ കഷ്ണത്തിലും നൂറു കണക്കിന് ആടുകൾ. അതിനപ്പുറം നീണ്ടുവിരിഞ്ഞു കിടക്കുന്ന മരുഭൂമി. അതിങ്ങനെ നീണ്ടുനീണ്ട് അങ്ങ് ചക്രവാളത്തിൽ ചെന്നു തൊടുന്നു. മര ത്തിൻ്റെ ഒരു നിഴൽപോലുമില്ല ആ കാഴ്‌ചയെ തടുക്കാൻ. ഒരു വശത്തു മാത്രം അല്പം വലിയൊരു കുന്നുണ്ട്. ബാക്കിയെല്ലാം രണ്ടാൾ മൂന്നാൾ പൊക്കമുള്ള മൺ കൂനകൾ മാത്രം. അതു ഭൂമിയുടെ പരപ്പിനെ നേർപ്രതലം അല്ലാതാക്കുന്നു. ഇത്തിരി കഴിഞ്ഞപ്പോൾ എൻ്റെ സംശയം അസ്ഥാനത്താക്കിക്കൊണ്ട് ഭീകരരൂപി ആടുകൾക്കിടയിൽനിന്നും വാതിൽ തുറന്നിറങ്ങിവന്നു. അപ്പോ ഴാണ് ആ രൂപത്തിൻ്റെ ഭീകരത കൂടുതൽ വ്യക്തമായും അടുത്തും ഞാൻ കാണുന്നത്. ദേഹത്തും കയ്യിലുമൊക്കെ അഴുക്കു പൊറ്റപിടിച്ചതുപോലെ പറ്റിപ്പിടിച്ചിരിക്കുന്നു. മുടിയിലെയും താടിയിലെയും അഴുക്കും ജടയും പറയേണ്ടതില്ല. കുളിച്ചിട്ട് ഒരു അഞ്ചുവർഷമെങ്കിലും ആയിക്കാണുമെന്നു തോന്നുന്നു. കയ്യിലെ നഖങ്ങൾ വികൃതമായി വളർന്നു വളഞ്ഞ് അഴുക്കു കയറി കറുത്തിരിക്കുന്നു. വസ്ത്രങ്ങൾ കഴുകിയിട്ട് ഒരു നൂറ്റാണ്ടെങ്കിലും ആയിക്കാണണം. ഒരു അലൂമിനിയം പാത്രം നിറയെ പാലുമായിട്ടാണ് ഭീകരരൂപി ഇറങ്ങി വന്നത്. അതിൽനിന്ന് കുറച്ചെടുത്തു തന്നിട്ട് എന്തോ ഒന്ന് ഹിന്ദിയിൽ പറഞ്ഞു. അടുപ്പത്തു വച്ച്ചൂടാക്കിയതുപോലെ ചൂടുണ്ടായിരുന്നു. ആടു കളുടെ മുലയ്ക്ക് ഇത്രയും ചൂടുണ്ടോ എന്നു ഞാൻ സംശയിച്ചുപോയി. എന്തായാലും ചൂടുപാലല്ലേ കുടിച്ചോളാനായിരിക്കും പറഞ്ഞതെന്നു കരുതി ഞാനതു വാങ്ങിയ പാടേ മൊത്തിക്കുടിച്ചു. തലേന്നത്തെ വിശപ്പും ദാഹവും ഒക്കെയുണ്ടായിരുന്നു. ഒട്ടും ബാക്കി വച്ചില്ല. ഭീകരരൂപി എന്റെ തലയ്ക്കിട്ട് ഒരു കിഴുക്ക്തന്നിട്ട് എന്തോ ഒന്നു പുലമ്പി. എന്തോ ചോദിക്കാൻ ശ്രമിച്ചു. എന്തോ ദേഷ്യപ്പെടാൻ നോക്കി. ഭാഷയുടെ ഒരു വലിയ മതിൽക്കെട്ടിൽ തട്ടി അതെല്ലാം വിഫലമായപ്പോൾ അരിശം പിടിച്ച നിസ്സഹായതയോടെ 70     ബെന്യാമിൻ ഒരു പാത്രം പാൽകൂടി കോരിത്തന്നിട്ട് അത് അർബാബിനു കൊണ്ടുകൊടു ക്കാൻ കൈയാംഗ്യം കാണിച്ചു. ഞാൻ ആ പാൽപ്പാതവുമായി അർബാബിന്റെ കൂടാരത്തിനകത്തേക്കു ചെന്നു. അർബാബ് കട്ടിലിൽ കിടക്കുകയായിരുന്നു. ഭീകരരൂപിയിൽ നിന്നും ഏറെയൊന്നും വ്യത്യസ്തനായിരുന്നില്ല അർബാബും. വേഷം മുഷി ഞ്ഞതും ദേഹം നാറുന്നതുമായിരുന്നു. കുളിക്കുന്നതിൻ്റെ ലക്ഷണങ്ങൾ ഒന്നും ഉണ്ടായിരുന്നില്ല. അർബാബ് എഴുന്നേറ്റിരുന്ന് ഒരു കോട്ടുവാ വിട്ടു. പിന്നെ എന്റെ കയ്യിൽനിന്നും പാത്രം വാങ്ങി ആ പാൽ മുഴുവൻ ഒറ്റവലിക്കു കുടിച്ചു തീർത്തു. ഒരു അഞ്ചുലിറ്റർ പാലെങ്കിലും കാണുമായിരുന്നു ആ പാത്രത്തിൽ! പാൽപ്പാത്രം തിരിച്ചുതന്നിട്ട് അർബാബ് എന്നോടെന്തോ ചോദിച്ചു. പതിവു പോലെ എനിക്കൊന്നും മനസ്സിലായില്ല. ചോദിച്ച കാര്യം എനിക്കൊന്നു മനസ്സിലാക്കിത്തരാൻ അർബാബ് ആവുന്ന പണിയൊക്കെ അറബിയിൽ നോക്കി. എന്റെ തലയിൽ അതിന്റെ ഒരു രശ്മിപോലും കടന്നുചെന്നില്ല. അർബാബ് ദേഷ്യംകൊണ്ട് നിലത്തു ചവുട്ടി. അപ്പോൾ മാത്രം അതുവരെ ഞാൻ മനസ്സിൽ കടിച്ചുപിടിച്ചിരുന്ന സങ്കടം കണ്ണീരായി പുറത്തുചാടി. ഞാൻ അർബാബിന്റെ മുന്നിൽനിന്ന് പൊട്ടിക്കരഞ്ഞു. ഇപ്പോൾ ആലോചിക്കുമ്പോൾ എന്തിനെന്ന് എനിക്കറിയില്ല. പക്ഷേ നിറഞ്ഞുനിറഞ്ഞു കരഞ്ഞു. അതു വരെ എന്നിലുണ്ടായിരുന്ന സങ്കടവും ദേഷ്യവും വിശപ്പും കരപൊട്ടിയൊഴു കുകയായിരുന്നിരിക്കണം. കരച്ചിലിനിടയ്ക്ക് എനിക്കു പോകണം. എനിക്കിവിടെ വയ്യ. ഞാൻ ഈ പണിക്കല്ല വന്നത്. എന്നൊക്കെ പതം പറയുന്നുണ്ടായിരുന്നു. അതൊന്നും അർബാബിന് മനസ്സിലാവുന്നില്ലെന്ന് അറിയാമായിരുന്നിട്ടും പറയുക എന്നത് എൻ്റെ ബാധ്യതയാണെന്ന് എനിക്കു തോന്നി. എൻ്റെ കരച്ചിൽ കണ്ട് അർബാബിന് അലിവു തോന്നിയേക്കും എന്നായിരുന്നിരിക്കണം എൻ്റെ പ്രതീക്ഷ. പക്ഷേ അയാൾ എന്നെ കൂടാര ത്തിനു പുറത്തേക്കു ദേഷ്യത്തോടെ ഉന്തിത്തള്ളിവിടുകയാണ് ചെയ്‌തത്. ഞാൻ കരഞ്ഞുകൊണ്ടുതന്നെ ഭീകരന്റെ കട്ടിലിൽ ചെന്നിരുന്നു. ഭീകരരൂപി എന്തൊക്കെയോ തിരക്കുപിടിച്ച പണിയിലായിരുന്നു. ഞാനൊന്നും ശ്രദ്ധിച്ച തേയില്ല. എൻ്റെ മനസ്സും കണ്ണും നിറയെ കരച്ചിലായിരുന്നു. ജോലിക്കിടയിൽ ആട്ടിൻകൂട്ടത്തിൽനിന്ന് പുറത്തേക്കിറങ്ങുമ്പോഴും അക ത്തേക്കു കയറുമ്പോഴും ഭീകരരൂപി എന്നോട് എന്തൊക്കെയോ പറഞ്ഞു കൊണ്ടിരുന്നു. എന്നെ അവിടത്തെ സാഹചര്യങ്ങൾ പറഞ്ഞു മനസ്സിലാ ക്കിത്തരികയോ എന്നെ സാന്ത്വനിപ്പിക്കുകയോ എന്റെ ദുഃഖത്തിൽ പങ്കുചേ രുകയോ ഒക്കെ ആയിരുന്നു എന്ന് ആ ശബ്ദത്തിന്റെ വകഭേദങ്ങളിൽനിന്ന് ഞാനൂഹിച്ചെടുക്കുന്നു. പക്ഷേ, അപ്പോൾപ്പോലും ഭീകരരൂപിയുടെ മുഖത്തും ശബ്ദത്തിലും നിറഞ്ഞുനിന്ന നിർവ്വികാരത, അതെന്നെ ശരിക്കും അമ്പരപ്പി ക്കുകതന്നെന്ന ചെയ്തിരുന്നു.   71   ആടുജീവിതം നേരം കുറേക്കൂടി വെളുത്തു. ചെരിഞ്ഞതെങ്കിലും സൂര്യപ്രകാശത്തിന് അന്നേരമേ നല്ല ചൂടുണ്ടായിരുന്നു. ഭീകരരൂപി വേലിക്കുള്ളിൽനിന്നും ആടുകളെ തുറന്നുവിട്ടു. അവ എനിക്കു ചുറ്റും തുള്ളിച്ചാടിക്കൊണ്ട് മരു ഭൂമിയിലേക്ക് ഒലിച്ചുപോയി. ഭീകരരൂപി അവയെ പിന്തുടർന്നു. ഞാനവിടെ പിന്നെയും തനിച്ചായി. തലേന്നു രാത്രി എന്നെ അവിടെ ഇറക്കിയിട്ടുപോയ എൻ്റെ സ്വന്തം അർബാബ് അപ്പോൾ അവിടേക്ക് ഒരു കാറിൽ വന്നിറങ്ങി. ഇന്നലത്തെ വണ്ടി പോലെ ആയിരുന്നില്ല അത്. കുറച്ചു ഭേദപ്പെട്ട ഒരു കാറായിരുന്നു. വലിയ ഒരു കാർ. വലിയ ഒരു കൂട്ടുകുടുംബത്തിനു യാത്ര ചെയ്യാൻ പാകത്തി ലുള്ളത്. ഇന്നലത്തെ പഴഞ്ചൻ വണ്ടി ദൂരെ മാറ്റിയിട്ടിരിക്കുന്നത് അപ്പോൾ മാത്രമേ ഞാൻ ശ്രദ്ധിച്ചുള്ളൂ. ഇന്നലെ രാത്രി അർബാബ് ഈ വണ്ടിയിൽ കയറിയായിരിക്കണം മടങ്ങിപ്പോയത്. എൻറെ സ്വന്തം അർബാബിനെ കണ്ടപ്പോൾ എനിക്കു കുറച്ച് ആശ്വാസം തോന്നി. ഞാൻ അർബാബിൻ്റെ അരുകിലേക്ക് ഓടിച്ചെന്നു. തലേന്നത്തെ ദേഷ്യമൊന്നും മുഖത്തുണ്ടായിരുന്നില്ല. എന്നാൽ, എന്നെക്കണ്ട ഭാവം പോലും നടിക്കാതെ വണ്ടിയുടെ ഡിക്കിയിൽനിന്നും എന്തൊക്കെയോ എടുത്തുകൊണ്ട് കൂടാരത്തിലേക്കു നടന്നു. ഞാൻ ഒരു നായയെപ്പോലെ വാലാട്ടിക്കൊണ്ട് പിന്നാലെയും. അർബാബുമാർ തമ്മിൽ കെട്ടിപ്പിടിച്ച് എന്തൊക്കെയോ സ്നേഹവന്ദനങ്ങൾ പറഞ്ഞു. അതിനേതാണ്ട് അഞ്ചു മിനിട്ടിന്റെ ദൈർഘ്യം ഉണ്ടായിരുന്നു. പിന്നെ അവർ തമ്മിൽ എന്തൊ ക്കെയോ സംസാരിച്ചു. ചിലപ്പോഴൊക്കെ അവരുടെ നോട്ടം എന്നിലേക്കു പാറിവീണതിൽ നിന്നും അതെന്നെക്കുറിച്ചായിരിക്കുമെന്ന് ഞാൻ ഊഹി ക്കുന്നു. ഒടുവിൽ രാത്രിയിലത്തെ അർബാബ് എന്തൊക്കെയോ കെട്ടി പ്പെറുക്കി വണ്ടിയുടെ ഡിക്കിയിൽ കൊണ്ടുവച്ചു. പിന്നെ സലാം കൊടുത്ത് ദൂരേക്കു വണ്ടിയോടിച്ചു പോയി. Indio 72     പത്ത് ഞാനപ്പോഴും കൂടാരത്തിനു വെളിയിൽ കരഞ്ഞുകൊണ്ടു നില്ക്കുക. m യായിരുന്നു. എൻ്റെസ്വന്തം അർബാബ് എൻ്റെ അരികിലേക്ക് ഇറങ്ങിവന്ന് എന്റെ തോളിൽത്തട്ടി സമാധാനിപ്പിക്കുന്ന മട്ടിൽ എന്തൊക്കെയോ പറഞ്ഞു. അതെന്നെ സമാധാനിപ്പിച്ചില്ലെങ്കിലും എൻ്റെ കരച്ചിൽ കുറച്ചു. പിന്നെ അർബാബ് കൂടാരത്തിനുള്ളിൽ കയറി ഒരു പൊതിയഴിച്ച് ചപ്പാത്തിപോലെ യുള്ള ഒരു സാധനം എനിക്കുകൊണ്ടുതന്നു. ഖുബസ്! അർബാബ് പറ യുന്നത് ഞാൻ വ്യക്തമായും കേട്ടു. അപ്പോൾ ഇതാണല്ലേ ഈ ഖുബൂസ്. ഗൾഫിൽ നിന്നുവരുന്നവരൊക്കെ ആറ്റുവക്കത്തിരുന്നു പറയുന്ന വീരവാദ കഥകളിൽ ഞാൻ ചിലപ്പോഴെങ്കിലും ഈ പേര് കേട്ടിട്ടുണ്ട്. ഖുബൂസ്. തിന്നോളാൻ അർബാബ് ആംഗ്യം കാണിച്ചു. ഞാൻ രാവിലെ പല്ലുതേച്ചിട്ടു ണ്ടായിരുന്നില്ല. പ്രാഥമിക കർമ്മങ്ങൾ ഒന്നും നിർവ്വഹിച്ചിട്ടുണ്ടായിരുന്നില്ല. കുളിച്ചിട്ടുണ്ടായിരുന്നില്ല. വീട്ടിലാണെങ്കിൽ ഞാൻ കാലത്ത് ആറ്റിലിറങ്ങി ഒന്നു മുങ്ങിത്തോർത്തിവരാതെ (അതെത്ര മഴയാണെങ്കിലും തണുപ്പാണെ ങ്കിലും) കാപ്പിവെള്ളംപോലും കുടിക്കാറില്ല. പക്ഷേ അന്നെൻ് എല്ലാ പതി വുകളും തെറ്റിക്കുന്നതിന്റെ തുടക്കമായിരുന്നു. കാലത്തുതന്നെ ഞാൻ പല്ലു തേക്കാതെ ഒരു കോപ്പ പാൽ കുടിച്ചു കഴിഞ്ഞു. ഒന്നര ദിവസം നീണ്ടു നിന്ന വിശപ്പ് എന്റെ ചിട്ടകളെല്ലാം മറക്കാൻ എന്നെ പ്രേരിപ്പിച്ചു. ഞാൻ കൂടാരത്തിനു പുറത്തിരുന്ന് ഖുബൂസ് എന്ന പുതിയ ആഹാരം ആർത്തി യോടെ കടിച്ചു പറിച്ചു തിന്നു. മുക്കാനോ തൊടാനോ കൂട്ടാൻ ഒന്നുമില്ലായി രുന്നു. അതിന്റെ ആവശ്യവും തോന്നിയില്ല. കാലത്തുണ്ടാക്കിയതിന്റെ ചൂടും മധുരവും ആ ഖുബൂസിനുണ്ടായിരുന്നു. ഓരോ തവണ കടിച്ചുകഴിയുമ്പോഴും ഖുബൂസ്! ഖുബൂസ്!! എന്നിങ്ങനെ എൻ്റെ മനസ്സ് ആവേശത്തോടെ പുലമ്പി ക്കൊണ്ടിരുന്നു. ആർത്തിയോടെ ഒരു നാലെണ്ണം തിന്നുകഴിഞ്ഞപ്പോഴേക്കും ഇനി ഒരിക്കലും മായിക്കാനാവാത്തവിധം ആ പേര് എൻ്റെ മനസ്സിലും വയി റ്റിലും ഇടം നേടിക്കഴിഞ്ഞിരുന്നു. - ഖുബൂസ്! തിന്നു കഴിഞ്ഞപ്പോൾ അർബാബ് എനിക്ക് ഒരു ഗ്ലാസ് വെള്ളം കൊണ്ടു ത്തന്നു. ഞാനതുവാങ്ങി മൊത്തിക്കുടിച്ചു. അർബാബ് പിന്നെയും ഒരു   73 ആടുജീവിതം   ഖുബൂസുകൂടി എനിക്കുനേരെ നീട്ടി. ഞാൻ വേണ്ടെന്ന് ആംഗ്യം കാണിച്ചു. എൻ്റെ വയർ നിറഞ്ഞ് എനിക്കു തൃപ്തിയായിരുന്നു. എനിക്കു സന്തോഷം തോന്നി. അർബാബിന്റെ സ്നേഹത്തിൽ ഞാൻ സന്തോഷിച്ചു. അപ്പോഴേക്കും ഭീകരരൂപി ആടുകളെയുംകൊണ്ട് തിരിച്ചുവന്നു. എല്ലാ ത്തിനെയും കമ്പിവേലിക്കുള്ളിലേക്ക് ഓടിച്ചുകയറ്റി. പിന്നെന്ന കൂടാരത്തിനു മുന്നിൽ വന്നിരുന്നു. അർബാബ് അവന് അഞ്ചോ ആറോ ഖുബൂസ് കൊടുത്തു. ഒറ്റയിരുപ്പിന് പച്ചവെള്ളത്തിൽ മുക്കി അതെല്ലാം അവൻ തിന്നു തീർത്തു. ഒരു മൊന്ത വെള്ളവും കുടിച്ചു. പിന്നെ ഒന്നും മിണ്ടാതെ എഴു ന്നേറ്റു പോയി. തിന്നുകൊണ്ടിരുന്ന നേരത്തെല്ലാം ഞാൻ ഭീകരരൂപിയുടെ മുഖത്തുതന്നെ നോക്കിയിരിക്കുകയായിരുന്നു. വേദനകളും ദുഃഖങ്ങളും എല്ലാം ഉറഞ്ഞുപോയ ഒരു 'ജീവിതം' മാത്രമാണ് എനിക്കവിടെ കാണാൻ കഴിഞ്ഞത്. അവൻ ജോലി തുടരുകയായിരുന്നു. ഒരു നിമിഷത്തിൻ്റെപോലും വിശ്രമമില്ലാതെ. അർബാബ് എഴുന്നേറ്റുപോയി വണ്ടിക്കകത്തുനിന്നും ഒരു കുപ്പായവും ബൂട്ടും എനിക്ക് എടുത്തുകൊണ്ടുതന്നു. ഞാൻ ആ കുപ്പായം ഒന്നു നിവർത്തി. അതിൽനിന്നുയർന്ന പൂതലിച്ച ഗന്ധംകൊണ്ട് എനിക്ക് ഛർദ്ദി ക്കാൻ തോന്നി. അത്രയ്ക്കു മുഷിഞ്ഞതും നാറിയതുമായിരുന്നു അത്. അർബാബ് എന്റെ ഉടുപ്പിലും പാന്റിലും തൊട്ടിട്ട് ശീലാദീ.. ശീലാദീ..' എന്നു പറഞ്ഞു. ഒന്നു രണ്ടു തവണ പറഞ്ഞുകഴിഞ്ഞപ്പോൾ അതഴിക്കാനാണ്. പറയുന്നതെന്ന് എനിക്കു മനസ്സിലായി. ഞാനത് അഴിച്ചു. വളരെ വിഷമ ത്തോടെ ആ നാറിയ കുപ്പായം ധരിച്ചു. നാട്ടിൽനിന്നും വാങ്ങിയ പുതു പുത്തൻ ലതർ ഷൂ അഴിച്ചു. നാറിയ ബൂട്ട് ധരിച്ചു. സ്വയം നാറ്റത്തിലേക്കുള്ള ആദ്യപ്രവേശനമായാണ് എനിക്കതിനെ തോന്നിയത്. മറ്റൊരു ഭീകരരൂപി ആകാനുള്ള ആദ്യ ചവിട്ടുപടി. എല്ലാം അറിയാമായിരുന്നിട്ടും അർബാബിന്റെ നിർദ്ദേശങ്ങൾ അപ്പടി അനുസരിക്കാനാണ് എനിക്കന്നേരം തോന്നിയത്. കാരണം അല്പ്‌പം മുൻപ് അർബാബ് എനിക്കു തന്ന ഖുബൂസിനോട് ഞാന ത്രയും കടപ്പെട്ടുകഴിഞ്ഞിരുന്നു. ഭീകരരൂപിയെ കൈ ചൂണ്ടിക്കൊണ്ട് അർബാബ് എന്തൊക്കെയോ അറബിയിൽ പറഞ്ഞു. അതിൽനിന്നും മസറ എന്നൊരു വാക്കുമാത്രമാണ് പിടിച്ചെടുക്കാൻ എനിക്കായത്. മസറ എന്നാൽ വെള്ളം എന്ന് അർത്ഥം ഗ്രഹിച്ച് ഞാൻ അനുസരണയോടെ ഒരു തൊട്ടിയെടുത്ത് ഭീകരരൂപിയെ അനുഗമിച്ചു. ടാങ്കിൽനിന്നും വെള്ളം പിടിച്ചു. അകത്തേക്കു കടന്ന്, ആടു കൾക്കിടയിലൂടെ നടന്ന്, ഒരു വലിയ തൊട്ടിയിൽ കൊണ്ടുചെന്നൊഴിച്ചു. ഏകദേശം മൂന്നുമീറ്ററോളം നീളവും ഒരു മീറ്റർ വീതിയും ഒരു മുക്കാൽ മീറ്റർ പൊക്കവുമുള്ള ഒരു സിമൻ്റുതൊട്ടിയായിരുന്നു അത്. ആടുകളെ ഇട്ടിരി ക്കുന്ന കമ്പിവേലി പല കള്ളികളായി തിരിച്ചിട്ടുണ്ടായിരുന്നു. ഓരോ കള്ളി യിലും അൻപതു മുതൽ നൂറുവരെ ആടുകൾ ഉണ്ടെന്നു തോന്നുന്നു. അങ്ങനെ പത്തിരുപത്തഞ്ച് കള്ളികൾ. ഓരോ കള്ളിയിലും ഓരോ വെള്ള 74     ബെന്യാമിൻ ത്തൊട്ടികൾ. അതുകൂടാതെ വേറെയും തൊട്ടികൾ അതിലുണ്ടായിരുന്നു. ഒന്നിൽ പച്ചഗോതമ്പ്, മറ്റൊന്നിൽ പോച്ച, പിന്നൊന്നിൽ കച്ചി. ആടുകൾ ആവശ്യംപോലെ വന്നു തിന്നുകയും കുടിക്കുകയും ചെയ്യുന്നു. ആദ്യത്തെ കൂടിനുള്ളിലെ തൊട്ടി നിറച്ചുകഴിഞ്ഞപ്പോൾ ഭീകരരൂപി രണ്ടാ മത്തെ കൂടഴിച്ച് ആടുകളെ തുറന്നുവിട്ടു. അവ തുള്ളിക്കിതച്ച് പുറത്തേക്കു ഒഴുകിപ്പോയി. അവയെ പിന്തുടർന്നു പോകുന്നതിനു മുൻപ് ആ കൂട്ടിലെ തൊട്ടി ചൂണ്ടിക്കൊണ്ട് അറബിയിലോ ഹിന്ദിയിലോ എന്തൊക്കെയോ പറഞ്ഞു. അതിൽനിന്നും മായിൻ എന്നൊരു വാക്കുമാത്രമാണ് പിടിച്ചെടു ക്കാൻ എനിക്കായത്.. എനിക്കു സംശയമായി. മായിൻ..? അതെന്താണ്... തൊട്ടിയോ വെള്ളമോ...? എങ്കിൽപ്പിന്നെ അർബാബ് പറഞ്ഞ മസറ എന്താണ്? മസറ യാണോ മായിനാണോ വെള്ളം..? ആ, ആർക്കറിയാം. എന്തായാലും വെള്ളം നിറയ്ക്കലാണ് എൻ്റെ പണി. അതു ചെയ്യുകതന്നെ. അവൻ ആടുകളെയും കൊണ്ട് മടങ്ങിവരുന്നതിനു മുൻപ് ഞാൻ ആ കൂട്ടിലേക്കുള്ള വെള്ളം നിറച്ചു കഴിഞ്ഞിരുന്നു. മൂന്നാമത്തെയും നാലാമത്തെയും കൂടുകളിലും ഞാൻ അങ്ങനെത്തന്നെ വെള്ളം നിറച്ചു. അത്രത എളുപ്പപ്പണി ആയിരുന്നില്ല. വെള്ളം കൊണ്ടു നടന്ന് നടു കഴക്കാൻ തുടങ്ങിയിരുന്നു. ഉച്ചിയിൽ വെയിൽ കത്താൻ തുടങ്ങിയ തിൻ്റെ ചൂടും ദാഹവും വേറെയും. എന്തായാലും അടുത്ത കൂട്ടിലെ ആടുകളെയുംകൊണ്ട് ഭീകരരൂപി പുറ ത്തേക്കു പോകാൻ തുടങ്ങിയപ്പോൾ അർബാബ് കൂടാരം വിട്ട് പുറത്തേക്കു വന്നു. ഭീകരരൂപിയോട് എന്തൊക്കെയോ അറബിയിൽ പറഞ്ഞു. അവന തെല്ലാം തലകുലുക്കി കേട്ടു. പിന്നെ അർബാബ് എൻ്റെ അരികിൽവന്ന് എനി ക്കൊരു നീളമുള്ള വടി തന്നു. ഞാനത് ഇരുകൈയും നീട്ടി വാങ്ങി. ഒരു ആട്ടിടയനാകാനുള്ള സ്ഥാനാരോഹണച്ചടങ്ങ് നടക്കുന്നപോലെയാണ് എനിക്കു തോന്നിയത്. ഞങ്ങൾ ഒന്നിച്ച് ആടുകളെയുംകൊണ്ട് വെളിമ്പ്രദേശത്തേക്കു നടന്നു. അല്പദൂരം ചെന്നപ്പോൾ അർബാബ് എന്നെ പുറകിൽനിന്നും കൈകൊട്ടി വിളിച്ചു. ഞാൻ കൂടാരത്തിനടുത്തേക്കു തിരിച്ചു ചെന്നു. അപ്പോൾ അർബാബ് എന്റെ കയ്യിൽ ഒരു സാധനം വച്ചു തന്നു. ഞാനതു തിരിച്ചും മറിച്ചും നോക്കി. എന്റെ അറിവിൽ പെട്ടിടത്തോളം അതൊരു ബൈനോക്കുലർ ആയിരുന്നു. എന്തിനാണ് അർബാബ് അതെനിക്കു തന്നതെന്ന് എനിക്കൊരു പിടിയും കിട്ടിയില്ല. പിന്നെ ആടുകൾ എവിടെയെങ്കിലും ഓടിപ്പോകുകയാണെങ്കിൽ കണ്ടുപിടിക്കാനാവുമെന്നു കരുതി ഞാനതുമായി ആടുകൾക്കു പിന്നാലെ പോകാനാഞ്ഞു. ചൂഫ്..ചൂഫ്.. അതിലൂടെ നോക്കാൻ അർബാബ് എന്നെ പ്രോത്സാഹിപ്പിച്ചു. എനിക്കു കൗതുകം തോന്നി. ഞാനാദ്യമായിട്ടായിരുന്നു ഒരു ബൈനോക്കുലർ കാണുന്നത്. ഞാനതിന്റെ ഇരട്ടക്കണ്ണിലൂടെ നോക്കി.   75   ആടുജീവിതം ഹോ! ഞാനതിശയിച്ചുപോയി! എന്തൊരു വ്യക്തത. കിലോമീറ്ററുകളോളം ദൂരം അരികത്തു കാണിക്കുന്നത്ര വ്യക്തത. ദൂരെയായിക്കഴിഞ്ഞ ആടുക ളുടെ ഓരോ പുള്ളിയും പൊട്ടും വരെ അതിൽ വ്യക്തമായി കാണാമായി രുന്നു. ചുറ്റോടുചുറ്റുമുള്ള ഭൂമി ഒരുവട്ടം ഞാൻ നോക്കിക്കണ്ടു. എനിക്കു സന്തോഷമായി. ചൂഫ്...?! അർബാബ് ചോദിച്ചു. ഞാൻ നല്ലതെന്ന് തല കുലുക്കി. അർബാബ് അതെന്റെ കയ്യിൽ നിന്നും വാങ്ങി കൂടാരത്തിനുള്ളിൽ കൊണ്ടുവച്ചു. പിന്നെ തലയിണ പൊക്കി അതിനടിയിൽനിന്നും ഒരു ഇരട്ടക്കുഴൽ തോക്ക് വലിച്ചെടുത്തു. പുറത്തേക്കിറങ്ങി. ആകാശത്തേക്കു വട്ടം പിടിച്ചു. വളരെ അകലെക്കൂടി ഏതോ ഒരു പക്ഷി വട്ടമിട്ടു പറന്നുപോകുന്നുണ്ടായി രുന്നു. ഉന്നംനോക്കി അർബാബ് വെടിപൊട്ടിച്ചു. കൃത്യം. ആ പക്ഷി ആകാശ ത്തുനിന്നും നിലതെറ്റി വീഴുന്നതു ഞാൻ കണ്ടു. ഒരു ചിറികോട്ടിയ ചിരി യോടെ അർബാബ് എന്നെ നോക്കി. ഞാൻ ഭയന്നുപോയിരുന്നു. Suprisenthus storinathy ഞാൻ അതെയെന്നു തലകുലുക്കി. യാ അള്ളാ റോ... അർബാബ് എന്നെ ആടുകൾക്കു പിന്നാലെ പറഞ്ഞു വിട്ടു. ഒരിക്കലും രക്ഷപ്പെടാനാവാത്തവിധം എന്റെ ജീവിതം ആ ആടുകളുടെ ഇടയിൽ ബന്ധപ്പെട്ടുകഴിഞ്ഞിരിക്കുന്നു എന്ന് ആ നിമിഷം എനിക്ക് പൂർണ്ണ ബോധ്യം വന്നു! IndianTer 76     പതിനൊന്ന് രക്ഷപ്പെടലിനെക്കുറിച്ചു പടംപൊഴിക്കുന്നപോലെ തലേന്നു പൊഴിച്ചുകളഞ്ഞിട്ട് രാത്രി കണ്ട ഞാൻ എല്ലാ വിചാരങ്ങളെയും, മരുഭൂമിയിലേക്കു omനടന്നു. അപ്പോൾ എന്നിൽ നിറഞ്ഞുനിന്നത് ശൂന്യത മാതമായിരുന്നു എന്ന് ഞാനോർക്കുന്നു. ഭീകരരൂപി ആടുകളെയുംകൊണ്ട് ഏറെ മുന്നിലായിക്കഴിഞ്ഞിരുന്നു. ഞാൻ മരുഭൂമിയിലേക്കു നോക്കി. ഞാൻ കേട്ടറിഞ്ഞിട്ടുള്ളതും വല്ലപ്പോഴും ഏതെങ്കിലുമൊക്കെ ചിത്രങ്ങളിൽ കണ്ടിട്ടുള്ളതുമായ മരുഭൂമിയിൽനിന്നും തികച്ചും വ്യത്യസ്തമായിരുന്നു ആ പ്രദേശം. മരുഭൂമി എന്നു കേൾക്കുമ്പോൾ മനസ്സിൽ ആദ്യം എത്തുക, മണലിന്റെ വലിയ തിരയും കുന്നുകളുമാണ്. പക്ഷേ ഇവിടെ അതൊന്നുമില്ല. നല്ല കട്ടിമണ്ണ്. നല്ല മുഴുത്തുരുണ്ട കല്ലുകൾ. നമ്മുടെ കിഴക്കൻ പ്രദേശങ്ങളിലൊക്കെ പോയിട്ടുള്ള കാലത്തു ഞാൻ അതിനു തത്തുല്യമായ ഭൂവിഭാഗങ്ങൾ കണ്ടിട്ടുണ്ട്. ഒരു വ്യത്യാസം മാത്രം നമ്മുടെ നാട്ടിൽ ഈ മണ്ണിലും കല്ലിലും എല്ലാം വള്ളിച്ചെടികൾ പടർന്നു കിടക്കുകയാണെങ്കിൽ ഇവിടെ പച്ചപ്പിൻ്റെ ഒരു പൊടിപോലും കാണാനില്ല. വന്ധ്യമായ തരിശിടങ്ങൾ! പിന്നെന്തിന് ഈ ആടുകളെയുംകൊണ്ട് പുറത്തു പോകുന്നു എന്ന സംശയമായിരുന്നു എനിക്ക്. ആടുകൾ അതിന്റെ ജന്മവാസനകൊണ്ട് ഭൂമി മണത്ത് പച്ചിലകൾ തപ്പി നടക്കുന്നു എന്നല്ലാതെ യാതൊന്നും അതിൻ്റെ വായിൽ തടയുന്നുണ്ടായിരു ന്നില്ല. കുറെ ദൂരം ചെന്നപ്പോഴേക്കും ഞാൻ ഭീകരരൂപിക്കും ആടുകൾക്കും ഒപ്പമെത്തി. ആടുകളെ നടക്കാൻ വിട്ടിട്ട് ഭീകരരൂപി അവിടെ ഒരു കല്ലിൽ ഇരുന്നു. മറ്റൊന്നും ചെയ്യാനില്ലാത്തതുകൊണ്ടും മറ്റെന്തു ചെയ്യണമെന്ന് അറിയാത്തതുകൊണ്ടും ഞാൻ അവിടെ മാറി മറ്റൊരു കല്ലിൽ ഇരുന്നു. എനിക്കപ്പോൾ എന്തൊക്കെയോ അയാളോടു ചോദിക്കണമെന്നുണ്ട്. പക്ഷേ ഭാഷ! പിന്നെ എന്റെ കയ്യിലുള്ള എകവിനിമയമാർഗ്ഗം ആംഗ്യങ്ങളാണ്. എന്നാൽ അവ ശ്രദ്ധിക്കാൻ അയാളെന്നെ ഒന്നു നോക്കുന്നതുകൂടിയില്ല. അയാളുടെ നോട്ടം എങ്ങോട്ടാണ്..? ആകാശത്തിലേക്കും ഭൂമിയിലേക്കുമല്ല ശൂന്യതയിലേക്കാണെന്ന് എനിക്കുതോന്നി. കുറച്ചുനേരം കഴിഞ്ഞപ്പോൾ അയാൾ എഴുന്നേറ്റ് ആടുകളെ കൂട്ടിത്തെളിക്കാൻ തുടങ്ങി. അതിത്തിരി   77   ആടുജീവിതം പ്രയാസമുള്ള പരിപാടി ആയിരുന്നു. അൻപതോ നൂറോ ആടുകൾ കാണും. അതിലൊരെണ്ണം അങ്ങോട്ടോടുമ്പോൾ മറ്റൊരെണ്ണം വേറൊരു വഴിക്കോടും. അതിനെ അടികൊടുത്തു വഴിക്കു കൊണ്ടുവരുമ്പോഴേക്കും അടുത്തതു മറ്റൊരു വഴിക്കു തിരിഞ്ഞിരിക്കും. വല്ലവിധേനയും എല്ലാത്തിനെയും ഒരുമിച്ചു കൂട്ടി ഭീകരരൂപി കൂട്ടിലേക്കു നടന്നു. എനിക്കൊന്നും അറിയാത്തതുകൊണ്ട് എല്ലാം കണ്ടുനില്ക്കുക എന്നൊരു ജോലി മാത്രമേ എനിക്കുണ്ടായി രുന്നുള്ളൂ. ഞങ്ങൾ ആടുകളെയുംകൊണ്ട് കൂട്ടിലെത്തി. അവിടെ എത്താറായപ്പോൾ അയാൾ ഹിന്ദിയിൽ എന്തോ ചിലത് എന്നോടു പറഞ്ഞു. നീ ആടുകളെയും കൊണ്ട് മസറിലേക്കു ചെല്ല്. ഞാനിതാ വരുന്നു എന്നാണതെന്ന് ഞാനു ഹിച്ചു. ഹാ. അപ്പോൾ മസ് എന്നാൽ ആട്ടിൻകൂട് എന്നാണർത്ഥം. അപ്പോൾ മായിൻ വെള്ളംതന്നെ എന്നുറപ്പിക്കാം. അങ്ങനെ അറബി വാക്കുകൾ ഓരോന്നായി വരട്ടെ. ഞാൻ ആടുകളെ കൂട്ടിലെത്തിച്ചു. അയാൾ പോച്ചയുമായി വന്നു. ഞങ്ങൾ ഇരുവരും ചേർന്നു കച്ചിയും വെള്ളവും ഗോതമ്പും മസറയിൽ എത്തിച്ചു. ഞാൻ മസറ എന്നാണ് പറഞ്ഞത് അല്ലേ? എത്ര വേഗം ഞാൻ അറബിവാ ക്കുകളിലേക്കു മാറുന്നു എന്നു നോക്കൂ. ഞങ്ങൾ അടുത്ത മസറയിലേക്കു കടന്നു. അവിടത്തെ ആടുകളെയും കൊണ്ട് മരുഭൂമിയിലേക്കു പോയി. അങ്ങനെ രണ്ടുമൂന്നു മസറയിലെ ആടു കളെയും കൊണ്ടുപോയി വന്നപ്പോൾ മാത്രമാണ് എനിക്കൊരു ഏകദേശ രൂപമുണ്ടായത്. ഈ ആടുകളെ എന്തെങ്കിലും തീറ്റിക്കാൻ കൊണ്ടുപോകുന്ന തല്ല. അവയെ വെറുതെ നടക്കാൻ കൊണ്ടുപോകുന്നതാണ്. അടച്ച കൂടുകളിൽ കിടന്ന് മുരടിക്കാതെ കൈയും കാലും നിവരാനുള്ള ഒരു പ്രഭാത വ്യായാമം! സൂര്യൻ ഉച്ചിക്കു മുകളിൽ കൂടുതൽ കത്താൻ തുടങ്ങി. അതിനോടകം ആടുകളെ എല്ലാം നടത്താൻ കൊണ്ടുപോയി തിരികെ വന്നു. എല്ലാത്തിനും വെള്ളവും തീറ്റയും ഇട്ടുകൊടുത്തു. അതിനിടയിലാണ് ഒരു ഭീകരകാര്യം എന്നിൽ സംഭവിക്കുന്നത്. എനിക്കു പ്രാഥമിക കർമ്മത്തിനു മുട്ടിത്തുടങ്ങി. തലേന്നു വിമാനത്തിൽ കയറുന്നതിനു മുൻപ് എപ്പോഴോ ഞാൻ സാധിച്ച താണ്. തലേന്ന് മുഴുവൻ ഒന്നും കഴിക്കാതെ അങ്ങനെ പോയി. എന്നാൽ കാലത്ത് മൂന്നാല് ഖുബൂസ് അകത്താക്കിയിട്ടുണ്ട്. അതിന്റെ തള്ളലാണ്. പക്ഷേ എവിടെപ്പോയി ഞാനതു സാധിക്കും..? എനിക്കു പോകണമെങ്കിൽ കക്കൂസിന്റെ നാലു ചുവരുകളുടെ മറവ് വേണമെന്നൊന്നുമില്ല. ഞാനങ്ങനെ ശീലിച്ചിട്ടുമില്ല. പക്ഷേ നാട്ടിൽ വല്ല ആറ്റിറമ്പിലും കുറ്റിക്കാട്ടിലും കയറി കാര്യം സാധിക്കാം. ഒരു പ്രശ്ന‌വുമില്ല. ആറ്റിലിറങ്ങി ശൗച്യം കഴിക്കുകയും ആവാം. ഇതുപക്ഷേ ഒരു നിവൃത്തിയുമില്ല. ചുറ്റോടു ചുറ്റും മലക്കെ തുറന്നെ വെളിമ്പദേശമാണ്. എല്ലാവരും ചെയ്യുന്ന കാര്യമാണെങ്കിലും, എല്ലാവർക്കും 78     ബെന്യാമിൻ അറിയാവുന്ന കാര്യമാണെങ്കിലും ചില കാര്യങ്ങൾക്കു നാം മനുഷ്യർ അല്പം ഗോപ്യത ആഗ്രഹിക്കുന്നുണ്ട്. അല്ലേ..? ഇക്കാര്യം നിങ്ങളുമായി പങ്കുവയ്ക്കണോ എന്ന് ആദ്യം ഞാൻ ചിന്തിച്ചതാണ്. എന്നാൽ വേണമെന്നു ഞാൻ തീരുമാനിക്കുകയായിരുന്നു. കാരണം മനുഷ്യൻ ഏറ്റവും നിസ്സാര മെന്നു കരുതുന്ന ചില കാര്യങ്ങൾപോലും ചില സന്ദർഭങ്ങളിൽ ചിലരെ എങ്ങനെ അലട്ടുന്നു എന്നും വലിയ മാനസിക പ്രശ്‌നങ്ങളിൽ കൊണ്ടു ചെന്നെത്തിക്കുന്നു എന്നും കാണിക്കാനായി മാത്രം. അതൊക്കെയില്ലെങ്കിൽ ഈ കഥപറച്ചിൽകൊണ്ട് എന്തർത്ഥം...? കാര്യങ്ങളൊക്കെ ശരി. പക്ഷേ അങ്ങനെവല്ലോം, പിടിച്ചുവച്ചേക്കാവുന്ന കാര്യമാണോ ഇത്. നിമിഷം കഴിയുന്തോറും വയറ്റിൽ വേദന പെരുകുക യാണ്. ഞാൻ പതിയെ മസറയുടെ എതിർവശത്തേക്കു പോയി. എനിക്കും അർബാബിനും ഇടയിൽ എനിക്കും ഭീകരരൂപിക്കും ഇടയിൽ ഇപ്പോൾ ആടു കളുടെ മസറയുടെ ചെറിയ ഒരു മറവുണ്ട്. അത്യാവശ്യത്തിന് അതുമതി. ഞാൻ കണ്ണടച്ചിരുന്ന് കാര്യം സാധിച്ചു. ആശ്വാസമായി. ലോകത്തിൽ കിട്ടാ വുന്നതിൽ വച്ച് ഏറ്റവും വലിയ ആശ്വാസം. പൂച്ചയെപ്പോലെ മുകളിലേക്ക് ഇത്തിരി കല്ലും മണ്ണും വാരിയിട്ട് എഴു ന്നേറ്റു. ഇനി ശൗച്യം കഴിക്കണം. അതു സാരമുള്ള കാര്യമല്ല. ടാങ്കിൽ ഇഷ്ടം പോലെ വെള്ളം കിടപ്പുണ്ട്. ബക്കറ്റിൽ പിടിച്ചുകൊണ്ടുപോയി കച്ചിക്കെട്ടി ന്റെയോ പോച്ചക്കെട്ടിന്റെയോ മറവിൽ പോയിരുന്നു സാധിക്കാം. ഞാൻ ചെന്നു ബക്കറ്റെടുത്തു വെള്ളം പിടിച്ചു. പിന്നെ അതുമായി പോച്ചക്കെട്ടു കൾക്കു പിന്നിലേക്കു നടന്നു. ചന്തിയിൽ ആദ്യത്തെ തുള്ളി വെള്ളം വീഴുന്നതിനു മുൻപ് എൻ്റെ പുറത്ത് ചാട്ടയുടെ ഒരടി വീണു. അപ്രതീക്ഷിതമായ ആ അടിയിൽ എൻ്റെ പുറം പുളഞ്ഞുപോയി. ഞാൻ ഞെട്ടിത്തിരിഞ്ഞു നോക്കി. കത്തുന്ന കണ്ണുകളോടെ അർബാബ്! എനിക്കൊന്നും മനസ്സിലായില്ല. അതിനിടയിൽ ഞാനെന്തു തെറ്റു ചെയ്തു...? പണിയിൽ വല്ല വീഴ്‌ചയും വരുത്തിയോ..? അപരാധം വല്ലതും പ്രവർത്തിച്ചോ...? അർബാബ് ചാടിവന്ന് എന്റെ തൊട്ടിയും വെള്ളവും തട്ടിപ്പറിച്ചെടുത്തു. പിന്നെ ഉച്ചത്തിൽ ശകാരിച്ചു. ബെൽട്ടുകൊണ്ട് അടിച്ചു. വല്ലവിധേനയും ഞാൻ തടുക്കാൻ ശ്രമിച്ചപ്പോഴൊക്കെ അർബാബ് കൂടുതൽ ശൗര്യത്തോടെ അടിച്ചു. ഞാൻ നിലത്തു വീണുപോയി. അർബാബ് വെള്ളത്തൊട്ടിയു മെടുത്തു കൂടാരത്തിലേക്കു പോയി. അർബാബിന്റെ വാക്കുകളിൽനിന്ന്, ശകാരത്തിൽനിന്ന്, അടിയിൽനിന്ന് ഞാൻ ഗ്രഹിച്ചെടുത്തത് ഇത്രയുമാണ്. ഈ വെള്ളം നിനക്കു ചന്തി കഴുകാ നുള്ളതല്ല. അതെൻ്റെ ആടുകൾക്കു കൊടുക്കാനുള്ളതാണ്. അതിൻ്റെ വില എത്രയെന്നു നിനക്കറിയില്ല. മേലിൽ ഇത്തരം അനാവശ്യകാര്യങ്ങൾക്കു വെള്ളം തൊട്ടുപോകരുത്. തൊട്ടാൽ നിന്നെ ഞാൻ കൊന്നുകളയും!   79 Indian kinadno   ആ കണ്ണുകളിലേക്ക് ഞാൻ ഒരുവട്ടം നോക്കിയതേയുള്ളൂ. സൂര്യനെ നോക്കുന്നതുപോലെ ഞാൻ കണ്ണുകൾ പിൻവലിച്ചുകളഞ്ഞു. മരുഭൂമിയുടെ ആഴവും പരപ്പും രൂക്ഷതയും വന്യതയും എല്ലാം ആ കണ്ണുകൾക്കുള്ളിൽ ഉറഞ്ഞുകിടക്കുന്നതായി എനിക്കു തോന്നി.   om   ബെന്യാമിൻ തൂറിയിട്ട് ചന്തി കഴുകുന്നത് ഒരു അപരാധം എന്ന ഒന്നാം പാഠം ഞാൻ പഠിക്കുന്നത് അങ്ങനെയാണ്. ഞാൻ എഴുന്നേറ്റു. എനിക്കു വല്ലാത്ത ഇളിപ്പു തോന്നി. ഇങ്ങനെയൊരു ഗതികേട് ഇന്നുവരെ എന്റെ ജീവിതത്തിൽ ഉണ്ടായിട്ടില്ല. ഞാൻ ആറ്റിൽ ജീവിച്ചവനാണ്. വെള്ളം തൊടാതെ ഒരു കാര്യവും എന്റെ ജീവിതത്തിൽ ഉണ്ടായിട്ടില്ല. ശുചിത്വം എന്റെ ജീവിത നിലപാടായിരുന്നു. സൈനുപോലും രണ്ടുനേരം കുളിച്ചില്ലെങ്കിൽ എനിക്ക് ഈർഷ്യയായിരുന്നു. ഞാനാണെങ്കിൽ സർവ്വനേരവും വെള്ളത്തിലും! എന്നാൽ എന്റെ ജീവിതത്തിലെ സർവ്വചിട്ട കളും തെറ്റുന്നതിൻ്റെ തുടക്കമായിരുന്നല്ലോ ആ ദിവസങ്ങൾ. അതിൽ ഏറ്റവും കടുപ്പം പിടിച്ചതായിരുന്നു ഈ കഴുകൽ നിഷേധം. ഞാൻ തിരികെ വന്നു കട്ടിലിനു താഴെ മണലിൽ ഇരുന്നു. ഭീകരരൂപി കട്ടിലിൽ ഇരുന്നു ഖുബൂസ് തിന്നുന്നുണ്ടായിരുന്നു. അവൻ എനിക്കും രണ്ടു മൂന്ന് ഖുബൂസ് തന്നു. ശൗച്യം കഴിക്കാതെ തിന്നുന്നതിനെപ്പറ്റി എനിക്കു ചിന്തിക്കാൻപോലും ആകുമായിരുന്നില്ല. ഞാനതു കൈകൊണ്ടു തൊടാതെ മാറ്റിവച്ചു. അപ്പോഴാണ് അങ്ങു ദൂരെ ഞാനൊരു കാഴ്ച കാണുന്നത്. ഒരു നിര ഒട്ടകക്കൂട്ടങ്ങൾ. ഒരു പത്തൻപതെണ്ണം കാണണം. നിരനിരയായി നടന്നു വരുന്നു. അതൊരു നല്ല കാഴ്ച ആയിരുന്നു. ഏറ്റവും വലുത് എറ്റവും മുന്നിൽ, അതിന്റെ പിന്നിൽ അതിന്റെ ചെറുത്. പിന്നെ വലിപ്പമനുസരിച്ച് ഓരോന്നായി... അവയെ നയിക്കാനോ തെളിക്കാനോ ആരും ഉണ്ടായിരുന്നില്ല. അവ സ്വയം വഴി തിരഞ്ഞെടുക്കുകയും കണ്ടെത്തുകയും ആയിരുന്നു. അവ നടന്നു ഞങ്ങളുടെ അടുത്തേക്കു വന്നു. ഞാനാദ്യമായിട്ടായിരുന്നു ഒരു ഒട്ടകത്തെ കാണുന്നത്. ഞാനവയെ അതിശയത്തോടെ നോക്കി. അതിന്റെ കനം മുറ്റിയ പുരികങ്ങൾ മരുഭൂമിയുടെ സകല തീക്‌ഷണതയും ദ്യോതിപ്പിക്കുന്നതായി എനിക്കു തോന്നി. മീൻചെകിളപോലെ അടയ്ക്ക കയും തുറക്കുകയും ചെയ്യുന്ന മൂക്ക്. വിസ്താരത്തിൽ കീറിയ വായ, ബല മേറിയ കഴുത്ത്, കുതിരയുടെ കുഞ്ചിരോമങ്ങൾ ഓർമ്മിപ്പിക്കുന്ന രോമങ്ങൾ. കൊമ്പുപോലെ തലയ്ക്കു മുകളിലേക്കു വളർന്നുനില്ക്കുന്ന ചെവികൾ, എല്ലാത്തിലും അധികമായി എന്നെ ആകർഷിച്ചത്, എന്നെ പേടിപ്പിച്ചത്, അതിന്റെ നിസ്സംഗത മുറ്റിയ നോട്ടമാണ്. ആ കണ്ണുകളിലേക്കു ഞാൻ ഒരു വട്ടം നോക്കിയതേയുള്ളൂ. സൂര്യനെ നോക്കുന്നതുപോലെ ഞാൻ കണ്ണുകൾ പിൻവലിച്ചുകളഞ്ഞു. മരുഭൂമിയുടെ ആഴവും പരപ്പും രൂക്ഷതയും വന്യതയും എല്ലാം ആ കണ്ണുകൾക്കുള്ളിൽ ഉറഞ്ഞുകിടക്കുന്നതായി എനിക്കു തോന്നി. അതിനെയൊന്നും ഒരിക്കലും അതിജീവിക്കാനാവില്ലെന്ന അറിവായിരിക്കണം അവിടെ നിസ്സംഗതയായി ഉറഞ്ഞുകിടക്കുന്നത്. നിസ്സംഗതയുടെ മൂർത്തിമത്ഭാവം എന്ന് ഒട്ടകങ്ങളെ വിളിക്കാൻ ഞാനാ ഗ്രഹിക്കുന്നു. ആ ഒട്ടകങ്ങൾ എന്റെ കൺമുന്നിലൂടെ നടന്ന് സ്വയം കൂടുകൾ ക്കുള്ളിലേക്കു പ്രവേശിച്ചു. അത് അവയുടെ സ്വന്തം മറ ആയിരുന്നു. 81     പന്ത്രണ്ട് ഞാൻ യാത്ര നിയോഗിക്കപ്പെട്ടു. കഴിഞ്ഞെത്തിയ ഞാനവയുടെ ഒട്ടകങ്ങൾക്കു വെള്ളവും മസറയ്ക്ക് പോച്ചയും അരുകിലേക്കു കൊടുക്കാൻ ചെന്നു. omഎനിക്കു പേടി തോന്നി. ഒട്ടകങ്ങൾ മനുഷ്യനെ ഉപദ്രവിക്കുന്ന ജീവി യാണോ...? ഉപദ്രവിക്കുന്നതാണെങ്കിൽ അവ എങ്ങനെയാണ് ശത്രുക്കളെ ആക്രമിക്കുന്നത്..? തൊഴിക്കുകയാണോ, കടിക്കുകയാണോ, കുത്തു കയാണോ, ചവിട്ടുകയാണോ...? ഒന്നും എനിക്കറിയില്ല. പക്ഷേ അവയുടെ മസറയ്ക്കുള്ളിൽ കയറി അതിനു വെള്ളവും പോച്ചയും കൊടുക്കണം. പേടിയാണെന്നു വിചാരിച്ചു പിന്മാറാൻ എനിക്കു സാധ്യത ഒന്നുമില്ലാ യിരുന്നു. കാരണം ഒട്ടകം എത്രയധികം ഉപദ്രവിക്കുന്ന ജീവിയാണ ങ്കിലും അതിനെക്കാൾ ഭീകരനായ ഒരു അർബാബ് കൂർത്ത കണ്ണുകളോടെ എന്റെ പിന്നാലെ ഉണ്ടായിരുന്നു. രണ്ടും കല്പിച്ച് ഞാൻ മസറയ്ക്കുള്ളി ലേക്കു കടന്നു. ഒട്ടകങ്ങളുടെ കാലുകൾക്കിടയിലൂടെ നടക്കുമ്പോൾ ഒരു ചവിട്ടോ അതിൻ്റെ കൺമുന്നിലൂടെ നടക്കുമ്പോൾ ഒരു കടിയോ പ്രതീക്ഷിച്ച് ഞാൻ വല്ലവിധേനയും വെള്ളവും പോച്ചയും കൊടുത്തു. സാഹചര്യം മനുഷ്യന്റെ എല്ലാ പേടികളെയും അസ്ഥാനത്താക്കുന്നു എന്ന് അന്നും പിന്നെ എത്രയോ അവസരങ്ങളിലും നേരിട്ടു പഠിക്കാൻ എനിക്ക് അവസര മുണ്ടായി. അന്നെന്തായാലും ഒട്ടകം എന്നെ ഒന്നും ചെയ്തില്ല. നാലു തൊട്ടിയിൽ വെള്ളം, നാലു തൊട്ടിയിൽ പോച്ച, രണ്ടു തൊട്ടിയിൽ ഗോതമ്പ്, മൂന്നു തൊട്ടി യിൽ കച്ചി ഇത്രയും മുഴുവൻ ഞാൻ തനിച്ച് ഒട്ടകത്തിനു വിളമ്പേണ്ടി വന്നു. അതു കഴിഞ്ഞപ്പോഴേക്കും എൻ നടു ശരിക്കും ഒടിഞ്ഞുപോയിരുന്നു. എന്നെ ഒന്നു സഹായിക്കാൻ നോട്ടംകൊണ്ടും ആംഗ്യംകൊണ്ടും യാചന കൊണ്ടും ഞാൻ ഭീകരരൂപിയോട് അഭ്യർത്ഥിച്ചു. അയാൾ സഹായിക്കാ നായി എഴുന്നേറ്റപ്പോഴൊക്കെ അർബാബ് അവനെ തടഞ്ഞു. ഞാൻ ചന്തി കഴുകാൻ ഇത്തിരി വെള്ളമെടുത്തതിന്റെ ശിക്ഷയായിരുന്നു അതെന്ന് അപ്പോഴേ എനിക്കു മനസ്സിലായുള്ളൂ. വർദ്ധിച്ച ക്ഷീണത്തോടെ ഞാൻ വീണ്ടും ഭീകരരൂപിയുടെ കട്ടിലിനടുത്തു പോയിരുന്നു. കിതപ്പും ക്ഷീണവും പതിയെ ഒടുങ്ങിയപ്പോൾ എനിക്കു 82     ബെന്യാമിൻ വിശക്കാൻ തുടങ്ങി. കുറച്ചു മുൻപ് ഭീകരരൂപി എനിക്കു തന്ന ഖുബൂസ്, കട്ടിലിനടിയിൽ ഇരിപ്പുണ്ടായിരുന്നു. പിന്നെ ഞാനൊന്നും ചിന്തിച്ചില്ല. ശൗച്യം ചെയ്യാതിരുന്നതിനെപ്പറ്റി ഞാൻ ആകുലപ്പെട്ടില്ല, വൃത്തിയെപ്പറ്റി ഞാൻ വേവലാതിപ്പെട്ടില്ല. ആ ഇരിപ്പിലിരുന്ന് മുഴുത്ത നാലു ഖുബൂസു കൾ ഞാൻ വെള്ളം മുക്കിയടിച്ചു. പിന്നെ ആർത്തിയോടെ രണ്ടുമൊന്ത വെള്ളം ഉള്ളിലേക്കു വീത്തി. തിന്നു കഴിഞ്ഞപ്പോൾ അർബാബ് എന്നെ കൂടാരത്തിനടുത്തേക്കു വിളിച്ച് എന്തൊക്കെയോ ഗുണദോഷിച്ചു. വഴക്കു പറഞ്ഞു. എല്ലാം ഞാൻ തല കുനിച്ചു നിന്ന് കേൾക്കുന്നതായും മനസ്സിലാവുന്നതായും അഭിനയിച്ചു. എനി ക്കൊന്നും മനസ്സിലായില്ലെങ്കിലും ചെയ്‌തുപോയ അപരാധത്തിന്റെ വലിപ്പം എനിക്കു ബോധ്യപ്പെട്ടു. ഇനി അല്പനേരം വിശ്രമസമയമാണ്. ഇത്തിരി തണലിനുവേണ്ടി ഞാൻ നാലുപാടും പരതി. എങ്ങും തണൽ എന്നൊരു വസ്തുവില്ല. വെയിൽ മാത്രം. കത്തുന്ന ചൂടു മാത്രം. ഇനി ഇത്തിരി തണലുള്ളത് അർബാബിന്റെ കൂടാര ത്തിനുള്ളിലാണ്. അയാളതു സുൽത്താൻ്റെ കൊട്ടാരംപോലെ ആരെയും അകത്തു കടത്താതെ സൂക്ഷിച്ചിരിക്കുകയാണ്. അതിനുള്ളിലേക്കു നൂണു കയറാൻ എനിക്ക് ധൈര്യം പോരായിരുന്നു. ഭീകരരൂപി വെയിലുണ്ടെന്ന നാട്യമേതുമില്ലാതെ മുഖത്തേക്ക് ഒരു തുണി വലിച്ചിട്ട് കട്ടിലിൽ നീണ്ടുനിവർന്നു കിടന്ന് നല്ല മയക്കമാണ്. അവൻ പൂതലിച്ച ശരീരത്തിൽ ആ വെയിലും ചൂടും ഒന്നും ഏശുന്നതേയില്ലെന്നു തോന്നി. തലയിൽ ഒരു തോർത്ത് മടക്കിയിട്ട് ഞാനും ആ കട്ടിലിനരികിൽ ചെന്നിരുന്നു. അല്പനേരം വെയിലുംകൊണ്ടിരുന്നപ്പോഴാണ് കട്ടിലിനടിയിൽ ഒരിത്തിരി തണൽ എന്റെ കണ്ണിൽ പെടുന്നത്. അത് അന്നേരം ലോകത്തിലെ ഏറ്റവും മഹത്തായ കണ്ടുപിടിത്തമായി എനിക്കനുഭവപ്പെട്ടു. ആവശ്യകതയും സാഹചര്യവുമാണ് ഒരു കണ്ടു പിടിത്തത്തിൻ്റെ മഹത്ത്വം നിർണ്ണയിക്കുന്നതെങ്കിൽ അതെന്നെ സംബന്ധിച്ചിടത്തോളം മറ്റേതു കണ്ടുപിടിത്തത്തേക്കാളും മഹത്തരംതന്നെയായിരുന്നു. അല്ലെങ്കിൽ എത്ര കാലമായി ആ ഭീകരരൂപി ഈ വെയിലത്തു കിടന്നു പൊള്ളുന്നു. ഇങ്ങനെയൊരു തണലിന്റെ സാധ്യത എന്തുകൊണ്ട് അവൻ കണ്ട ത്തിയില്ല. ആർത്തി നിറഞ്ഞ സന്തോഷത്തോടെ ഞാൻ കട്ടിലിനടിയി ലേക്കു നൂണു കയറി. നീണ്ടു നിവർന്നു കിടന്നു. മണ്ണിന് നല്ല ചൂടുണ്ടായി രുന്നെങ്കിലും ആ കിടപ്പിന് അതുവരെ അനുഭവിച്ചിട്ടില്ലാത്തത്ര സുഖമുണ്ടാ യിരുന്നു. ഒന്നു മയങ്ങിയെന്നു തോന്നുന്നു. അപ്പോഴേക്കും വിളി വന്നു. വീണ്ടും കാലത്തെ പോലെ ആടുകളെ ഓരോ സെറ്റുകളായി നടക്കാൻ കൊണ്ടു പോയി. അപ്പോഴാണ് ഞാൻ ആടുകളുടെയും മസറയുടെയും ഇനം തിരിവ് കുറേക്കൂടി ശ്രദ്ധിക്കുന്നത്. ഒരു മസറയിൽ മുഴുവൻ കറവയുള്ളവയാണ്.   83 ആടുജീവിതം   ഇനിയൊന്നിൽ ചനയേല്ക്കാനുള്ളതും മുട്ടനാടുകളും. മറ്റു ചിലതിൽ പല വലിപ്പത്തിലുള്ള, പല പ്രായത്തിലുള്ള കുട്ടിയാടുകൾ. ഇനിയൊന്നിൽ ചെമ്മരിയാടുകൾ. ഏറ്റവും ഒടുവിലത്തേതിൽ ഒട്ടകങ്ങളും. ആദ്യത്തെ സെറ്റ് ആടുകളെയുംകൊണ്ട് ഞങ്ങൾ പുറത്തുപോകുമ്പോൾ ഒട്ടകങ്ങളുടെ മസറയുടെ വാതിൽ തുറന്നുകൊടുത്തിരുന്നു. അവ സ്വയം അവയുടെ വഴിക്കു പോയി. അവസാന സെറ്റ് ആടുകളെയുംകൊണ്ട് മടങ്ങി വന്നപ്പോഴേക്കും ഒട്ടകങ്ങളും സ്വയം മടങ്ങിവന്നു. പിന്നെ ഉച്ചയ്ക്കത്തെ ജോലികൾ ആവർത്തിച്ചു. വെള്ളം, കച്ചി, പോച്ച, ഗോതമ്പ്.... ഭീകരൻ വലിയ ഒരു പാതവുമായി വന്നു. കറവയുള്ള ആടുകളുടെ മസറി യിൽ കയറി. കൂടെ ഞാനും ചെന്നു. ഓരോന്നിനെയായി കറന്നു. ഞാൻ നോക്കി നിന്നതേയുള്ളൂ. വല്ലാത്ത സീഡായിരുന്നു അവന്. ഒറ്റയിരിപ്പിന് ആ വലിയ തൊട്ടി നിറച്ചു. ഞങ്ങൾ ഇരുവരും ചേർന്ന് അതു പിടിച്ചു പുറത്തു കൊണ്ടുവച്ചു. വിലക്കാനാണെന്നാണ് ഞാൻ വിചാരിച്ചത്. അതിൽ കുറച്ച് അർബാബ് കോരിക്കുടിച്ചു. രണ്ടു കപ്പ് ഭീകരരൂപിയും. എന്നോടും ആവശ്യത്തിന് കുടിച്ചോളാൻ പറഞ്ഞെങ്കിലും അതിൻ്റെ മുശടുവാട കാരണം എനിക്കതിൽ തൊടാനേ തോന്നിയില്ല. ബാക്കി വന്ന പാൽ മുഴുവൻ എടുത്ത് ഏറ്റവും ഇളംപ്രായത്തിലുള്ള ആട്ടിൻകുട്ടികളുടെ മസറയ്ക്കുള്ളിൽ കൊണ്ടുചെന്നുവച്ചു. കാടി കുടിക്കാൻ കൂടുന്നതുപോലെ അവ തൊട്ടിക്കു ചുറ്റുംകൂടി ഒന്നിച്ചു തലയിട്ടു കുടിച്ചു. അപ്പോഴാണ് അങ്ങനെയൊരു കാര്യം എൻ്റെ ശ്രദ്ധയിൽ വരുന്നത് - പുതിയ ഓരോ കാര്യങ്ങൾ എൻ്റെ ബുദ്ധിയിലേക്കും കാഴ്ചയിലേക്കും കയറി വരു ന്നതേയുണ്ടായിരുന്നുള്ളൂ - പാൽ കുടിക്കുന്ന ആട്ടിൻകുട്ടികളെപ്പോലും തള്ളയോടൊപ്പമല്ല കൂട്ടിലിടുന്നത്. കുട്ടി വേറെ, തള്ള വേറെ. ഒരാട്ടിൻകുട്ടി യേയും തള്ളയുടെ മൂലയിൽനിന്നും നേരിട്ട് കുടിക്കാൻ അനുവദിക്കില്ല. എല്ലാ ത്തിനും കറന്നുകൊടുക്കുകയാണ്. അതും ഒന്നിച്ച്. ഒരു തൊട്ടിയിൽ. അപ്പോൾ ഏതമ്മയുടെ പാൽ ഏതു കുട്ടി കുടിക്കുന്നു...? മണംകൊണ്ടും രുചികൊണ്ടും സ്‌പർശനംകൊണ്ടുമല്ലേ ഒരു കുട്ടി അമ്മയെ തിരിച്ചറിയു ന്നത്. ആടായാലും പട്ടിയായാലും പശു ആയാലും മനുഷ്യനായാലും അങ്ങ നെത്തന്നെയാവണം. അപ്പോൾ ഒരാടിനും അതിന്റെ അമ്മയുമായി അല്ലെ ങ്കിൽ അതിന്റെ കുട്ടിയുമായി ഒരു ആത്മബന്ധമുണ്ടാകാതിരിക്കലാണോ ഈ കൂട്ടക്കുടിപ്പീരുകൊണ്ട് ഉദ്ദേശിക്കുന്നത്...? ആവോ ആർക്കറിയാം..? അതാണ് അറബികളുടെ രീതി. അല്ലെങ്കിൽ ഏറ്റവും കുറഞ്ഞത് എന്റെ അർബാബിൻ്റെ രീതി. അതനുസരിക്കാൻ ഞാൻ വിധിക്കപ്പെട്ടിരിക്കുന്നു. അതിനപ്പുറം എന്തെങ്കിലും ആലോചിക്കാനോ വേവലാതിപ്പെടാനോ എനി ക്കെന്തു കാര്യം..?! നിഴൽ ചാഞ്ഞു. സൂര്യൻ മരുഭൂമിയുടെ മടക്കുകളിലേക്കു താഴ്ന്ന പോയി. സന്ധ്യ വന്നു. ഇരുൾ വന്നു. അപ്പോഴേക്കും രാത്രിയിലത്തെ അർബാബും 84     ബെന്യാമിൻ എത്തി. അർബാബ് വണ്ടിയിൽനിന്ന് തീറ്റസാമാനങ്ങളും വെള്ളവും ഇറക്കി. പകലത്തെ അർബാബ് വണ്ടിയിൽ എന്തൊക്കെയോ പെറുക്കിവച്ച ശേഷം പോയി. രാത്രി അർബാബ് ഖുബൂസ് കൊണ്ടുവന്നിരുന്നു. കറിയൊന്നുമില്ല. വെറും ഖുബൂസ്. അങ്ങനെ എൻ്റെ ഇനിയുള്ള കാലത്തെ ഭക്ഷണക്രമം എനിക്ക് വേഗം പിടികിട്ടി. അതികാലത്ത് കറന്നെടുത്ത പാൽ പച്ചയ്ക്ക് മുലച്ചൂടോടെ. വേണമെങ്കിൽ മാത്രം. പ്രഭാതഭക്ഷണം ഖുബൂസ് പച്ചവെള്ളം. ഉച്ചഭക്ഷണം ഖുബൂസ് പച്ചവെള്ളം. വൈകുന്നേരം കറന്നെടുത്ത പാൽ പച്ച യ്ക്ക്. മുലച്ചൂടോടെ. വേണമെങ്കിൽ മാത്രം. രാത്രി ഭക്ഷണം ഖുബൂസും പച്ചവെള്ളവും. ഇടയ്ക്കിടെ ദാഹിക്കുമ്പോൾ ഇരുമ്പുടാങ്കിൽക്കിടന്നു പൊള്ളിവാടിയ പച്ച(ചൂടു) വെള്ളം. അതും വളരെ അത്യാവശ്യം തോന്നുന്ന ഘട്ടത്തിൽ മാത്രം. രാത്രിപ്പണികളെല്ലാം ഒതുക്കി ഭീകരരൂപി വന്നു കട്ടിലിൽ കിടന്നു. ഞാൻ വെറും നിലത്ത് ഒരു പുതപ്പുവിരിച്ചു. അർബാബ് കൂടാരത്തിലും. എന്തൊ ക്കെയോ ചോദിക്കണം എന്നൊക്കെ ഞാൻ വിചാരിച്ചിരുന്നതാണ്. പക്ഷേ കിടന്നതേയുള്ളൂ. ഒരഞ്ചു മിനിറ്റുകൾക്കകം ഭീകരരൂപിയിൽനിന്നും കൂർക്കം വലി ഉയർന്നു. ഞാൻ ഒറ്റയ്ക്കായി. എന്റെ ബാഗായിരുന്നു എന്റെ തലയിണ്. അതിൽ നിന്നും അച്ചാറിന്റെ ഗന്ധമുയർന്നു. പെട്ടെന്ന് ഞാനെൻ്റെ വീട്ടിലുള്ളവരെ ഓർമ്മിച്ചു. ഉമ്മയെ ഓർമ്മിച്ചു. സൈനുവിനെ ഓർമ്മിച്ചു. അവളുടെ വയറ്റിൽ വളരുന്ന എൻ്റെ പൊന്നുമോനെ (മോളെ) ഓർമ്മിച്ചു. ഞാനിവിടെ എത്തിയ വിവരമറിയാതെ അവരിപ്പോൾ വിഷമിച്ചിരിക്കുകയാവാം. അതോർത്തപ്പോൾ എനിക്കു സങ്കടം വന്നു. എൻ്റെ നെഞ്ച് വിങ്ങിപ്പതയുന്നതുപോലെ തോന്നി. എങ്ങനെ ഞാനവരെ എൻ്റെ വിവരങ്ങൾ അറിയിക്കും. സുഖമായി എത്തി ച്ചേർന്നു. സുഖമായിരിക്കുന്നു (?) എന്നെങ്കിലും. ഞാൻ ഹക്കീമിനെക്കുറിച്ചോർത്തു. അവനവിടെ എന്തു പണിയാണോ എന്തോ..? ഇന്നു പുറത്തെങ്ങും കണ്ടില്ല. ദൂരെ നിന്നു നോക്കുമ്പോൾ അവി ടെയും വലിയ ഒരു മസം ഉള്ളതുപോലെ. അവൻ്റെ സ്ഥിതിയും ഏറെ യൊന്നും മെച്ചമാവാൻ ഇടയില്ല. കഷ്ടം. എന്തെല്ലാം സ്വപ്‌നങ്ങളുമായി വിമാനം കയറിവന്നതാണ്. ഈ ചെറുപായത്തിൽത്തന്നെ ഈ കടുത്ത യാത നകൾ അവനെങ്ങനെ സഹിക്കും...? സാമ്പത്തിക സ്ഥിതിയൊന്നും ഇല്ലാത്തി വനല്ല. അവൻ്റെ ഉപ്പ കുറേക്കാലമായി ദുബായിലാണ്. അങ്ങോട്ടുകൊണ്ടു പോകാൻ ശ്രമിച്ചുകൊണ്ടിരുന്നപ്പോഴാണ് ഈ വിസക്കാര്യം വന്നത്. ശരി, നാട്ടിൽനിന്ന് നശിക്കാതെ നീ കേറിപ്പോ. അവിടത്തെ ജീവിതവും ഭാഷയും പഠിക്ക്. രണ്ടു വർഷം കഴിയുമ്പോ അല്ലെങ്കിൽ തരംകിട്ടിയാൽ അതിനിടയിൽ എപ്പോഴെങ്കിലും ദുബായ്ക്കു കടത്താം. അതായിരുന്നു അവൻ്റെ ഉപ്പ പറ ഞ്ഞത്. പാവം എങ്ങനെ സഹിക്കുന്നു ഈ ജീവിതം. എന്റെ കാര്യം പോട്ട്.   85   ആടുജീവിതം മണൽ വാരി കഠിനാധ്വാനം ചെയ്തു ജീവിച്ചവനാണ്. എനിക്കൊന്നും സാര മില്ല. അവൻ നാട്ടിൽ പിള്ളകളോടൊത്തു ചെത്തിപ്പൊളിച്ചു നടന്നവൻ. എന്തായിത്തീരുമോ എന്തോ..? എല്ലാം അള്ളാഹുവിൻ്റെ ഓരോ നടത്തി പ്പുകൾ. സഹിച്ചേ ആവണം. മറ്റെന്താണ് ഒരു വഴി...? വരും ദിവസങ്ങൾ കൂടുതൽ ദുസ്സഹമാകാനേ തരമുള്ളൂ. കരുണാമയനായ എന്റെ അള്ളാഹുവേ, ആ യാതനകൾ താണ്ടിപ്പോരാൻ എനിക്കും ഹക്കീമിനും വേണ്ടത്ര ശക്തിയും ബലവും തരേണമേ. പരിചയമില്ലാത്ത കിടപ്പുകാരണമാവണം, അന്നു രാത്രിയും ഏറെ വൈകിയാണ് ഞാനൊന്നു മയങ്ങിയത്. Indian Terminal.com86     പതിമൂന്ന് രണ്ടാം കഴിഞ്ഞ മരുഭൂമിദിനത്തിലേക്കു ഒരൊറ്റ ദിവസംകൊണ്ട് നേരം ഞാൻ പുലർന്നു. തളർന്നുപോയിരുന്നു. കാലത്ത് omഎഴുന്നേറ്റപ്പോൾ ദേഹത്തും കാലിനും കൈയിനും ഒക്കെ ഒരു വേദനയും കടച്ചിലും. ദിവസം മുഴുവൻ വെള്ളത്തിൽ മുങ്ങിക്കിടന്നു മണൽ വാരിയാൽ ഇല്ലാത്ത വേദനയായിരുന്നു അത്. വേദനയേക്കാളേറെ പണിക്കുശേഷം ഒന്നു കുളിച്ചു വൃത്തിയാവാൻ കഴിയാത്തതിന്റെ അസ്വസ്ഥതയായിരുന്നു കൂടുതൽ. ദിവസം മുഴുവൻ വെള്ളത്തിൽ കിടക്കുന്നവനായിരുന്നു ഞാൻ. എന്നാലും പണി കഴിഞ്ഞ് ഒന്നു കുളിക്കാതെ ഒരിക്കലും ഞാൻ കരയ്ക്കു കയറിയി ട്ടില്ല. ഇതുപക്ഷേ ദിവസം മുഴുവൻ വെയിലത്തു നടന്ന്, വിയർപ്പിറ്റി, ആടു കൾക്കിടയിലൂടെ നടന്നു നാറി, അവയുടെ മൂത്രവും കാട്ടവും പറ്റി അതേ പടുതിയിൽ കിടക്കേണ്ടി വന്നതിന്റെ അസ്വസ്ഥത. കക്ഷവും കാലിനിടയും ഒക്കെ ഒട്ടിപ്പിടിക്കുന്നതുപോലെ, അതിനിടയിൽ അർബാബിന്റെ ഒരു നാറിയ കുപ്പായം കൂടിയായപ്പോൾ പൂർണ്ണമായി. വിയർപ്പിൽ വിങ്ങിക്കുതിർന്ന ഷൂവിന്റെ കാര്യമാണെങ്കിൽ പറയാനുമില്ല. ആ അസ്വസ്ഥതയിലും വേദനയിലും അങ്ങോട്ട് എഴുന്നേറ്റിരുന്നതേയുള്ളൂ. ഭീകരരൂപി ഒരു അലൂമിനിയം പാത്രം എൻ്റെ കൈയിൽ വച്ചുതന്നു. പോയി ആടിനെ കറന്നുകൊണ്ടുവരാൻ കയ്യാംഗ്യത്തിലൂടെ നിർദ്ദേശിച്ചു. ആടിനെ കറക്കാൻ..?! ഈ ഞാനോ..? അപ്പോൾ സത്യത്തിൽ ഞാനനുഭവിച്ച ശൂന്യത. അറിവില്ലായ്മയുടെ ഒരു ഗർത്തതിൽ വീണതുപോലെ. എന്റെ നല്ല ജീവിതത്തിൽ ഞാനൊരു ആടിനെ അടുത്തു കണ്ടിട്ടില്ല. ശരി. നിങ്ങൾ അതിശയിക്കും. ഒരാടിനെ ഇതുവരെ അടുത്തു കണ്ടിട്ടി ല്ലെന്നോ..? നിങ്ങൾ ഏതു ദേശത്തുനിന്നാണ് വണ്ടി കയറി വന്നിരിക്കു ന്നത്..? ഉണ്ട്. ഞാനും നിങ്ങളും കണ്ടിട്ടുണ്ട്. ആട് എന്നാൽ മനുഷ്യൻ സാമൂഹിക ജീവിതം തുടങ്ങിയ കാലം മുതൽ - ബി. സി. ആറായിരം ഏഴായിരം കാലഘട്ടം മുതൽക്കുതന്നെ - മനുഷ്യനുമായി ഇണങ്ങി ജീവി ക്കുന്ന ഒരു ജീവി. നമ്മുടെ അയൽപക്കത്തെ മറിയുമ്മയും ജാനകിയമ്മയും വേലായുധൻ കുട്ടിയും പോറ്റിവളർത്തുന്ന ഒരു സാധുജീവി. ആടുകളെ കാണാൻ നല്ല അഴകാണ്. കുട്ടിയാടുകളെക്കണ്ടാൽ ആർക്കും എടുത്തൊന്നു   87   ആടുജീവിതം താലോലിക്കാൻ തോന്നും. അതു നമുക്കു പാല് തരും. കുട്ടികളെ തരും. കാട്ടം തരും. പാല് കുടിക്കാം. കുട്ടികളെ വ്യാഴാഴ്ചച്ചന്തയിൽ കൊണ്ടുപോയി വില്ക്കാം. കാട്ടം വാഴച്ചോട്ടിലിടാം. അതു ചപ്പുതിന്നും, പോച്ച തിന്നും, കാടി കുടിക്കും. ചീനയില തിന്നാൽ കട്ടുപിടിക്കും. പ്ലാവില തിന്നാൽ സന്തോ ഷിക്കും. അതിനപ്പുറം ആടുകളെക്കുറിച്ച് എനിക്കൊന്നും അറിയില്ല. ഒരു പക്ഷേ നിങ്ങൾക്കും. ആടുകളുടെ ജന്മദേശമേത്..? അതിൻ്റെ പൂർവ്വികരാര്..? എതതരം ആടുകളുണ്ട്. എന്തൊക്കെയാണ് ഓരോ വിഭാഗത്തിന്റെയും ഗുണ ഗണങ്ങൾ. ഇത്തരം വലിയ കാര്യങ്ങൾ ഒന്നും അറിവില്ലെന്നതുപോട്ടെ. ആടു കളെ സംബന്ധിച്ച ഏറ്റവും പ്രാഥമിക അറിവുകളിൽപ്പോലും ഞാൻ തീർത്തും ശൂന്യനാണ്. ആടിന്റെ അകിടിലെത മുലകളുണ്ട്, ആടിൻ്റെ കാലി ലെത കുളമ്പുകളുണ്ട്, ആടിൻറെ ഗർഭകാലമെത്ര, പ്രസവിച്ചുകഴിഞ്ഞാൽ എത്രകാലം പാൽ തരും? ഒരു തവണ എത്ര പാൽ ചുരത്തും? ഒരാടിനെ ഒരുദിവസം എത്രപ്രാവശ്യം കറക്കണം. ആടിനെ കറക്കുന്നത് എങ്ങനെ യാണ്..? എങ്ങനെ പീച്ചിയാലാണ്പാലു വരിക..? പശുക്കളെപ്പോലെ ആടു കളും പിൻകാലുകൾകൊണ്ടാണോ തൊഴിക്കുന്നത്? അതോ കുതിരകളെ പ്പോലെ മുൻ കാലുകൾകൊണ്ടോ...? അതു തൊഴിച്ചാൽ എങ്ങനെ ഒഴിഞ്ഞു മാറും? ഒന്നും എനിക്കറിഞ്ഞുകൂടായിരുന്നു. അറിയാൻ ഞാൻ ആരോടും ഒരിക്കലും ആടുകളെപ്പറ്റി അന്വേഷിച്ചിട്ടില്ല. ആരും എന്നോട് പറഞ്ഞിട്ടുമില്ല. ഇതാണ് എനിക്കായി ഇവിടെ ഒരുക്കപ്പെട്ടി രിക്കുന്ന തൊഴിലെന്നു നേരത്തെ അറിഞ്ഞിരുന്നെങ്കിൽ എല്ലാം കണ്ടറിഞ്ഞു മനസ്സിലാക്കാമായിരുന്നു. എന്റെ രണ്ടുവീടപ്പുറത്തെ ജാനകിയമ്മയ്ക്കു മൂന്ന് ആടുകൾ ഉണ്ട്. ഞാനവയെ കണ്ടിട്ടുണ്ട്. വഴിവക്കിലും പറമ്പിലുമൊക്കെ പുല്ലുകടിച്ചു നില്ക്കുന്നത്. അതിൻ്റെ കുട്ടികൾ അവിടവിടെ തുള്ളിച്ചാടി നടക്കുന്നത്. അതു കറവയുള്ളതായിരിക്കണം. അറിഞ്ഞിരുന്നെങ്കിൽ അവിടെപ്പോയി ആടിനെ കറക്കാൻ പഠിച്ചിട്ടു വരാമായിരുന്നു. പക്ഷേ ഞാനി വയെ ഒന്നു ശ്രദ്ധിച്ചിട്ടുപോലുമില്ല. നമുക്കു ചുറ്റും അങ്ങനെ എത്രയെതി ജീവികൾ ജീവിച്ചുപോകുന്നു. ഇനി ഇപ്പോ പശുവിനെ വളർത്താനായി രുന്നെങ്കിലും പട്ടിയെ നോക്കാൻ ആയിരുന്നെങ്കിലും കുതിരയെ വളർ ത്താനായിരുന്നെങ്കിലും സ്ഥിതി ഏറെയൊന്നും മെച്ചമാവാനിടയില്ല. നാം അവയെ ഒന്നും ശ്രദ്ധിക്കുന്നതുകൂടിയില്ല എന്നതാണ് കാരണം. ഒരാവശ്യം വരുമ്പോൾ മാത്രമാണ് നാം അവയെപ്പറ്റി ആലോചിക്കുന്നത്. നോക്കാ മായിരുന്നു, പഠിക്കാമായിരുന്നു, മനസ്സിലാക്കാമായിരുന്നു എന്നൊക്കെ വിചാരിക്കുന്നത്. പ്രകൃതിയിലേക്ക് നിരന്തരം കണ്ണുകൾ തുറന്നുവയ്ക്കേ ണ്ടതിന്റെ ആവശ്യം എനിക്കിപ്പോൾ മാത്രമാണ് ബോധ്യപ്പെട്ടത്. പൂർണ്ണ മായും ഒരാവശ്യത്തിലേക്കു വീണുകഴിഞ്ഞശേഷം മാത്രം. പിന്നെന്താണ് ചെയ്യുക? എല്ലാവരും ചെയ്യുന്നതും അതുകൊണ്ടുതന്നെ വിജയിക്കാൻ ഏറെ പ്രയാസപ്പെടേണ്ടി വരുന്നതുമായ ആവശ്യത്തിൽനിന്നു കാര്യങ്ങൾ സ്വയം ഗ്രഹിച്ചെടുക്കുക എന്ന നിലയിൽ ഞാൻ എത്തിച്ചേർന്നു. ഞാൻ 88     ബെന്യാമിൻ പാൽപ്പാത്രവുമായി മസറയ്ക്കുള്ളിലേക്കു കയറി. ഒരാടിൻ്റെ അടുത്തു ചെന്നു. നാട്ടിലാണെങ്കിൽ കറക്കുന്നതിനു മുൻപ് പശുവിന്റെയും മറ്റും അകിട് കഴുകുന്നതു ഞാൻ കണ്ടിട്ടുണ്ട്. ഇവിടെപ്പിന്നെ ആർക്കും കുളിയും നനയും ഒന്നുമില്ലാത്തതുകൊണ്ട് കഴുകൽ വേണ്ട. പതിയെ ഒരാടിന്റെ പിന്നിൽ ചെന്നി രുന്നു പാത്രം അകിടിനോടു ചേർത്തുപിടിച്ചു. പിന്നെ മുലയിൽ പിടിച്ചൊരു വലി. പാൽ ഒരു തുള്ളിപോലും വന്നില്ലെന്നു മാത്രമല്ല, ആട് എന്നെയും പാത്രത്തിനെയും തട്ടിമറിച്ചിട്ടുകൊണ്ട് മറ്റ് ആടുകൾക്കിടയിലൂടെ കുതറി ഓടുകയും ചെയ്തു. വൈകിളിപിടിച്ച ആ ഓട്ടം കണ്ടു മറ്റാടുകളും മസറ യ്ക്കുള്ളിൽ തലങ്ങനെയും വിലങ്ങനെയും ഓടാൻ തുടങ്ങി. അതി ലൊരെണ്ണം വീണുകിടന്ന എന്റെ മുതുകിനു ചവിട്ടിക്കൊണ്ടാണ് ഓടിയത്. അതു ശരിക്കും ഏറ്റു. ഞാൻ പുളഞ്ഞുപോയി. ഞാൻ വല്ലവിധേനയും എഴുന്നേറ്റ് ഓട്ടം നിറുത്തിയ മറ്റൊരാടിൻറെ മൂട്ടിൽ ചെന്നിരുന്നു. അതിൻ്റെ മുലയിൽ തൊട്ടപ്പോഴേക്കും അതു ചാടി ഓടിക്കഴിഞ്ഞിരുന്നു. അടുത്തി ഒന്നിനെ കറക്കാൻ നോക്കി അതും ഓട്ടംതന്നെ. ഇങ്ങനെ ഓടിക്കളിക്കുന്ന ആടിനെ എങ്ങനെ കറക്കാനാണ്, എന്റെ പടച്ചോനേ... ഞാൻ ആ മസറ യ്ക്കുള്ളിൽ നിന്നു വിഷമിച്ചുപോയി. പിന്നെയും ഞാൻ വർദ്ധിച്ച വീര്യത്തോടെ ഒരാടിനെ കറന്നിട്ടുതന്നെ കാര്യം എന്ന വാശിയോടെ അടുത്ത ആടിൻ്റെ മൂട്ടിൽ ചെന്നിരിക്കും. അത് അതിന്റെ പാട്ടിനു പോകും. പിന്നെയും മറ്റൊരാടിനെ നോക്കും. അത് അതിന്റെ പാട്ടിന് ഓടും. ഏതാണ്ട് അരമണിക്കൂറിനു ശേഷം അർബാബും ഭീകരരൂപിയും കൂടി ഞാൻ കറന്നെടുത്ത പാലിൻ്റെ അളവുനോക്കാനായി മസറയ്ക്കുള്ളിലേക്കു കയറി വന്നപ്പോഴും എന്റെ പാത്രത്തിൽ ഒരു തുള്ളി പാൽപോലും വീണിട്ടുണ്ടായിരുന്നില്ല എന്നുമാത്രമല്ല, അപ്പോഴും ഞാൻ ആടുകളുടെ മൂട്ടിൽക്കിടന്നു തവളച്ചാട്ടം നടത്തത്തുകയായിരുന്നു. എൻ്റെ ആ ചാട്ടവും പടുതിയും കണ്ട് അർബാബ് എന്തോ പുലഭ്യം പറ ഞ്ഞിട്ട് കൂടാരത്തിലേക്കു പോയി. ഭീകരരൂപി എൻ്റെ അടുത്തേക്കു വന്ന് എന്റെ കയ്യിൽനിന്നും പാത്രം പിടിച്ചു വാങ്ങി. പിന്നെ എങ്ങനെയാണ് ഒരാ ടിനെ കറക്കാൻ സമീപിക്കേണ്ടത് എന്നു കാണിച്ചു തന്നു. ഒരാടിനെ കറക്കാൻ ഒരിക്കലും അതിന്റെ പിന്നിലൂടെ ചെല്ലരുത്. മുന്നി ലൂടെ വേണം ചെല്ലാൻ. ചെന്നാലുടൻ കറക്കാൻ തുടങ്ങരുത്. പതിയെ അതിന്റെ കവിളിലും ചെവിയിലും തലയിലും തലോടി ഒരു കുട്ടിയെ എന്ന പോലെ ഒന്നു ലാളിക്കണം. പുറത്ത് ഒന്നു തടവണം. മുതുകിന് ഒന്നു തട്ടണം. പിന്നെ പതിയെ അതിൻ്റെ അടുത്ത് ഏതെങ്കിലും ഒരുവശത്തായി ഇരിക്കണം. അടിവയറ്റിൽ രണ്ടുമൂന്നു തവണ തടവണം. പിന്നെ പതിയെ മുലയിൽ ഒന്നു തൊടണം. ആട് ഒന്നു ഞെളിപിരി കൊള്ളും. മനുഷ്യനു മാത്രമല്ല, ആടു കൾക്കുമുണ്ട് ഇക്കിളി. ഒരു കന്യകയുടേതെന്നപോലെ. പതിയെ അതിന്റെ മുലയിൽ പിടിച്ചു തലോടി അതിന്റെ ഇക്കിളി മാറ്റണം. നാട്ടിലാണെങ്കിൽ   89 ആടുജീവിതം   ഈ പണികളെല്ലാം അതിന്റെ കുട്ടി ചെയ്തോളും. അമ്മയും കുഞ്ഞും തമ്മി ലുള്ള അഗാധമായ സ്നേനേഹത്തിന്റെ ചേർന്നുരുമ്മലുകളിൽ ഇക്കിളി മാറി ചുരത്തിത്തുടങ്ങുന്ന മുല കറന്നാൽ മാത്രം മതി. ഇവിടെ ഇക്കിളി മാറ്റാനും ചുരത്തൽ തുടങ്ങാനും കുട്ടികളില്ല. അതുകൊണ്ട് ആ പണികൂടി നാം തന്നെ ചെയ്യണം. ഇക്കിളി മാറി എന്നുറപ്പായാൽ തള്ളവിരലും ചൂണ്ടുവിരലും ചേർത്തുപിടിച്ച് മുകളിൽ നിന്ന് താഴേക്കു മുല പതിയെ പീച്ചണം. അതൊ രിക്കലും വേദനിപ്പിക്കുന്ന തരത്തിലാവരുത്. എന്നാൽ പാൽ വരാൻ പാക ത്തിൽ മുറുക്കെയും ആയിരിക്കണം. വളരെപ്പതിയെ മാത്രം ശീലിച്ചെടുക്കാ വുന്ന ഒരു പാകമാണത്. ആ പാകത്തിന്റെ തിട്ടമാണ് ഒരു കറവക്കാരൻ ജോലിമൂല്യം. പാത്രം ഒരു കയ്യിൽ വച്ചിട്ട് മറുകൈകൊണ്ട് ഒരിക്കലും കറക്കാൻ ശ്രമി ക്കരുത്. നല്ലൊരു ശീലമല്ലത്. പാത്രം നിലത്തു വയ്ക്കണം. ഒരു കൈകൊണ്ടു പീച്ചുമ്പോൾ മറുകൈകൊണ്ടു പതിയെ മുല ഒന്നു തടവിക്കൊടുക്കണം. ഏതു ചാട്ടക്കാരി ആടും അവിടെ നില്ക്കും. നമ്മളെ തൊഴിക്കില്ല, ചാടില്ല, പാത്രം തട്ടിമറിക്കില്ല, ഒന്നുമില്ല. ആ സുന്ദരമായ കാഴ്ച, ഭീകരരൂപി ആടിനെ മെരുക്കിയെടുത്തു കറക്കുന്ന കാഴ്‌ച ഞാൻ അതിശയത്തോടെ നോക്കി നിന്നുപോയി. അതുവരെ എൻ്റെ മുന്നിൽ ചാടി മറിഞ്ഞ ആടുകളുടെ മേടൊക്കെ എവിടെപ്പോയെന്നു സത്യമായും ഞാൻ അതിശയപ്പെട്ടുപോയി. കുറേ ആടുകളെ കറന്നശേഷം ഭീകരരൂപി പാത്രം എന്റെ കയ്യിൽ തന്നു. ഞാൻ പതിയെ അയാൾ ചെയ്തതൊക്കെ അതുപോലെ ചെയ്തു. തീർച്ച യായും ആ പ്രവൃത്തികൾക്ക് അനുകരണത്തിന്റെ വലിയ ദോഷമുണ്ടായി രുന്നു. ആ ചേഷ്ടകളൊക്കെ ഒരു മൃഗസ്നേഹിയിൽനിന്നും സ്വാഭാവികമായി ഉരുത്തിരിഞ്ഞു വരേണ്ടതാണെന്നും അതുപോലെ ഗ്രഹിച്ചെടുക്കാൻ മൃഗ ങ്ങൾക്കു കഴിയുമെന്നും പിന്നീട് എപ്പോഴോ ആണ് ഞാൻ മനസ്സിലാ ക്കുന്നത്. അതിലൊക്കെ പ്രധാനപ്പെട്ട കാര്യമാണ് ആടുകളുമായുള്ള നിത്യ പരിചയം. തന്റെ മുലയിൽ ദിവസേന തൊടുന്ന കൈ മാറിയാൽ അത് ആടിനു തിരിച്ചറിയാമെന്നാണ് പറയുന്നത്. എന്നിട്ടും ഒരാടിനെ മെരുക്കി ഞാൻ അതിന്റെ മുലയിൽ കൈവച്ചു. എന്റെ പാൽപ്പാത്രത്തിലേക്ക് ആദ്യത്തെ തുള്ളി പാൽ ചീറ്റിവീണപ്പോൾ ഞാനനു ഭവിച്ച നിർവൃതി അതെതയെന്നു പറഞ്ഞറിയിക്ക വയ്യ. എന്തോ ഒരു വലിയ തൊഴിലിനുള്ള പരിശീലനം ഞാൻ കരസ്ഥമാക്കിയതുപോലെ. ഇനി മേലിൽ എന്റെകൂടി സംരക്ഷണയിൽ വളരേണ്ട ആടുകളിൽ ഒന്ന് ഒരു കൈപരിധി ക്കുള്ളിൽ വന്നിരിക്കുന്നു. ബാക്കിയുള്ളവ ഇതിന്റെ പിന്നാലെ വന്നുകൊള്ളും. വല്ലവിധത്തിലും അന്ന് അരപ്പാത്രം പാൽ കറന്നെടുത്തു മസറയ്ക്ക് പുറ ത്തിറങ്ങിയപ്പോഴേക്കും ഒരു വലിയ കഠിനാധ്വാനം കഴിഞ്ഞിട്ടെന്നപോലെ ആ പ്രഭാതത്തിലും ഞാൻ വിയർത്തു കുളിച്ചിരുന്നു. 90     പതിനാല് ആടുകളെ ഏറെ വ്യത്യസ്തമല്ലാത്ത നടത്താൻ കൊണ്ടുപോകാൻ മറ്റൊരു പകൽകൂടി ഭീകരരൂപി അസ്തമിച്ചു. എന്നെ പല അതിനിടെ രീതിയിൽ omപരിശീലിപ്പിച്ചു. ആടുകൾക്കു പിന്നിൽ നിന്നു തെളിക്കാതെ വശങ്ങളിൽ നിന്നു തെളിക്കാനും മുന്നോട്ടു കുതിച്ചോടാൻ ശ്രമിക്കുന്നവയെ അടിച്ചു മെരുക്കാനും അവൻ കാണിച്ചുതന്നു. ഓരോ മസറയിലും ഓരോ പ്രാവ ശ്യവും ഇടേണ്ട ഗോതമ്പിൻ്റെയും കച്ചിയുടെയും പോച്ചയുടെയും അളവ് പറഞ്ഞുതന്നു. പകലിനു കഴിഞ്ഞ ദിവസത്തെക്കാൾ ചൂടുണ്ടായിരുന്നു എന്നു തോന്നുന്നു. പത്തടി നടക്കുമ്പോഴേക്കും തൊണ്ട വരളുന്നതുപോലെ. ഇരുമ്പുടാങ്കിൽ ക്കിടന്നു തിളച്ചുവാടിയ വെള്ളം കുടിക്കുമ്പോൾ തൊണ്ട് കൂടുതൽ കത്തുന്നതുപോലെ. തന്നെയുമല്ല ആ വാട്ടവെള്ളം നിറുത്താതെ കുടിച്ചു എൻ്റെ വയറ് കേടാവുകയും ചെയ്തു. അന്നേദിവസം പ്രഭാത ഭക്ഷണത്തിനുശേഷം എത്ര തവണയാണ് ഞാൻ വെളിക്കിറങ്ങിയതെന്ന് എനിക്കുതന്നെ അറിയില്ല. തലേദിവസത്തെ ജാള്യതയൊക്കെ മാറി ഞാൻ പരസ്യമായി പൊതു ഇടത്തിൽതന്നെ വെളിക്കിരുന്നു. എവിടെ വച്ച് മുട്ടിയോ അവിടെ. വെള്ളംകൊണ്ടു കഴുകാൻ ശ്രമിച്ച് അർബാബിന്റെ അടികൊള്ളു ന്നതിനു പകരം എൻ്റെ വൃത്തിയാക്കൽ കല്ലുകൊണ്ടായി. ഓരോ ദേശത്തും ഏറ്റവും സുലഭമായ വസ്തുക്കൾകൊണ്ട് അതു സാധിക്കുകയാണ് അതിൻ്റെ യൊരു രീതിയെന്നു ഞാൻ നിരൂപിച്ചു. ഇംഗ്ലീഷുകാർക്ക് ഏറ്റവും എളുപ്പം കിട്ടാവുന്നതു പേപ്പർ കഷണമാണ്. അവരതുകൊണ്ടു വൃത്തിയാക്കുന്നു. നമുക്കു വെള്ളം. അതുകൊണ്ടു മാത്രം നമ്മൾ വെള്ളംകൊണ്ടു വൃത്തിയാ ക്കുന്നു. എനിക്കിപ്പോൾ സുലഭം കല്ലായിരുന്നു. കല്ലെങ്കിൽ കല്ല്. അതായി രുന്നു അപ്പോഴത്തെ എന്റെ നിലപാട്. ഉച്ചതിരിഞ്ഞപ്പോൾ വല്ലാത്ത ആവിയായിരുന്നു. ദേഹം മുഴുവൻ പുഴുങ്ങു ന്നതുപോലെ. തളർച്ചയും കൂടി. വയറിളക്കത്തിൻ്റെ ക്ഷീണംകൂടിയായപ്പോൾ പൂർണ്ണമായി. കാര്യങ്ങൾ ഞാൻ അർബാബിനോടും ഭീകരരൂപിയോടും വിവ രിച്ചു. പക്ഷേ എന്റെ വേലയ്ക്ക് ഒരു കുറവും സംഭവിച്ചില്ല. ക്ഷീണവും തളർ ച്ചയും ഒന്നും അർബാബ് ശ്രദ്ധിച്ചതുകൂടിയില്ല. പണിയോടു പണി മാത്രം.   91   ആടുജീവിതം വൈകുന്നേരമായപ്പോഴേക്കും കഞ്ഞിപ്പശ വീണതുപോലെ ദേഹം ഒട്ടുന്നുണ്ടായിരുന്നു. ഒന്നു കുളിക്കാഞ്ഞിട്ട് പറഞ്ഞറിയിക്കാൻ വയ്യാത്ത അസ്വസ്ഥതയും പുകച്ചിലും. ആടുകൾക്കു കുടിക്കാൻ കൊണ്ടുപോയ വെള്ള ത്തിൽ ഇത്തിരി അർബാബ് കാണാതെ എടുത്തു ഞാൻ മുഖവും കയ്യും ഒന്നു കഴുകിയെന്നു വരുത്തി. എന്നാലും വെള്ളം തൊടാത്ത ദേഹത്തി ന്റെയും കക്ഷത്തിൻ്റെയും ഗൃഹ്യപ്രദേശത്തിന്റെയും അസ്വസ്ഥത, അസ്വ സ്ഥത തന്നെയായിരുന്നു. എല്ലാം സഹിച്ചാണ് ഞാൻ കിടക്കയിലേക്കു പോയത്. കിടക്ക എന്നു പറയുമ്പോൾ പെട്ടെന്ന് എനിക്കെന്തോ കിടക്ക കിട്ടി എന്നൊന്നും വിചാ രിച്ചു കളയല്ലേ. എന്റെ ഇപ്പോഴത്തെ കിടക്ക വെറും നിലത്തു പൂഴിമണ്ണാണ്. ആകെ ഒരു കട്ടിലുള്ളതു ഭീകരരൂപി കൈവശപ്പെടുത്തിയിരിക്കുന്നു. അതിനടിയിൽ എന്റെ ബാഗുണ്ട്. അതിൽനിന്നു ഞാൻ ഒരു പുതപ്പ് വലിച്ചെടുക്കും. നില മണ്ണിൽ വിരിക്കും - ഇപ്പോൾത്തന്നെ അതു മുഷിഞ്ഞുകഴിഞ്ഞിരിക്കുന്നു. എന്നാലും - നിലത്തു നല്ല പൊടിമണൽ ഉണ്ടെങ്കിലും ഇടയ്ക്കിടെയുള്ള ചെറുകല്ലുകൾ ദേഹത്തു കൊണ്ടുകയറും. സുഖമില്ലാത്ത ഒരു കിടപ്പ്. അല്ലെങ്കിൽത്തന്നെ അത്തരമൊരു സാഹചര്യ ത്തിൽ ഏതെങ്കിലും ചെറുസുഖമെങ്കിലും പ്രതീക്ഷിക്കുന്ന ഞാൻതന്നെ യാണ് മണ്ടൻ. ഏറെ ക്ഷീണമുണ്ടെങ്കിലും കിടപ്പിന് ഒരു സുഖമില്ലെങ്കിൽ എനിക്ക് ഉറക്കം വരില്ല. ഞാൻ വെറുതെ ചിന്തിച്ചു കിടന്നു. സത്യത്തിൽ ആ ചിന്ത യിൽ പെട്ടെന്ന് നാടും വീടും സൈനുവും ഉമ്മയും എൻ്റെ പിറക്കാൻ പോകുന്ന മകനും/മകളും ഒക്കെ കടന്നുവരേണ്ടതാണ്. സങ്കടങ്ങളും ആധികളും കടന്നുവരേണ്ടതാണ്. ജീവിതവും വിധിയും കടന്നുവരേണ്ട താണ്. പക്ഷേ എന്തോ, മരിച്ച് മറുലോകത്ത് എത്തിക്കഴിഞ്ഞവനെപ്പോലെ ആ ചിന്തകൾ ഒക്കെ എനിക്ക് അന്യപ്പെട്ടുപോയിരുന്നു. അത്രയും പെട്ടെന്നോ എന്നു നിങ്ങൾ ആകാംക്ഷപ്പെട്ടേക്കാം. അതെ എന്നാണ് എന്റെ ഉത്തരം. ബന്ധപ്പെടുവാൻ സാഹചര്യവും അവസരവും ഇല്ലാതായി എന്നു പൂർണ്ണമായും ബോധ്യപ്പെടാൻ എടുക്കുന്ന കാലതാമസമാണ് നമ്മെ പലപ്പോഴും അതേ ചിന്തയിൽ തളച്ചിടുവാൻ പ്രേരിപ്പിക്കുന്നത്. എനിക്കത് ഒരു ദിവസംകൊണ്ടു ബോധ്യപ്പെട്ടു എന്നേയുള്ളൂ. ആകുലപ്പെട്ടിട്ടും ആശ ങ്കപ്പെട്ടിട്ടും ഒരു കാര്യവുമില്ല. ആ ലോകം എനിക്കന്യമായിക്കഴിഞ്ഞിരി ക്കുന്നു. ഇനി എനിക്ക് എൻ്റെ പുതിയ ലോകം. ഈ ലോകത്തിന്റെ വ്യവ സ്ഥകൾക്കു ഞാൻ വിധിക്കപ്പെട്ടിരിക്കുന്നു. അതിന്റെ ആകുലതകളിലേക്കു ഞാൻ ആ വീണിരിക്കുന്നു. ഇനി ആ ജീവിതദുരന്തങ്ങളോടു പരമാവധി താദാത്മ്യപ്പെടുക എന്നതാണ് ഏറ്റവും അഭികാമ്യം. അത്രമാത്രമാണ് വല്ല വിധേനയും ജീവിതം തുടരാനുള്ള ഏക മാർഗ്ഗം. ഇല്ലെങ്കിൽ ആകുലതകൾ പെരുകിയോ സങ്കടങ്ങളിൽ മുങ്ങിയോ ഞാൻ എവിടെയെങ്കിലും വീണടിഞ്ഞു 92     ബെന്യാമിൻ ഓരോ പോകുമായിരുന്നു. എന്നെപ്പോലെ ഇവിടെ അകപ്പെട്ടുപോയി മനുഷ്യനും ഇങ്ങനെയൊക്കെയാവാം ജീവിതത്തെ അതിജീവിച്ചത് അല്ലേ..?! എങ്കിൽപ്പിന്നെ ആ രാത്രി ഞാൻ എന്തിനെപ്പറ്റിയാവും ഓർത്തുകിടന്ന തെന്നു നിങ്ങൾക്ക് ഊഹിക്കാനാവുമോ..? പിറ്റേന്നു കാലത്തു മസറ യിലെത്തി ആടിനെ കറക്കുന്നതിനെപ്പറ്റി. ഭീകരരൂപി മെരുക്കുന്നതുപോലെ ആടുകളെ മെരുക്കിയെടുത്ത് ഒരു പാത്രം നിറയെ പാലുമായി മസറ യിൽനിന്നു പുറത്തുവരുന്നതും അതുകണ്ട് അർബാബിന്റെ മുഖം തെളി യുന്നതും. ഞാൻ ഒറ്റയ്ക്ക് ഒരു മസറയിലെ ആടുകളെ നടത്താൻ കൊണ്ടു പോയി തിരികെ വരുന്നത്. ഈ സ്വപ്നങ്ങളൊക്കെ എങ്ങനെ യാഥാർത്ഥ്യ മാക്കാം. അതിനുവേണ്ടി എന്തൊക്കെ മുൻകരുതലുകൾ എടുക്കണം. ഇന്നത്തെ എൻ്റെ പിഴവുകൾ എന്തൊക്കെയായിരുന്നു. അതെങ്ങനെ തിരുത്താം. ഞാൻ ഇന്നലെകളെക്കുറിച്ച് വ്യാകുലപ്പെടുകയോ നാളെകളെക്കുറിച്ച് ആകാംക്ഷപ്പെടുകയോ ചെയ്തില്ല. ഇന്നിനെ എങ്ങനെ നേരിടാം എന്നുമാത്രം ചിന്തിച്ചു. എൻ്റെ മസറജീവിതം മുഴുവൻ അങ്ങനെയായിരുന്നു എന്നു തോന്നുന്നു. അതേ കിടപ്പിൽ കിടന്നു ഞാൻ അതുവരെ പഠിച്ചെടുത്ത അറബിവാക്കു കളും അവയുടെ അർത്ഥങ്ങളും ഒന്നു വേർതിരിച്ചെടുക്കാൻ ശ്രമിച്ചു ദിവസം രണ്ടേ ആയിട്ടുള്ളൂ. പക്ഷേ അതിനകം ആവശ്യത്തിലധികം വാക്കുകൾ ഞാൻ പഠിച്ചു കഴിഞ്ഞു എന്ന് എനിക്കു തോന്നി. ഞാൻ പഠിച്ച അറബിവാക്കുകളും അവയ്ക്കുള്ള അർത്ഥങ്ങളും: അർബാബ് - രക്ഷകൻ മസറ - ആടുകളുടെ കിടപ്പാടം ഖുബുസ് - എനിക്കവിടെ കിട്ടാവുന്ന ഒരേയൊരു ആഹാരം മായിൻ - ഏറ്റവും ദുർലഭവും വളരെ സൂക്ഷിച്ച് ഉപയോഗിക്കേണ്ടതു മായ ഒരു ദ്രാവകം. (അതിനെ വെറുതെ വെള്ളം എന്നു വിശേഷിപ്പിച്ച് കേരളീ കരിക്കല്ലേ. നമുക്കു വെള്ളത്തിനോടു തോന്നുന്ന നിസ്സാരത്വമല്ല അർബാ ബിന് മായിനോടുള്ളത്.) ഗനം - ആട്, ഹലീബ് - പാൽ, തിബിൻ - പോച്ച, ബർസി - കച്ചി, ജമൽ ഒട്ടകം ലാ - ഇല്ല, ജീഹാം - ശരി അർബാബ്, യാ അള്ളാ - പോയി തൊലയ്... എനിക്കറിയാവുന്ന വാക്കുകൾ അത്രയും ഓർത്തുകഴിഞ്ഞപ്പോഴാണ് എനിക്കറിയാത്തതും എന്നാൽ അറിയേണ്ടുന്നതുമായ വാക്കുകളാണല്ലോ കൂടുതൽ എന്നു ഞാനറിയുന്നത്. കേൾക്കുക. ഗോതമ്പ്, പാത്രം, ടാങ്ക്, കാറ്, തോക്ക്, മരുഭൂമി, ഉടുപ്പ്, കുളി, തൂറൽ, വയറിളക്കം, അടി, ദേഷ്യം, ശകാരം, 93     ആടുജീവിതം കൂടാരം. പിന്നെ ഒട്ടനവധി ക്രിയാപദങ്ങളും, വന്നു, പോയി, ചെയ്‌തില്ല, അറി യില്ല എന്നിങ്ങനെ ഞാനിവിടെ പറഞ്ഞ അറബിവാക്കുകളുടെ ഒക്കെ ഉച്ചാരണവും അർത്ഥവും ഒക്കെ ഇങ്ങനെത്തന്നെയാണോ എന്നു നിങ്ങളിലെ അറബി വിദഗ്ദ്ധൻ സംശയമുന്നയിച്ചാൽ, സത്യത്തിൽ എനിക്കറിയില്ല എന്നതാണ് എന്റെ ഉത്തരം. ഞാനവയെ അങ്ങനെയാണ് കേട്ടത്. ഞാനവയെ അങ്ങനെ യാണ് മനസ്സിലാക്കി പഠിച്ചത്. ആ ശബ്ദങ്ങളിൽനിന്ന് അതിനൊരു അർത്ഥം കല്പിച്ചെടുക്കാൻ എനിക്കു കഴിഞ്ഞു. അതുകൊണ്ട് എന്നെ സംബന്ധി ച്ചിടത്തോളം അതാണ് ശരിയായ വാക്ക്. ശരിയായ ഉച്ചാരണം. അല്ലെങ്കിൽ ത്തന്നെ ഒരു വാക്കിലെന്തിരിക്കുന്നു. മനസ്സിലാക്കലാണ് മുഖ്യം. ഈ വാക്കുകൾകൊണ്ട് അർബാബ് പറയുന്നത് എനിക്കു മനസ്സിലായി. ഞാൻ പറയുന്നത് അർബാബിനും. അതിനപ്പുറം ഭാഷാനിപുണത മറ്റൊരു സഹാ യവും എനിക്കു ചെയ്തിട്ടില്ല. ഓർത്തും ചിന്തിച്ചും കിടന്ന് നേരം അങ്ങനെ ഒഴുകിപ്പോയി. ദേഹത്തു നിന്ന് വേദന എവിടേക്കോ അപ്രത്യക്ഷമായി. ക്ഷീണത്തിനൊപ്പം ഉറക്കം ശരീരത്തിനെ വന്നുപൊതിഞ്ഞു. പിന്നെ ഗാഢമായ ഉറക്കം. തീർച്ചയായും അപ്പോൾ ഏതാണ്ടു പാതിരായെങ്കിലും പിന്നിട്ടിരിക്കണം. അതുകഴിഞ്ഞ തൊന്നും എനിക്കോർമ്മയില്ല. നേരം നന്നേ വെളുത്തത്തുകഴിഞ്ഞപ്പോഴാണ് ഞാൻ ഉണരുന്നത്. എനിക്കും ഏറെ മുൻപേ സൂര്യൻ കിഴക്ക് കണ്ണുമിഴിച്ചു കഴിഞ്ഞിരുന്നു. ഞാൻ എഴുന്നേറ്റ് കട്ടിലിലേക്കു നോക്കി. അവിടം ശൂന്യമായി രുന്നു. അവൻ കാലത്തുണർന്നു പണികൾ ആരംഭിച്ചിരിക്കുമെന്നു ഞാൻ വിചാരിച്ചു. പാൽ കറന്നുതീരുന്നതിനു മുൻപ് ചെല്ലണം എന്ന ആഗ്രഹം ത്തോടെ ഞാൻ മസറയിലേക്ക് എഴുന്നേറ്റോടി. അവിടെ പക്ഷേ, ഭീകരരൂപി ഉണ്ടായിരുന്നില്ല. പതിവിനു വിപരീതമായി ഇന്ന് ആടുകൾക്കു വെള്ളം കൊടുത്തിട്ടില്ല, പുല്ലു കൊടുത്തിട്ടില്ല, തൊട്ടിയിൽ ഗോതമ്പ് നിറച്ചിട്ടില്ല, ഒന്നുംതന്നെ ചെയ്തതി ട്ടില്ല. പതിവുകൾ തെറ്റിയതിൻ്റെ ശുണ്ിയിൽ ആടുകൾ മസറയ്ക്കുള്ളിൽ അസ്വസ്ഥമായ ചലനങ്ങൾ ആരംഭിച്ചുകഴിഞ്ഞിരുന്നു. ഭീകരരൂപി മറ്റെന്തെ ങ്കിലും പണിയുമായി വേറെ മസറയിൽ കാണുമെന്നു ഞാൻ വിചാരിച്ചു. ഞാൻ എല്ലാ മസറയിലും കയറിയിറങ്ങി നോക്കി. എവിടെയും അവനില്ലാ യിരുന്നു. എനിക്കതിശയമായി. അവനെവിടെ പോകാൻ ഇത്ര കാലത്തെ? ഞാൻ തിരിച്ചു കട്ടിലിൽ വന്നിരുന്നു. എന്തോ ഒരു സംശയത്തിൻ്റെ നേരിയ നീറ്റൽ എന്റെ മനസ്സിനെ ബാധിച്ചു. ഞാൻ കുനിഞ്ഞു കട്ടിലിനടിയിലേക്കു നോക്കി. അവിടെ എന്റെ ബാഗിനൊപ്പം അവന്റേതെന്നു വിശ്വസിക്കാവുന്നതും ഏറെ പഴയതും പൊടിപിടിച്ചതുമായ മറ്റൊരു ബാഗ് കഴിഞ്ഞ ദിവസം കണ്ടിരുന്നു. ഇപ്പോൾ അത് അവിടെ കാണാനില്ല! എന്റെ സംശയത്തിന്റെ നനവ് കൂടുതൽ ബലപ്പെട്ടു. 94     ബെന്യാമിൻ അന്നേരം അർബാബ് കൂടാരത്തിനുള്ളിൽനിന്നും ഇറങ്ങി എന്റെ അടു ത്തേക്കു വന്നു. എന്റെ കയ്യിൽ പാൽപാതം തന്നിട്ടു പോയി ആടിനെ കറന്നു കൊണ്ടുവരാൻ പറഞ്ഞു. ഞാൻ സംശയത്തോടെ അർബാബിനെ നോക്കി. ഭീകരരൂപി ഇന്ന് എവിടെപ്പോയി എന്നാണ് ആ നോട്ടത്തിൻ്റെ അർത്ഥമെന്ന് അർബാബിന് തീർച്ചയായും മനസ്സിലായിക്കാണണം. പിന്നെ അർബാബ് എന്തൊക്കെയോ ഒരുകൂട്ടം കാര്യങ്ങൾ എന്നോടു പറഞ്ഞു. അതിൽ ദേഷ്യ മുണ്ടായിരുന്നു, ശപിക്കലുണ്ടായിരുന്നു, സഹതാപമുണ്ടായിരുന്നു, നിർദ്ദാ ക്ഷിണ്യമുണ്ടായിരുന്നു, പുച്ഛമുണ്ടായിരുന്നു. ആ വാക്കുകളിൽനിന്ന് ഞാൻ ഗ്രഹിച്ചത് ഇത്രയുമാണ് - അവൻ, എന്റെ ഭീകരരൂപി, ഈ നരകത്തിൽനിന്നും ഓടി രക്ഷപ്പെട്ടിരിക്കുന്നു!! IndianTerminal. 95     പതിനഞ്ച് രണ്ടേരണ്ടു ദിവസത്തെ പരിചയം മാത്രം. അതിനെ പരിചയമെന്നുതന്നെ omവിളിക്കാമോ എന്നറിയില്ല. പരസ്പരം സംസാരിച്ചിട്ടുള്ളത് ഇത്തിരി ഇമ്മിണി വാക്കുകൾ മാത്രം. പേരറിയില്ല, ഊരറിയില്ല. ഒന്നും അറിയില്ല. എന്നിട്ടും ആ ഭീകരരൂപി പോയി എന്നു കേട്ടപ്പോൾ എന്റെ ഹൃദയത്തിനുണ്ടായ മുറിവ്. എനിക്കറിയില്ല, ആ വേദനയുടെ കാരണം. ഒരുപക്ഷേ വല്ലാതെ ഒറ്റപ്പെട്ടു പോയതിൻ്റെ ഖേദത്തിൽനിന്ന് ഉരുവായതാവാം അത്. എൻ്റെ ശരീരത്തെ ഒരു തളർച്ച ബാധിക്കുന്നതുപോലെ തോന്നി. പെട്ടെന്നൊരു ദിവസം ഉപ്പ മരിച്ചെന്നോ ഉമ്മ മരിച്ചെന്നോ സ്വന്തം മകൻ മരിച്ചുപോയെന്നോ കേൾക്കേണ്ടിവരുമ്പോൾ ഉണ്ടായേക്കാവുന്ന തരത്തിൽ ഒരു തളർച്ചയും മരവിപ്പും. എന്നാൽ അതു പറഞ്ഞിട്ടു തിരിച്ചുപോകുന്ന അർബാബിന് ഒരു ഭാവവ്യത്യാസവുമില്ല. അവൻ പോയി. എന്നാൽ പോയി എന്നു മാത്രം. എങ്ങോട്ടു പോയി എങ്ങനെ പോയി..? ആരുടെ കൂടെപ്പോയി...? വേണ്ട. ഒന്നും അയാൾക്കറിയേണ്ടാത്തതുപോലെ. പെട്ടെന്ന് അതെനിക്കു പ്രതീക്ഷയുടെ ഒരു പ്രകാശനാളമാണ് സമ്മാനി ച്ചത്. നാളെ ഒരിക്കൽ ഞാൻ പോയി എന്നു കേട്ടാലും അർബാബ് ഇങ്ങ നെയേ പ്രതികരിക്കൂ. ഭീകരരൂപി പോയാൽ നജീബുണ്ട്. ഇനി നജീബ് പോയാൽ വേറെ ആരെങ്കിലും; അത്രമാത്രം. ഒന്നാം ദിവസത്തെ അർബാബിൻ്റെ ഭാവവും പടുതിയും കണ്ടപ്പോൾ എനിക്കങ്ങനെ ഒന്നുമല്ല തോന്നിയത്. തോക്കെടുത്ത് ആകാശത്തേക്കു വെടി വയ്ക്കുന്നു. ബൈനോക്കുലർ നീട്ടി അതിൻ്റെ ദൂരപരിധി കാണിച്ചുതരുന്നു. ഞങ്ങൾ പുറത്തുപോകുമ്പോഴൊക്കെ വണ്ടിക്കു മുകളിൽ കയറിയിരുന്നു ഞങ്ങളുടെ സഞ്ചാരങ്ങൾ വീക്ഷിക്കുന്നു. ഏറെ ദൂരെപ്പോയി എന്നു തോന്നി യാൽ വണ്ടിയെടുത്തു പിന്നാലെ വന്നു ഞങ്ങൾക്കു ചുറ്റും റോന്തു ചുറ്റുന്നു. ഒരിക്കലും ഈ നരകത്തിൽനിന്നും പുറത്തുപോകാൻ അയാൾ അനുവദി ക്കില്ല എന്നാണ് ഞാനപ്പോഴൊക്കെ കരുതിയത്. ഭീകരരൂപിയുടെ ഓരോ പ്രവൃത്തിയിലും ആ പേടിയും കരുതലും ഞാൻ ശ്രദ്ധിച്ചിരുന്നു. അവൻ എനിക്കു പറഞ്ഞുതന്ന തരാൻ ശ്രമിച്ച വാക്കുകളിലും ആ ഭീതിയാണ് എനിക്കു കാണാൻ കഴിഞ്ഞത്. എങ്ങും പോകാൻ ശ്രമിക്കരുത്. ശ്രമിച്ചാൽ ഇയാൾ നിന്നെ കൊന്നുകളയും. ദാക്ഷിണ്യമില്ലാത്തവനാണ്, ക്രൂരനാണ്. 96     ബെന്യാമിൻ ദയാരഹിതനാണ്. പക്ഷേ എല്ലാം പറഞ്ഞിട്ട് അവൻ രക്ഷപ്പെട്ടിരിക്കുന്നു. കള്ളൻ! ഞാൻ വരുന്നതു കാത്തിരിക്കുകയായിരുന്നു. എല്ലാം എന്നെ ഏല്‌പി ച്ചിട്ട് രക്ഷപ്പെടാൻ. ഞാൻ ഒരുവിധത്തിലും രക്ഷപ്പെടാൻ ശ്രമിക്കരുത്. അതിനുവേണ്ടിയാണ് ഈ കള്ളങ്ങളെല്ലാം എന്നോടു വിളമ്പിയത്. നോക്ക് അർബാബ് എത്ര ശാന്തൻ. പൊതുവേയുള്ള ദേഷ്യപ്പെടലുകൾ ഒന്നുമില്ല. പോയെങ്കിൽപ്പോട്ടെ എന്നൊരു ഭാവം മാത്രം. എനിക്കു സന്തോഷമായി. ഒന്ന്, ഭീകരരൂപി ഈ കഷ്ടപ്പാടിൽനിന്നും വല്ലവിധേനയും രക്ഷപ്പെട്ടിരി ക്കുന്നു. രണ്ട്, നാളെ ഒരിക്കൽ എനിക്കും ഇതേവിധം രക്ഷപ്പെടാം. മൂന്ന്, അതായിരുന്നു ഏറ്റവും പ്രധാനം. ഇത്ര ദിവസം ഭീകരരൂപി കയ്യടക്കി വച്ചി രുന്ന കട്ടിൽ എൻ്റെ സ്വന്തമാകാൻ പോകുന്നു. എൻ്റെ നിലത്തുകിടപ്പ് അവ സാനിക്കാൻ പോകുന്നു. എനിക്കും രക്ഷപ്പെടാം എന്നൊരു തോന്നൽ വന്നതോടെ വല്ലാത്തൊരു ഉന്മേഷം വന്നുനിറഞ്ഞതുപോലെ ഞാൻ പാൽപ്പാതവുമായി മസറയിലേക്ക് ഓടി. കുറച്ച് ആടുകളെ കറന്നു. തീർച്ചയായും എന്റെ റെ ശീലമില്ലായ്മ അവിടെ നന്നായി പ്രതിഫലിച്ചു. എന്നാലതു കഴിഞ്ഞ ദിവസത്തേക്കാൾ ഭേദമായി രുന്നു. ആടുകളിൽനിന്ന് അത്രയധികം തൊഴിയൊന്നും കിട്ടിയുമില്ല. കഴിഞ്ഞ ദിവസത്തെ ഒരു തുള്ളി പാൽപോലും കിട്ടാതിരുന്നതിൽനിന്നും ഞാൻ ഏറെ വളർന്നിരുന്നു. രണ്ടുദിവസംകൊണ്ട് അതിനെ ഒരു വൻ മുന്നേറ്റമായിത്തന്നെ കാണണം. എന്നാലും അതു ഭീകരരൂപിക്കൊപ്പമെത്തിയെന്നു ധരിക്കരുത്. കറന്നെടുത്തതിൽ കുറച്ചെടുത്തു പതിവുപോലെ അർബാബിനു കുടിക്കാൻ കൊടുത്തു. ബാക്കി കൊണ്ടുപോയി കുട്ടികളുടെ മസറയിൽ വച്ചുകൊടുത്തു. പിന്നെ പിടിപ്പതു പണിയായിരുന്നു. കഴിഞ്ഞ ദിവസങ്ങളിൽ രണ്ടുപേർ ചെയ്തിരുന്ന പണി എനിക്ക് ഒറ്റയ്ക്കു ചെയ്യേണ്ടിവന്നു. ഒട്ടകങ്ങൾക്കു തീറ്റി കൊടുത്ത് അഴിച്ചുവിട്ടു. മസറയിൽ വേണ്ട പുല്ലും ഗോതമ്പും പോച്ചയും ഇട്ടുകൊടുത്തു. തൊട്ടികളിൽ വെള്ളവും നിറച്ചു. അതിനിടെ വെള്ളവുമായി ടാങ്കർ ലോറി വന്നു. ടാങ്കിൽ വെള്ളം നിറയ്ക്കാൻ അയാളെ സഹായിച്ചു. പോച്ചക്കെട്ടുകളുമായി ട്രയിലർ വന്നു. അതിറക്കാൻ അവരെ സഹായിച്ചു. ഓടിയോടി നടു ഒടിഞ്ഞിട്ടും പണി എങ്ങും എത്തിയില്ല. എന്നും കാലത്ത് ആടുകളെ നടക്കാൻ കൊണ്ടുപോകുന്ന സമയമായിട്ടും (നിഴൽ നോക്കി സമയം ഗണിക്കാൻ ഞാൻ തുടങ്ങിയിരുന്നു.) പകുതി മസറയിൽപ്പോലും പുല്ലിട്ടു കഴിഞ്ഞിരുന്നില്ല. കൂടാരത്തിലിരുന്ന് അർബാബ് എൻ്റെ പണികളെല്ലാം കാണുന്നുണ്ടായി രുന്നെങ്കിലും സമയമായപ്പോൾ ആടുകളെ പുറത്തു കൊണ്ടുപോകാതിരു ന്നതിന് എന്നെ ശാസിച്ചു. എല്ലാംകൂടി ഒറ്റയ്ക്ക് ഇത്രയൊക്കെയേ പറ്റൂ എന്നു ഞാൻ മലയാളത്തിൽ ഒരു കാച്ചുകാച്ചി. അർബാബ് സ്വന്തം ബെൽട്ടിന്റെ മടക്കുകൊണ്ടാണ് എനിക്കതിനു മറുപടി തന്നത്. ഭാഷ പ്രശ്നമല്ലാത്ത ഒരു മറുപടി. പുറമടക്കി ഒരടി! ഞാൻ പുളഞ്ഞുപോയി. എനിക്കു തോന്നുന്നത് അടുത്ത ആറുമാസത്തേക്ക് അതിൻ്റെ നീറ്റലും മുറിവും എൻ്റെ പുറത്ത്   97   ആടുജീവിതം ഉണ്ടായിരുന്നു എന്നാണ്. തിരിഞ്ഞു നടക്കുമ്പോൾ അർബാബ് എന്തോ ഒന്നു പറഞ്ഞു. കഴിഞ്ഞ ദിവസം വരെ ഒരാൾ ഒറ്റയ്ക്കു ചെയ്ത പണികൾ തന്നെ ഇത് എന്നായിരുന്നു അതെന്ന് എനിക്കു നിശ്ചയമായും മനസ്സിലായി. ചില നേരത്ത് ഏത് അപരിചിത ഭാഷയും നമുക്കു നന്നായി മനസ്സിലാവും. നന്നായി വഴങ്ങും. ഞാൻ കരഞ്ഞുകൊണ്ട്ഓടിപ്പോയി ബാക്കിപണികൾ ചെയ്തു. അതിനിടെ അന്നു പ്രഭാതഭക്ഷണം കഴിക്കാൻപോലും നേരം കിട്ടി യില്ല. അർബാബ് എന്നെ അതിനുവേണ്ടി വിളിച്ചതുമില്ല. രണ്ടു മസറയിലെ ആടുകളെ നടത്താൻ കൊണ്ടുപോയിട്ടു വന്നതേ യുള്ളൂ. അർബാബ് എന്നെ വിളിച്ചു. വളർച്ച മുറ്റിയ ആടുകളെ ചന്തയിലേക്കു കൊണ്ടുപോകാൻ വണ്ടി വന്നിരിക്കുന്നു. മുഴുത്തവയെ നോക്കി പിടിച്ചു വണ്ടിയിൽ കയറ്റണം. വണ്ടിയുമായി വന്നിരിക്കുന്നത് എൻ്റെ മൂത്ത അർബാ ബാണ്. സഹായിക്കാനാണെങ്കിൽ മറ്റാരുമില്ല. ഞാൻ ആട്ടിൻകൊറ്റയിലേക്കു കടന്നു. അർബാബുമാർ രണ്ടുംകൂടി പുറത്തുനിന്ന് ഒരാടിനെ നോക്കി ആദി എന്ന് ചൂണ്ടും. ഞാനതിനെ പിടിക്കാൻ നോക്കും. വെള്ളത്തിൽ വരാൽ എന്ന പോലെ അതെന്നെ വെട്ടിച്ച് അതിൻ്റെ പാട്ടിന് ചാടും. ഞാൻ പിന്നാലെ കൂടി വല്ലവിധത്തിലും പിടിച്ച് (എങ്ങനെ പിടിക്കാനാണ്! കഴുത്തിൽ കയർ വല്ല തുമുണ്ടായിരുന്നെങ്കിൽ അതിൽ പിടിക്കാമായിരുന്നു.) വണ്ടിയുടെ അരികിൽ വരെ എത്തിക്കും. പിന്നെ അതിനെ വണ്ടിയിലൊന്നു കയറ്റാനാണ് പാട്. ആടുകളെ ഒറ്റയ്ക്ക് എടുത്തു കയറ്റാനുള്ള കെല്പ് എനിക്കില്ല. ആടുകൾ സ്വയം കയറുകയുമില്ല. ഓരോന്നിനെയും വല്ലവിധത്തിലും ഉന്തിക്കയറ്റും. അതിനുവേണ്ടി ഞാൻ ചെലവാക്കിയ ഊർജ്ജവും സമയവും എത്രയെന്ന് എനിക്കുതന്നെ അറിയില്ല. രണ്ടുമൂന്നെണ്ണത്തിനെ വണ്ടിയിലെത്തിച്ചപ്പോ ഴേക്കും ഞാൻ തളർന്നുപോയിരുന്നു. എന്നാൽ അർബാബൂമാർ പിന്നെയും പിന്നെയും എന്നെ മസറിലേക്ക് ഓടിച്ചു. അവർ മസറയിലേക്കു ചൂണ്ടി ആദി അബിയദ് എന്നു പറയും. എനിക്ക് ഏതാണെന്നു മനസ്സിലാവില്ല. ഞാൻ അടുത്തുകാണുന്ന കറുത്ത ആടാണെന്നു കരുതി അതിനെ പിടിക്കാൻ നോക്കും. ഹിമാർ, മാഫി അസ്വദ്, അബിയദ്, അബിയദ്... എന്ന് അർബാബ് ചീറും. അതിനെയല്ല എന്നു കരുതി ഞാൻ മറ്റൊരു തടിയനെ പിടിക്കാൻ നോക്കും. ഹിമാർ, മൂഖ് മാഫി ഇന്തി. ആദി അബിയദ്... അർബാബ് തലയ്ക്ക ടിക്കും. പിന്നെയും പല തെറ്റുകൾക്കൊടുവിൽ മാതമേ, അക്കാണുന്ന വെള്ള മുട്ടനെ പിടിക്കാനാണ് അർബാബ് പറയുന്നതെന്ന് എനിക്കു മനസ്സിലായുള്ളൂ. അതിനെ വലിച്ചുകൊണ്ടുവന്ന് വല്ലവിധത്തിലും വണ്ടിയിൽ കയറ്റും. പിന്നെയും മസറയിലേക്ക് ഓടും. അർബാബ് അസ്വദ് എന്നു പറയും. ഞാൻ ഏതെങ്കിലും മണ്ടത്തരം കാണിക്കും. ഒടുവിൽ അർബാബ് ഉദ്ദേശിച്ച കറുത്ത ആടിനെ പിടിച്ചുകൊടുക്കും. അങ്ങനെ ഒരു ഇരുപത് ആടിനെ പിടിച്ചു കഴിഞ്ഞപ്പോഴേക്കും ഞാൻ തളർന്നു വീണുകഴിഞ്ഞിരുന്നു. ഞാൻ സ്വയമോ ആരെയെല്ലാമോ ഒക്കെ ശപിച്ചു. കൂടെയുണ്ടായിരുന്ന ഒരുത്തൻ ഓടിപ്പോയ തിന് എനിക്കുകിട്ടിയ പ്രതിഫലം! നടു ഒടിക്കുന്ന പണി! ഒരിക്കലും മറ ക്കാത്ത ഒരടി! ഉച്ചനേരം വരെ മുഴുപ്പട്ടിണിയും!! 98     പതിനാറ് ഒറ്റയ്ക്ക് ഒരു ജീവിതത്തെ നേരിടാൻ, ഒറ്റയ്ക്ക് ഒരു തൊഴിലിൽ പരിശീലനം m നേടിയെടുക്കാൻ, ഒറ്റയ്ക്ക് ഒരു ജീവിസമൂഹത്തെ പരിരക്ഷിക്കാൻ, ഒറ്റയ്ക്ക് ഒരു സാഹചര്യവുമായി പൊരുത്തപ്പെടാൻ ഞാൻ പഠിക്കുകയായിരുന്നു. അത് എന്തെങ്കിലും ധീരമായ ഒരു തീരുമാനത്തിന്റെ ഭാഗമൊന്നും ആയി രുന്നില്ല. പകരം, തീർത്തും നിവൃത്തികേടുകൊണ്ട്... എല്ലുമുറിയെ പണി ചെയ്‌താൽ മാത്രമേ ദാഹത്തിന് ഇത്തിരി വെള്ളമെങ്കിലും കിട്ടൂ എന്നു വന്നാൽ എല്ലുമുറിയെ അല്ല, മരണം വരേയും പണിയെടുക്കാൻ ആരും തയ്യാർ! ആദ്യത്തെ രണ്ടുദിവസം ഭീകരരൂപിയോടൊപ്പം പണികൾ ചെയ്തപ്പോൾ, ആവർത്തിക്കുന്ന വേലകൾ, വെല്ലുവിളിക്ക് ഒന്നുമില്ല, വേഗം സ്വായത്തി മാക്കാം എന്നൊരു ആത്മവിശ്വാസമായിരുന്നു എന്റെ മനസ്സുനിറയെ. ആടിനെ കറക്കുന്നതും നടത്താൻ കൊണ്ടുപോകുന്നതും മാത്രമായിരുന്നു ഇത്തിരി യെങ്കിലും പരിശീലനം വേണ്ട രണ്ടു വേലകൾ. ബാക്കിയെല്ലാം ഏതു കണ്ണു പൊട്ടനും ചെയ്യാവുന്നത്. വേണ്ടത് ഇത്തിരി ആരോഗ്യം മാത്രം. അതായി രുന്നു എന്റെറെ കാഴ്‌ചപ്പാട്. എന്നാൽ ദിവസങ്ങൾ പിന്നിടുന്തോറും ആടുക ളുടെ ജീവിതവുമായി ബന്ധപ്പെട്ട്, ആടുവളർത്തലുമായി ബന്ധപ്പെട്ട്, ഒട്ടക ങ്ങളുടെ ദിനചര്യകളുമായി ബന്ധപ്പെട്ട് എനിക്കു പുതിയ പുതിയ നിരവധി കാര്യങ്ങൾ സ്വയം പഠിക്കേണ്ടി വന്നു. സാഹചര്യമാണ് മനുഷ്യനെ എന്തിനും പ്രാപ്‌തനാക്കുന്നത്. ഒരു ദിവസം പതിവുപോലെ ആടുകളെയുംകൊണ്ടു നടക്കാൻ ഇറങ്ങി യതാണ്. ഞാൻ എത്തിയിട്ട് അപ്പോൾ ഏകദേശം ഒരാഴ്ച‌ച ആയിക്കാണും. അത്രയേ ആയിട്ടുള്ളൂ. അതിൽ ഒരാട് ഗർഭിണി ആയിരുന്നു. നടക്കാൻ ഇറ ങ്ങിയപ്പോൾ മുതൽ അതിനൊരു മന്ദതയും ക്ഷീണവും ഞാൻ ശ്രദ്ധിച്ചി രുന്നു. സൈനുവിനെപ്പോലെ ഗർഭാലസ്യം എന്നേ ഞാൻ വിചാരിച്ചുള്ളൂ. അതിനെ കൊണ്ടുപോകണോ എന്ന് അർബാബിനോട് ചോദിച്ചു. കൊണ്ടു പോയ്ക്കൊള്ളാൻ അർബാബ് തലയുമാട്ടി. ഏതാണ്ടു പാതിവഴിയിലെത്തി ക്കാണും. ആട് വഴിയിൽ ഒരിടത്തേക്കു മാറി കിടപ്പായി. ഞാൻ അങ്കലാ പ്പോടെ അതിന്റെ അരികിൽ നിന്നു. ഇത്തിരി കഴിഞ്ഞപ്പോൾ അത് 99     ആടുജീവിതം അലയ്ക്കാനും പുളയ്ക്കാനും തുടങ്ങി. അപ്പോൾ മാത്രമേ അതിനു പ്രസവ വേദന ആയിരിക്കും എന്ന്എനിക്കൂഹിക്കാൻ കഴിഞ്ഞുള്ളൂ. വല്ലവിധത്തിലും അതിനെ നടത്തി മസറയിൽ എത്തിക്കാൻ ഞാനൊരു ശ്രമം നടത്തിനോക്കി യെങ്കിലും രണ്ടോ നാലോ ചുവട് നടന്നശേഷം അത് ആ മരുഭൂമിക്കു നടുവിൽ വീണു കിടന്നു. അതിനിടെ ബാക്കി ആടുകൾ ഏറെ മുന്നിലേക്ക് ഓടി അലഞ്ഞുതിരിയാൻ തുടങ്ങിയിരുന്നു. കൂട്ടം ചേർന്നു നടക്കുന്ന അത്രയും നേരം ആടുകൾ അതിൻ ഒരു അടക്കം കാണിക്കും. എങ്ങനെ യെങ്കിലും ഒന്നു വരിതെറ്റിപ്പോയാൽ, കൂട്ടം ശിഥിലമായിപ്പോയാൽ തീർന്നു. പിന്നെ അവയ്ക്ക് അതിൻ്റെ ജന്മവാസന ഇളകും. പത്താറായിരം വർഷങ്ങ ളായി മനുഷ്യനോടിണങ്ങി ജീവിക്കുന്ന ജീവിയാണെങ്കിലും തരംകിട്ടിയാൽ തന്റെ വന്യ സ്വഭാവത്തിലേക്കു മടങ്ങിപ്പോകുന്ന ഒരേയൊരു വളർത്തുമൃഗ മാണ് കോലാടുകൾ! അതുകൊണ്ടുതന്നെ ഒരിക്കലും ഇവറ്റകളെ കൂട്ടംവിടാ തെയും വരിതെറ്റാതെയും നോക്കിക്കൊള്ളണമെന്നാണ് എന്റെ ഭീകരരൂപി എനിക്ക് ആദ്യദിവസം തന്ന കർശനനിർദ്ദേശങ്ങളിൽ ഒന്ന്. ഇപ്പോൾ നോക്കുമ്പോൾ അൻപത് ആടുകൾ ഉള്ളത് അൻപതു വഴിക്കായി ക്കഴിഞ്ഞു. ഒരെണ്ണം വഴിയിൽ പ്രസവിക്കാനും കിടക്കുന്നു. ഞാനി ന്നേരം അനുഭവിച്ച ഒരു മാനസിക വ്യഥ. അതിനെ അവിടെ വിട്ടേച്ച് ബാക്കി യുള്ളവയുടെ പിന്നാലെ പോകണമോ ബാക്കിയുള്ളവ എവിടെയെങ്കിലും ചുറ്റിക്കറങ്ങട്ടെ എന്നു കരുതി പ്രസവിക്കാൻ കിടക്കുന്നതിന്റെ കൂടെ നില്ക്ക് ണമോ..? ഒടുവിൽ തൊണ്ണൂറ്റൊൻപതിനെയും വിട്ട് ഒന്നിനെ അന്വേഷിച്ചു പുറപ്പെടുന്ന ഇടയന്റെ ഉപമ ഓർത്തുകൊണ്ട് പ്രസവിക്കാനായി കാത്തു കിടക്കുന്ന ആടിൻ്റെ അടുത്തു നില്ക്കാൻ ഞാൻ തീരുമാനിച്ചു. ഒരാടിന്റെ എന്നല്ല ഒരു മൃഗത്തിന്റെയും പ്രസവം ഞാൻ കണ്ടിട്ടില്ല. അതിന്റെ രീതികൾ എനിക്കറിയില്ല. പ്രസവിക്കുമ്പോൾ എന്തു സഹായി മാണ് ഒരു മൃഗത്തിനു വേണ്ടതെന്ന് എനിക്കറിയില്ല. എന്റെ വീട്ടിൽ പശു, ആട്, പട്ടി, പൂച്ച എന്നിങ്ങനെ വളർത്തുമൃഗങ്ങൾ ഒന്നുമില്ല. അയൽവക്ക ങ്ങളിൽ ഒന്നും നോക്കാൻ പോയിട്ടുമില്ല. അതുകൊണ്ടുതന്നെ വെറുതെ യൊരു കാഴ്ചക്കാരനെപ്പോലെ നോക്കിനില്ക്കുകയായിരുന്നു അപ്പോഴത്തെ എന്റെ നിയോഗം. അല്പനേരം കഴിഞ്ഞപ്പോൾ ഒരാടിന്റെ തല എനിക്കു കാണായി വന്നു. ഞാൻ പേടിയോടെയാണ് ആ വരവ് നോക്കിനിന്നത്. പതിയെ പതിയെ വേദനയുടെ സർവ്വതീയും വിഴുങ്ങി ആ കുട്ടി പുറത്തേക്കു വീഴുമെന്നായപ്പോൾ ഞാനറിയാതെ ഓടി മുന്നോട്ടു ചെന്ന് അതിനെ താങ്ങി പ്പിടിച്ചു. പക്ഷേ അതിൻ്റെ ദേഹത്തെ വഴുവഴുപ്പിൽ എനിക്കൊന്നും ചെയ്യാൻ കഴിഞ്ഞില്ല. എന്റെ കയ്യിൽനിന്നും തെറിച്ച് അതു താഴേക്കുതന്നെ വീണു. എവിടെ നിന്നോ ഒരു പഴയ അറിവ് എന്റെയുള്ളിൽ പെട്ടെന്നു മിന്നി. മാച്ച് നീക്കണം. ഞാൻ ആ ആട്ടിൻകുട്ടിയുടെ ദേഹത്തെയും മുഖത്തെയും മാച്ച് പതിയെ കൈകൊണ്ടു തുടച്ചു കളഞ്ഞു. എന്നെക്കാൾ ബോധവതിയാ യിരുന്നു അതിന്റെ അമ്മ. നിമിഷനേരംകൊണ്ട് തള്ളയാട് അതിനെ നക്കി 100     ബെന്യാമിൻ ക്കുളിപ്പിച്ച് ഒരുക്കി. ആടിന്റെ വളർച്ച എത്ര പെട്ടെന്നാണ്. അടുത്ത നിമിഷം ആ ആട്ടിൻകുട്ടി എഴുന്നേറ്റുനില്ക്കാൻ ശ്രമമാരംഭിക്കുകയും അത് അതിൽ വിജയിക്കുകയും ചെയ്തു. അതു പതിയെ അതിന്റെ അമ്മയുടെ മുലയി ലേക്കു നീങ്ങി. അതൊരു ആണാടായിരുന്നു എന്നു ഞാൻ കണ്ടു! ആ നിമിഷം, അതുവരെയുണ്ടായിരുന്ന എല്ലാ കെട്ടുകളെയും പൊട്ടിച്ച് മനസ്സ് നാട്ടിലേക്കു കുതറിയോടി. അതിന്റെ വേഗം പറഞ്ഞറിയിക്ക വയ്യ. അത്രയും ദിവസം ഞാൻ മറന്നുകിടന്നതൊക്കെ എന്റെ മനസ്സിലേക്ക് ഓടി യിരമ്പിയാർത്തുവന്നു. എന്റെ സൈനു ഗർഭിണിയാണ്. അവൾ ഏതു നിമിഷവും പ്രസവിക്കാം എന്ന അവസ്ഥയിലാണ് ഞാൻ നാടുവിട്ടു പോരു ന്നത്. അവളെപ്പറ്റി പിന്നെ ഒന്നും ഞാൻ അറിഞ്ഞില്ല. ഇതൊരുപക്ഷേ ഒരു ശുഭസൂചനയാവാം. അള്ളാഹു എനിക്കു നേരിട്ടു തന്നത്. എന്റെ സൈനു, എന്റെ ഭാര്യ അവൾ പ്രസവിച്ചിരിക്കുന്നു. ഞാൻ കൊതിച്ചതുപോലെ ഒരാൺകുട്ടി! ആ വിശ്വാസത്തിൽ അപ്പോൾ പിറന്ന ആ ആട്ടിൻകുട്ടിക്ക് ഞാനൊരു പേരിട്ടു. എനിക്കൊരു മകൻ ജനിക്കുമ്പോൾ ഇടാനായി കാത്തു വച്ചിരുന്ന പേര് - നബീൽ! എന്റെ കയ്യും കുപ്പായവും എല്ലാം മാച്ചിന്റെ വെള്ളവും ചോരയുംകൊണ്ട് നനഞ്ഞു കുതിർന്നിരുന്നു. എവിടെയാണ് ഒന്നു കഴുകുക..? ആടുകളില്ലാതെ മസറയിലേക്കു ചെന്നാൽ അർബാബിൻ്റെ ചീത്തവിളി ഉറപ്പാണ്. പിന്നെ ഞാൻ ഒന്നും നോക്കിയില്ല. എന്റെറെ കുപ്പായത്തിൽ തന്നെ ഞാൻ ആ അഴുക്കുകൾ തുടച്ചു. എന്നിട്ട് വേച്ചുവേച്ച് അമ്മയുടെ മുലതേടി നീങ്ങുന്ന ആ സുന്ദരൻ കുട്ടിയെ ഞാൻ എന്റെ കയ്യിലെടുത്ത് ഉമ്മ വച്ചു. എനിക്ക് അള്ളാഹു തന്ന സമ്മാനമാണ് നീ! എൻ്റെ പൊന്നുമോനെ നീ സുഖമായി രിക്കുക! നബീലിനെ ഞാൻ പിടിച്ചു അതിന്റെ അമ്മയുടെ അരികിലെത്തിച്ചു. പിന്നെ പതിയെ അതിൻ്റെ മുഖം പിടിച്ച് അമ്മയുടെ അകിടിലേക്കു വച്ചു കൊടുത്തു. പെട്ടെന്ന് എന്തോ ഒരാഘാതത്തിൽ ഞാൻ ദൂരേക്കു തെറിച്ചു വീണു! പ്രജ്ഞ് ഉറഞ്ഞുപോയ ആദ്യത്തെ കുറച്ചുനിമിഷത്തിനുശേഷം സ്വബോധത്തിലേക്കു തിരിച്ചുവന്നപ്പോഴാണ് അർബാബിൻ്റെ കടുത്ത ഒരു ചവിട്ടായിരുന്നു ആ ആഘാതമെന്ന് എനിക്കു ബോധ്യപ്പെട്ടത്. കത്തുന്ന കണ്ണു കളോടെ അയാൾ എന്നെ നോക്കി നില്ക്കുന്നു. അയാൾ ദൂരേക്കു ചൂണ്ടി എന്തൊക്കെയോ അലറി. അർബാബ് കൈ ചൂണ്ടിയിടത്തേക്കു ഞാൻ നോക്കി. ബാക്കി ആടുകൾ അവിടെ ചിന്നിച്ചിതറി അലഞ്ഞു നടക്കുകയായി രുന്നു. ഞാൻ ആട്, പ്രസവം, കുട്ടി, മാച്ച്... എന്നിങ്ങനെ ചില വാക്കുകൾ പുലമ്പി. പക്ഷേ അർബാബ് അതൊന്നും കേൾക്കാനുള്ള സൗമനസ്യത്തി ലായിരുന്നില്ല. അർബാബ് ദേഷ്യത്തോടെ മുന്നോട്ടു വന്ന് എൻ്റെ നബീലിനെ അവന്റെ അമ്മയുടെ മുലയിൽനിന്നും പിടിച്ചുമാറ്റി. പിന്നെ എന്റെ നിസ്സഹാ യാവസ്ഥയെയും ആ തള്ളയാടിന്റെ ദയനീയത മുറ്റിയ നോട്ടത്തെയും നിർദ്ദാ ക്ഷിണ്യം ഉപേക്ഷിച്ച് നബീലിനെ തോളത്തിട്ടു മസറയിലേക്കു മടങ്ങി. 101     ആടുജീവിതം ഞാൻ തള്ളയാടിനെ അവിടെ ഉപേക്ഷിച്ച് ബാക്കി ആടുകൾക്കു പിന്നാലെ ഓടി. ഏറെ കഷ്ടപ്പെട്ടശേഷം മാത്രമാണ് എനിക്കവയെ വല്ലവിധത്തിലും ഒന്ന് തടുത്തുകൂട്ടാൻ കഴിഞ്ഞത്. ഞാൻ അവറ്റകളെയുംകൊണ്ട് മസറയി ലേക്കു മടങ്ങുമ്പോൾ തള്ളയാടും നിസ്സഹായതയോടെ ഞങ്ങളെ അനുഗ வி . എനിക്കുള്ള ബാക്കി അർബാബ് അവിടെ ഒരുക്കി വച്ചിട്ടുണ്ടായിരുന്നു. പൊതിരെ തല്ലും കണക്കിന് ചീത്തവിളിയും കിട്ടി. അന്നത്തെ കുറ്റപത്രത ത്തിൽ നാല് അപരാധങ്ങളായിരുന്നു അർബാബ് എനിക്കെതിരെ സമർപ്പി ച്ചത്. ഒന്ന്. ഞാൻ കയ്യിലെയും കുപ്പായത്തിലെയും ചോരയും മാച്ചും കഴുകി ക്കളയാൻ ഇത്തിരി വെള്ളമെടുക്കാൻ ശ്രമിച്ചു. രണ്ട്, ആടുകളെയും കൊണ്ട് തിരികെ വരാൻ വൈകി. മൂന്ന്, ഒരാട് പ്രസവിക്കുന്നതു നോക്കി നിന്നു സമയം കളഞ്ഞു. അതിൻ്റെ ആവശ്യം ഒട്ടുമേയില്ല. ആടിനു സമയമാകു മ്പോൾ സ്വയം പ്രസവിക്കാൻ അറിയാം. അതിനു മനുഷ്യസഹായം ആവശ്യ മില്ല. നാല്, അതായിരുന്നു ഏറ്റവും കടുത്ത അപരാധം - പിറന്നുവീണ ഒരാട്ടിൻകുട്ടിയെ അതിന്റെ അമ്മയുടെ മുല കുടിപ്പിക്കാൻ ശ്രമിച്ചു. ഇവിടെ ആട്ടിൻകുട്ടികൾക്കു പാല് കറന്നാണ് കൊടുക്കുന്നത് എന്ന് എനിക്കറിയാമായിരുന്നു. പക്ഷേ ജനിച്ചു വീണ അന്നേരംപോലും മുലപ്പാൽ നേരിട്ടു കൊടുക്കാൻ പാടില്ലായിരുന്നു എന്ന് എനിക്കറിയില്ലായിരുന്നു. പൊതിരെ ചീത്തവിളി, ഒരു ചവിട്ട്, രണ്ടുമൂന്ന് ബെൽട്ടടി, നിറയെ തുപ്പൽ, ഉച്ചയ്ക്കു പട്ടിണി എന്നിവയായിരുന്നു, അത്രയും കഷ്ടപ്പെട്ട് ആദ്യമായി ഒരാ ടിന്റെ പ്രസവം എടുത്തതിന് എനിക്കു കിട്ടിയ സമ്മാനം. എന്നാലും എനിക്കു തെല്ലും വിഷമം തോന്നിയില്ല. സങ്കടവും! എനി ക്കുള്ള ശരിയായ പ്രതിഫലം അള്ളാഹു നാട്ടിൽ സൈനുവിനും മകനുമായി സമ്മാനിക്കുമെന്ന് എനിക്കുറപ്പായിരുന്നു. അല്ലെങ്കിൽ അങ്ങനെ വിശ്വസി ക്കാൻ ഞാൻ ശ്രമിച്ചു. അത്തരമൊരു വിശ്വാസംകൂടി എനിക്കിപ്പോൾ ഇല്ലാ യിരുന്നെങ്കിൽ.. Ino 102     പതിനേഴ് മസറയിലെ മറ്റേത് ആടിനു കൊടുക്കുന്നതിലും കൂടുതൽ പരിചരണവും m സ്നേഹവും ഞാൻ എന്റെ നബീലിനു കൊടുത്തു. അവന് അതിന്റെ ആവശ്യമില്ലായിരിക്കാം. മറ്റെല്ലാ ആടുകൾക്കുമൊപ്പം അവനും ജീവിച്ചു പോയ്ക്കൊള്ളും. പക്ഷേ അവനെ അങ്ങനെ കയ്യൊഴിയാൻ എനിക്കാവുമാ യിരുന്നില്ല. എന്റെ കൈകളിലേക്കു പിറന്നുവീണവൻ. സ്വന്തം മകനു പകരം അള്ളാഹു എനിക്കു തന്ന സമ്മാനം. പലപ്പോഴും അർബാബ് കാണാതെ ഞാനവനെ അവൻ്റെ അമ്മയുടെ മുല കുടിപ്പിക്കുമായിരുന്നു. ആ മസറി യിലെ മറ്റൊരു ആട്ടിൻകുട്ടിക്കും കിട്ടാത്ത സൗഭാഗ്യം. സ്വന്തം അമ്മയുടെ മുല കുടിക്കാൻ കഴിയുക എന്നൊരു സൗഭാഗ്യത്തിനപ്പുറം മറ്റെന്താണ് എനി ക്കവന് കൊടുക്കാനാവുക..? കറന്നെടുക്കുകയാണെങ്കിൽ ഞാനവനെ പ്രത്യേകം കുടിപ്പിക്കും. അവന് പോച്ചയുടെ തളിരുകൾ കൊടുക്കും, നടക്കാൻ പോകുമ്പോൾ അവനെ എന്നോടു ചേർത്തു നടത്തും. അവൻ ഒരു കുസൃതിക്കാരൻ പയ്യനെപ്പോലെ എൻ്റെ കണ്ണുവെട്ടിച്ച് തുള്ളിച്ചാടി മുന്നോട്ട് ഓടും. അല്‌പം മുന്നിൽച്ചെന്ന് എന്നെ ഒന്നു തിരിഞ്ഞു നോക്കും. ഞാനവനെ പിടിക്കാനായി മുന്നോട്ട് ഓടിച്ചെല്ലും. അവനെന്നെ വെട്ടിച്ച് ആടുകൾക്കിടയിലൂടെ ഓടി മറയും. ഓടിച്ചിട്ടു പിടിച്ച് ഞാനവന് ഉമ്മ കൊടുക്കും. നബീൽ എനിക്കു മസറയിലെ നൂറുകണക്കിന് ആട്ടിൻകുട്ടി കൾക്കിടയിൽ ഒരുവൻ ആയിരുന്നില്ല. - എന്റെ സ്വന്തം പുത്രനായിരുന്നു! വളരെച്ചെറുപ്പം മുതലേ അവൻ വലിയ കുസൃതിക്കാരനായി. അവനെ ക്കാൾ മുതിർന്ന മുട്ടന്മാരോടുപോലും കൊമ്പുകോർക്കുക അവന്റെ പതിവായ്പ യിരുന്നു. അവൻ്റെ ആ ചെറുകുസൃതികൾ ചില ആടുകളൊക്കെ വാത്സല്യ ത്തോടെ സമ്മതിച്ചുകൊടുക്കും. എന്നാൽ മറ്റു ചിലവയാവട്ടെ ദേഷ്യത്തോടെ നല്ല കുത്തുവച്ചുകൊടുക്കും. കുത്തുകൊണ്ട് ചോര ഒലിക്കുന്ന ശരീരത്തോടെ എതവട്ടം അവനെൻ്റെ അരികിൽ വന്നിട്ടുണ്ടെന്നോ.. അർബാബ്കാണാതെ ഞാൻ തൊട്ടിയിൽ വെള്ളമെടുത്ത് അവൻ്റെ മുറിവ് കഴുകിക്കൊടുക്കും. മുറിവുണങ്ങാൻ അർബാബിൻ്റെ കയ്യിൽ ഒരു യുണ്ട്. അതുവാങ്ങി അടിച്ചുകൊടുക്കും. ഞാനവനു കൊടുക്കുന്ന പരിഗണനയും സ്നേഹവും അവനും തിരിച്ചറിയാമായിരുന്നു.   103   ഇത്തിരി കഴിഞ്ഞപ്പോൾ തേച്ചുമിനുക്കിയ ഒരു നീളൻ കത്തിയുമായി അർബാബ് കൂടാരത്തിനു പുറത്തേക്കു വന്നു. എന്റെ ഉള്ളാന്ന് ആളിക്കത്തി.   com   ബെന്യാമിൻ ഒരുദിവസം കാലത്ത് ഖുബൂസ് കഴിച്ചുകഴിഞ്ഞ് ആടുകളെയുംകൊണ്ട് നടക്കാൻ ഇറങ്ങിയപ്പോൾ അർബാബ് എന്നെ തിരിച്ചു വിളിച്ചു. വേണ്ട. ഇന്നി ത്തിരി വേറെ പണിയുണ്ട്. ഞാൻ ആടുകളെയുംകൊണ്ട് തിരിച്ചു കയറി. ഇത്തിരി കഴിഞ്ഞപ്പോൾ തേച്ചുമിനുക്കിയ ഒരു നീളൻ കത്തിയുമായി അർബാബ് കൂടാരത്തിനു പുറത്തേക്കു വന്നു. എന്റെ ഉള്ളൊന്ന് ആളിക്കത്തി. എന്റെ പടച്ചോനേ വല്ല ആടുകളെയും ഇവിടെ വച്ചു തന്നെ കൊന്നു ശാപ്പിടാ നാണോ ഇയാളുടെ പരിപാടി..?! അർബാബിനോട് ഒന്നും അങ്ങോട്ടു ചോദിക്കാൻ പാടില്ല. പറയുന്നതു കേട്ടുകൊള്ളണം. മനസ്സിലായാലും മനസ്സിലായില്ലെങ്കിലും അനുസരിച്ചുകൊ ള്ളണം. അതാണ് അതുവരെയുള്ള ശീലം. അതുകൊണ്ടുതന്നെ എന്തെ ങ്കിലും ചോദിക്കാൻ എനിക്കു ഭയമായിരുന്നു. ഞാൻ അർബാബിൻ്റെ പിന്നാലെ ചെന്നു. അർബാബ് പോയതു തീരെച്ചെറിയ ആടുകളെ ഇട്ടിരിക്കുന്ന മസറയ്ക്ക് അരികിലേക്കാണ്. അതിൽ മുട്ടനാടുകളിൽ ഒന്നിനെ നോക്കി അതിനെ പിടി ക്കാൻ എനിക്കു നിർദ്ദേശം തന്നു. ഇതു കൊല്ലാൻ തന്നെ, ഞാൻ ഉറപ്പിച്ചു. കാപാലികൻ! പക്ഷേ മറുത്തു പറയാൻ എനിക്കു ധൈര്യം പോരാ. മനസ്സില്ലാ മനസ്സോടെ ഞാൻ മസറയ്ക്കുള്ളിൽ കയറി പറഞ്ഞ മുട്ടനെ പിടിച്ചു പുറ ത്തേക്കു കൊണ്ടുവന്നു. അതിൻ്റെ ശരീരം എന്റെ തുടകൾക്കിടയിൽ വരത്തക്ക വണ്ണം പിന്നിലേക്കു തിരിച്ചു നിറുത്തിയിട്ട് പിൻകാലുകൾ ഉയർത്തി പ്പിടിക്കുവാൻ പറഞ്ഞു. എന്തിനെന്ന് എനിക്കപ്പോഴും ഒരൂഹവും കിട്ടിയില്ല. ആട്ടിൻകുട്ടി ഇപ്പോൾ മുൻകാലുകൾ മാത്രം നിലത്തു കുത്തിയാണ് നില്ക്കു ന്നത്. ശരീരം എൻ്റെ തുടകൾക്കിടയിൽ പിൻകാലുകൾ എന്റെ കയ്യിൽ. മുന്നിൽ നിന്നു വരുന്ന അർബാബിന് ആട്ടിൻകുട്ടിയുടെ ശരീരത്തിന്റെ അടിഭാഗം ഇപ്പോൾ വ്യക്തമായും കാണാം. പേടിച്ചു വിറച്ചു നില്ക്കുന്ന ആട്. അതിലും പേടിച്ചു വിറച്ചു നില്ക്കുന്ന ഞാൻ. പിച്ചാത്തിയുടെ മൂർച്ച ഒരിക്കൽക്കൂടി ഉറപ്പുവരുത്തിക്കൊണ്ടു മുന്നോട്ടു വരുന്ന അർബാബ്. അത്രയുമേ എനിക്കി പ്പോൾ ഓർമ്മയുള്ളൂ. പിന്നെ ഒരിക്കലും കേട്ടിട്ടില്ലാത്തതരം വന്യമായ ഒരു കരച്ചിലാണ് ഞാൻ കേൾക്കുന്നത്. പൂക്കുറ്റിയിൽനിന്നെന്നപോലെ ചീറ്റി ത്തെറിക്കുന്ന ചോരയാണ് ഞാൻ കാണുന്നത്. എന്റെ കൈകളിൽ കിടന്ന് ആട്ടിൻകുട്ടി അതിൻ്റെ സർവ്വകരുത്തമെടുത്തു പിടയുകയായിരുന്നു. ഒരു നിമിഷം എൻ്റെ പിടി വിട്ടുപോകുമോ എന്നു പോലും ഞാൻ സംശയിച്ചു. ""വിടരുത്..!' അർബാബ് അലറി. അർബാബിനെ പേടിച്ച് എൻ്റെ കരുത്ത് ആടിന്റെ കരുത്തിനെ തോല്പിച്ചു. അടുത്തനിമിഷം അർബാബ് പോക്ക റ്റിൽനിന്നും ഒരു സ്പേ എടുത്ത് ആടിന്റെ മുറിവിലേക്കു ചീറ്റിച്ചു. അന്നേരവും ആട്ടിൻകുട്ടി അതിൻ്റെ പ്രാണനിളക്കി കരഞ്ഞു. എന്നാൽ പിടിച്ചു കെട്ടിയതു പോലെ ചോര നിന്നു. അല്പനേരം കഴിഞ്ഞപ്പോൾ ആടിന്റെ പിടച്ചിലും   105   minal CO നബിലിന് പുരുഷത്വം നഷ്ടപ്പെട്ട അന്ന് എനിക്കും എന്റെ ഉണർച്ചകൾ നഷ്ടമായി! ആ താദാത്മ്യപ്പെടലിന്റെ രഹസ്യം എനിക്കിന്നും മനസ്സിലായിട്ടില്ല. ഒരാടിനൊപ്പം എങ്ങനെയാണ് എൻ്റെ പുരുഷത്വവും ഒലിച്ചുപോയതെന്ന്..!!     ബെന്യാമിൻ പതിയെ കുറഞ്ഞു വന്നു. ആടിനെ മസറയിലേക്കു തിരിച്ചു കേറ്റി വിട്ടേ ക്കാൻ അർബാബ് കൈകാണിച്ചു. ഞാനതിനെ മസറയുടെ വാതിൽ വരെ എത്തിച്ചു കൈവിട്ടു. വെടികൊണ്ട് പന്നിയെപ്പോലെ അത് ആട്ടിൻകുട്ടി കൾക്കിടയിലൂടെ ചീറിയോടിക്കളഞ്ഞു. കഷ്ടം! ഒരു മുട്ടനാടിന് അവൻ്റെ മുട്ടത്തം നഷ്ടപ്പെട്ടിരിക്കുന്നു! അവൻ്റെ മുട്ടത്തം ഒരിത്തിരി ഇറച്ചിക്കഷണമായും ഇത്തിരി ചോരയായും അർബാ ബിനു മുന്നിൽ വീണുകിടക്കുന്നു. എല്ലാ മുട്ടന്മാരെയും അതിന്റെ പൂർണ്ണ ആണത്തത്തോടെ - ആൺചൂരോടെ ജീവിക്കാൻ അനുവദിക്കില്ലെന്നു ഞാൻ നേരത്തേ ശ്രദ്ധിച്ചിരുന്നു. അതിനായി തിരഞ്ഞെടുത്ത ആടുകളുണ്ട്. ഒരു പ്രായം തികഞ്ഞാൽപ്പിന്നെ അവയുടെ വാസം തന്നെ പെണ്ണാടുകൾ ക്കൊപ്പമാണ്. അവയ്ക്ക് ഇഷ്ടംപോലെ ഇണ ചേരാം. പുരുഷത്വത്തിൻ്റെ സർവ്വചൂരോടെയും മദിച്ചു നടക്കാം. ബാക്കിയുള്ള ആണാടുകൾ എല്ലാം വെറും ഷണ ന്മാരാണ്. അവയുടെ പുരുഷത്വം നശിപ്പിച്ചു കളഞ്ഞിരി ക്കുന്നു. അവ അറവുശാലകളിലേക്ക് നയിക്കപ്പെടാനുള്ളവയാണ്. ഷ ന്മാരാക്കപ്പെട്ട ആടുകളുടെ വളർച്ച വളരെ വേഗത്തിലാണെന്ന് എനിക്കു മനസ്സിലായിട്ടുണ്ട്. അതുപക്ഷേ ഇത്ര നിഷ്‌ഠരമായാണ് നിർവ്വഹിക്കപ്പെടു ന്നതെന്ന് എനിക്കറിയില്ലായിരുന്നു! അടുത്ത ഒരെണ്ണത്തെ ണ്ടി പിടിച്ചുകൊണ്ടുവരാൻ അർബാബ് കല്പിച്ചു. ഞാൻ മസറയ്ക്കുള്ളിൽ കയറി അതിനെ പിടികൂടി. ഓരോന്നിന്റെയും പ്രായവും വളർച്ചയും അർബാബിനറിയാം. ഏതു സമയത്ത് അതിൻ്റെ പുരു ഷത്വം നശിപ്പിച്ചു കളയണമെന്നും. ചിലവയെ ഒരു മാസമാകുമ്പോൾ ചില തിനെ രണ്ടു മാസം തികയുമ്പോൾ. ഇവൻ വളരുമ്പോൾ നല്ല ഉശിരുള്ള കരുത്തുള്ള കുഞ്ഞുങ്ങളെ തരാൻ കെള്ളവനാണോ..? നല്ല പാൽ ചുരത്തുന്ന പെണ്ണാടുകളെ നല്കാൻ പ്രാപ്തനാണോ..? പ്രസവിക്കാൻ കഴിയുന്ന ആടുകളെ തരാൻ കഴിവുള്ളവനാണോ..? എന്നൊക്കെ അതിൻ്റെ പുരുഷത്തികവ് നോക്കി മനസ്സിലാക്കാൻ അർബാബിനറിയാം. അതനുസ രിച്ചാണ് ആ മുട്ടനെ ആണാകാൻ വിടണോ ഷണ്ഡനാക്കണോ എന്നു തീരു മാനിക്കുന്നത്. അർബാബ് ചൂണ്ടുന്ന ഓരോന്നിനെയായി ഞാൻ പിടിച്ചുകൊടുത്ത കൊണ്ടിരുന്നു. അർബാബ് നഖം വെട്ടുന്ന ലാഘവത്തോടെ അവറ്റകളുടെ പുരുഷത്വം ചെത്തിമാറ്റിക്കൊണ്ടിരുന്നു. അഞ്ചാറാടുകൾ കഴിഞ്ഞ്, അർബാ ബിൻ്റെ അടുത്ത കൈചൂണ്ടൽ കണ്ട് എൻ്റെ ഉള്ളം കലങ്ങിപ്പോയി. ആ കെ നീണ്ടത് എൻ്റെ നബീലിൻ്റെ നേർക്കായിരുന്നു! ഞാൻ നടുങ്ങിപ്പോയി എന്റെ നബീൽ..?! ഒരാണിൻ്റെ സർവ്വ ചൂരോടെയും മദിച്ചുനടക്കേണ്ട നീ..?! എൻ്റെ പുത്രൻ...?! ഇല്ല നിന്നെ ഞാൻ അയാളുടെ കത്തിക്കു വിട്ടു കൊടുക്കില്ല. എനിക്കതിനാവില്ല. അർബാബ് അവനെയല്ല ചൂണ്ടിയതെന്ന മട്ടിൽ ഞാനവനെ ആടുകളുടെ ഇടയിലേക്കു തള്ളിവിട്ടിട്ട് മറ്റൊരെണ്ണത്തിനെ പിടികൂടി. പക്ഷേ അർബാബിന്റെ കണ്ണുകൾ കഴുകൻ്റേതുപോലെയാണ്. 107     ആടുജീവിതം കൂടാരത്തിനുള്ളിൽ അലസമായിരിക്കുകയാണെങ്കിലും ഓരോ ആടിനെ പ്പറ്റിയും സ്വന്തം കൈവെള്ളയിലെ രേഖകൾപോലെ അയാൾക്കറിയാം. അതി നെയല്ല - ദാ അതിനെ.. അർബാബിന്റെ കൈ വീണ്ടും നബീലിന്റെ നേർക്കു നീണ്ടു. അവനെ പിടിക്കാൻ എനിക്കാവില്ല. അവനോട് ഇത്തരമൊരു ദ്രോഹം പ്രവർത്തിക്കാൻ എനിക്കാവില്ല. വീണ്ടും അടുത്തുനിന്ന മറ്റൊരെണ്ണത്തിന്റെ കാലിൽ ഞാൻ പിടിത്തമിട്ടു. ഹിമാർ!! അർബാബ് അലറി. അത് അർബാബിൻ സഹനത്തിൻ്റെ അന്ത്യരേഖയാണ്. അടുത്ത ഘട്ടം എൻ്റെ പുറത്തുവീഴുന്ന കനത്ത അടി യാണ്. എനിക്കറിയാം. എന്നിട്ടും ഞാൻ മൂന്നാമതും പിടിച്ചതു വേറൊരെ ണ്ണത്തെയാണ്. അർബാബ് ചാടിവന്ന് എൻ്റെ മുതുകിനു ചവിട്ടി. ഞാൻ തെറിച്ചു ദൂരേക്കു വീണു. അർബാബ് ആ ദേഷ്യത്തോടെതന്നെ ചാടിച്ചെന്ന് നബീലിന്റെ കാലിനു പിടിത്തമിട്ടു. അവനെ ശൗര്യത്തോടെ പുറത്തേക്കു വലിച്ചിഴക്കുമ്പോൾ ഞാൻ എഴുന്നേറ്റു ചെന്ന് അർബാബിന്റെറെ കാലിൽ തൊട്ടു. അർബാബ് - നമുക്കിവനെ ആണാകാൻ വിട്ടേക്കാം. ഇവനെ എനിക്കു വേണം. ഇവനെ അറവുശാലയിലേക്കു വിടാൻ ഞാനിഷ്ടപ്പെടുന്നില്ല. ഇവൻ എന്നോടൊപ്പം ഇവിടെ ജീവിച്ചോട്ടെ. - ഞാൻ എനിക്കറിയാവുന്ന ഭാഷയി ലെല്ലാം അർബാബിനോടു കെഞ്ചി. ഹിമാർ! അർബാബ് എന്റെ തലയ്ക്കടിച്ചു. ഒത്ത മുട്ടന്മാരെക്കണ്ടാൽ എനിക്കറിയാം. അവരിൽനിന്നു പിറക്കുന്ന കുഞ്ഞുങ്ങൾക്കേ കരുത്തു ണ്ടാകൂ. അവരേ ആർത്തിയോടെ വളർന്നു വരൂ. നിനക്കെന്തെറിയാം ഇന്തി. ഹിമാർ! ഇവൻ അധികം താമസിയാതെ അറവുശാലയിലേക്കു പോകേ ണ്ടവൻ. അർബാബ് നിർദ്ദാക്ഷിണ്യം അവനെ പുറത്തേക്കു വലിച്ചിഴച്ചു. അവന്റെ കാലുകൾ പൊക്കിപ്പിടിക്കാൻ അർബാബ് കല്‌പിച്ചു. പിന്നെ രണ്ടേരണ്ടു നിമിഷം! എന്റെ നബീലിൻ്റെ ആണത്തവും മറ്റ് നിരവധി ആടു കളുടെ ആണത്തത്തിനൊപ്പം കുഴഞ്ഞ ചോരയിൽ നിലത്തു വീണു കിടന്നു.G അത് അറുത്തുമാറ്റുമ്പോൾ എൻ്റെ നബീലിൽനിന്നുയർന്ന നിലവിളി. അതിന്നും ഈ നിമിഷവും എന്റെ ഹൃദയത്തിൽനിന്നും മാഞ്ഞുപോയിട്ടില്ല. ആ കരച്ചിൽ ഒരു കരിങ്കൽച്ചീളുകൊണ്ട് എൻ്റെ ഹൃദയത്തെ പോറുന്നതു പോലെയാണ് എനിക്കു തോന്നിയത്. നബീൽ കരഞ്ഞുകൊണ്ട് മസറയി ലേക്ക് ഓടുന്നതുമാത്രം എനിക്കോർമ്മയുണ്ട്. പിന്നെ ഉണരുമ്പോൾ ഞാൻ ഒരു കച്ചിക്കെട്ടിന്റെ മുകളിൽ കിടക്കുകയായിരുന്നു. നേരം ഉച്ചിയിലെത്തി ക്കഴിഞ്ഞിരുന്നു. ഉണർന്നെഴുന്നേറ്റപ്പോൾ അർബാബ് എനിക്കിത്തിരി വെള്ളം കുടിക്കാൻ തന്നു. പിന്നെ പതിവു പണികളിലേക്കു പറഞ്ഞു വിട്ടു. നബീലിനു പുരുഷത്വം നഷ്ടപ്പെട്ട അന്ന് എനിക്കും എന്റെ ഉണർച്ചകൾ നഷ്ട മായി! ആ താദാത്മ്യപ്പെടലിന്റെ രഹസ്യം എനിക്കിന്നും മനസ്സിലായിട്ടില്ല. ഒരാടിനൊപ്പം എങ്ങനെയാണ് എന്റെ പുരുഷത്വവും ഒലിച്ചുപോയതെന്ന്..!! 108     പതിനെട്ട് ചെമ്മരിയാടുകളെ സിനിമകളിൽ ഒക്കെ കണ്ടിട്ടുണ്ടാകും നടത്താൻ കൊണ്ടുപോകാൻ അവ ഒന്നിനോടൊന്നു പ്രയാസമില്ല. ചേർന്നങ്ങനെ നിങ്ങൾ omകൂട്ടംകൂടി പോകുന്നത്. അവയെ നയിക്കാൻ എപ്പോഴും ഒരു 'തലയാട് കാണും. അതു പോകുന്നവഴിയേ അടുത്തതും അതിന്റെ വഴിയെ അതിൻ്റടു ത്തതും പോയ്ക്കൊള്ളും. നമ്മൾ ഒരു വശത്തുനിന്ന് പതിയെ ഒന്നു നയിച്ചു കൊടുത്താൽ മാത്രം മതി. നമ്മളോട് ഏറെ ഇണങ്ങിയ ഒരാടിനെയാവും നമ്മൾ തലയാടായി നിയോഗിക്കുക. പുതുതായി വന്ന ആടുകളെയും ആട്ടിൻകുട്ടികളെയും നയിച്ചുകൊണ്ടുപോകുക അതിൻ്റെ ഉത്തരവാദിത്ത മാണ്. എന്റെ മസറയിൽ ഉണ്ടായിരുന്ന മൂന്നു തലയാടുകൾക്കു ലളിത, പത്മിനി, രാഗിണി എന്നിങ്ങനെയാണ് ഞാൻ പേരു കൊടുത്തിരുന്നത്. എന്നാൽ കോലാടുകളെയാണ് നിയന്ത്രിക്കാൻ തീരെ വയ്യാത്തത്. ഒരു മാതിരി വെകിളി പിടിച്ച മാതിരിയാണ് അതിൻ്റെ നടപ്പും ഓട്ടവും എല്ലാം. ഒന്ന് ഇടത്തോട്ടു നടന്നാൽ മറ്റേതു വലത്തോട്ടു പോകും. ഒരേ സമയത്ത് അൻപതു മുതൽ നൂറുവരെ ആടുകളുമായാണ് എനിക്കു പുറത്തു പോകേണ്ടിവരുന്നത്. അള്ളാ, അതത്രയും ഈ പ്രാന്തുപിടിച്ചു കോലാടു കൾ ആയിരിക്കുന്നത് ഒന്നോർത്തു നോക്കിക്കേ. ഞാൻ നേരത്തെ എപ്പഴോ പറഞ്ഞെന്നു തോന്നുന്നു. അവയുടെ രീതികളെപ്പറ്റി. ചെമ്മരിയാടുകളെ പ്പോലെത്തന്നെ പത്താറായിരം വർഷങ്ങളായി മനുഷ്യനോടൊപ്പം ജീവിക്കു ന്നെങ്കിലും തരം കിട്ടിയാൽ അതിൻ്റെ കാട്ടുസ്വഭാവം കാണിക്കുന്ന മറ്റൊരു ജീവിയേയും മനുഷ്യനു വളർത്തേണ്ടിവന്നിട്ടില്ല. അതിൽ മുട്ടനാടുകളെയാണ് തീരെ നിയന്ത്രിക്കാൻ കഴിയാത്തത്. എൻ്റെ അത്ര വലിപ്പമുണ്ടാകും വളർച്ച മുറ്റിയ ഒരെണ്ണത്തിന്. ഇണ ചേരാൻ പെൺകൂട്ടത്തിൽ വിട്ടിരിക്കുന്നവയാ ണെങ്കിൽ പറയുകയും വേണ്ട. തിന്നു മദിച്ച് രതിച്ചു നടക്കുന്ന അവക്കെ ങ്ങാനും ദേഷ്യം വന്നുപോയാൽ അതിന്റെ ഉശിരൊന്നു കാണേണ്ടതുതന്നെ. ഒരു ദിവസം നടത്താൻ കൊണ്ടുപോകുമ്പോൾ ഞാൻ ഒരെണ്ണത്തിനെ ഒന്നു പിന്നിൽ നിന്ന് അടിച്ചു. ശരിക്കും ആന ഇടയുന്നതുപോലെ അതൊന്നു തിരിഞ്ഞു നിന്നു. പിന്നെ സർവ്വശക്തിയുമെടുത്ത് മൂക്കു ചീറ്റി. മൂക്കിൽ നിന്നും ആവി പറക്കുന്നതു ഞാൻ കണ്ടു. തൊട്ടടുത്ത നിമിഷം, ചാടി മാറാൻ 109   ആടുജീവിതം   എനിക്കൊരു അവസരവും തരാതെ, കിതച്ചുവന്ന് എൻ്റെ നെഞ്ചിനിട്ട് ഒരിടി യായിരുന്നു. ആയിരം കിലോ തൂക്കമുള്ള ഒരു ഇരുമ്പുകൂടം വന്ന് നെഞ്ചിൽ കൊള്ളുന്ന പോലെയാണ് എനിക്കു തോന്നിയത്. ഹിന്ദി സിനിമയിലെ നായകന്റെ ഇടികൊണ്ടു വില്ലൻ തെറിച്ചുവീഴുന്നതുപോലെ ഒരു പത്തുമീറ്റർ അകലേക്കു പറന്നുവീണതു മാത്രം എനിക്കോർമ്മയുണ്ട്. അന്നേരംതന്നെ എനിക്കെൻ്റെ ബോധം നഷ്ടപ്പെട്ടു. പിന്നെ എത്രനേരം ഞാനവിടെ കിടന്നു എന്ന് എനിക്കറിയില്ല. പിന്നെ കണ്ണുതുറക്കുമ്പോൾ അർബാബ് എന്റെ മുന്നി ലിരിപ്പുണ്ട്. ഞാൻ കണ്ണുതുറന്നതും കുറച്ചു ചൂടുവെള്ളം എന്റെ മുഖത്തേക്ക് ഒഴിക്കുകയാണ് അർബാബ് ചെയ്‌തത്. പിന്നെ ""ഹിമാർ' എന്നു വിളിച്ചു കൊണ്ട് എന്തൊക്കെയോ അലറി. ഞാൻ നോക്കുമ്പോൾ ആടുകൾ ഒരു അഞ്ചുകിലോമീറ്റർ ചുറ്റളവിലേക്കു ചിതറി നടക്കുന്നതാണ് കാണുന്നത്. വല്ലവിധേനയും ഞാൻ എഴുന്നേറ്റു. എന്റെ ഇടതു കൈയ്ക്ക് വലിയ വേദന അനുഭവപ്പെടുന്നുണ്ടായിരുന്നു. വലിയ വേദന എന്നു പറഞ്ഞാൽ സഹിക്കാൻ പറ്റാത്ത വേദന. നല്ല നീരും ഉണ്ടായിരുന്നു. എൻ്റെ കൈ ഒടിഞ്ഞെന്നു തോന്നുന്നു എന്നു ഞാൻ അർബാബിനോടു പറഞ്ഞു. അയാൾ എന്നെ ബെൽട്ടൂരി അടിച്ചു. വേഗം ഓടി ആടുകളെ എല്ലാം പിടിച്ചുകൊണ്ടുവരാൻ അലറി. ഒന്നിനെയെങ്കിലും നഷ്ടപ്പെട്ടാൽ ഇന്നു നിന്റെ അന്ത്യമായിരിക്കുമെന്ന് അർബാബ് എനിക്കു താക്കീതു തന്നു. വേദന വിങ്ങുന്ന കയ്യും താങ്ങി ഞാൻ മരുഭൂമിയിലൂടെ ഓടി. ആടുകൾ അവയ്ക്ക് നിനച്ചിരിക്കാതെ കിട്ടിയ സ്വാതന്ത്ര്യം ആവോളം ആസ്വദിക്കുക യായിരുന്നു. ആടുകൾ അതിൻ്റെ വന്യമായ എല്ലാ സ്വഭാവങ്ങളും പുറത്തെ ടുത്തു കഴിഞ്ഞിരുന്നു. അസ്വാതന്ത്യത്തിൽ കിടക്കുന്ന ഒരു ജനത പെട്ടെന്നു കലഹത്തിലേക്ക് ഉണരുന്നതുപോലെയാണ് അതും. പിന്നെ പിടിച്ചാൽ പിടി കിട്ടില്ല. ഒരെണ്ണത്തെ തെളിച്ച് ഒരു ഭാഗത്തേക്കു ചെല്ലുമ്പോൾ അവിടെ നില്ക്കുന്നതു മറുഭാഗത്തേക്ക് ഓടിക്കഴിഞ്ഞിരിക്കും. അതിനെ പിടികൂടാ നായി അതിന്റെ പിന്നാലെ ഓടുമ്പോഴേക്കും ആദ്യത്തേത് അതിൻ്റെ വഴിക്കു പോയിക്കഴിഞ്ഞിരിക്കും. എല്ലാത്തിനെയും ഒന്നിച്ചുകൂട്ടി മസറയിലെത്തിക്കുക സാധ്യമല്ലെന്ന് ആദ്യത്തെ കുറച്ചു ശ്രമങ്ങൾക്കുശേഷം എനിക്കു മനസ്സി ലായി. പിന്നെ കയ്യിൽ കിട്ടുന്ന കുറച്ചെണ്ണത്തിനെയുംകൊണ്ട്ഞാൻ മസറ യിലേക്ക് ഓടും. അവയെ അവിടെ പൂട്ടിയിട്ടിട്ട് വീണ്ടും മരുഭൂമിയിലേക്കു തിരിച്ചോടും. പിന്നെക്കിട്ടുന്ന അഞ്ചോ പത്തോ എണ്ണത്തിനെയും കൊണ്ട് വീണ്ടും മസറയിലേക്കു വരും. തിരിച്ചോടും. മസറയിൽനിന്ന് ഏതാണ്ട് ഒരു രണ്ടുകിലോമീറ്ററെങ്കിലും അകലെയാവും ആദ്യത്തെ ആടു നില്ക്കുക. അവി ടുന്നങ്ങോട്ട് ഒരു അഞ്ചുകിലോമീറ്ററിലേക്ക് അവ ഇങ്ങനെ ചിതറി നടക്കുക യാണ്. ഈ ദൂരമായ ദൂരമെല്ലാം എനിക്ക് എത്രതവണ ഓടേണ്ടിവന്നു എന്നു നിശ്ചയമില്ല. മരിച്ചുപോകും പോലെ ഞാൻ തളർന്നിരുന്നു എന്നു മാത്രം എനിക്കോർമ്മയുണ്ട്. ഇടയ്ക്കെപ്പോഴോ ഇത്തിരി വെള്ളം കുടിക്കാനായി 110     ബെന്യാമിൻ ഞാൻ നിന്നതിന് അർബാബ് എന്നെ പൊതിരെത്തല്ലി. വെള്ളക്കപ്പ് തട്ടി പ്പറിച്ചു ദൂരെക്കളഞ്ഞു. ദാഹം വിങ്ങുന്ന വരണ്ട നാവോടെ ഞാൻ പിന്നെയും കിതച്ചോടി. ആ ഓട്ടത്തിനിടയിലെല്ലാം ഞാൻ ആകാശങ്ങളിലേക്കു സങ്കടത്തോടെ നോക്കി. അള്ളാ... അള്ളാ... എന്ന് നിലവിളിച്ചുകൊണ്ടിരുന്നു. അങ്ങ് അകലെ ആടുകൾ ചിതറി നടക്കുന്നത് എനിക്കു കാണാം. പക്ഷേ അവിടെ വരെ എത്തിപ്പെടാൻ എനിക്കു സാധിക്കണ്ടേ... തൊണ്ടപൊട്ടുന്ന ദാഹം, ഉള്ള് കത്തുന്ന ചൂട്, തളർച്ചകൊണ്ട് മന്ത് ബാധിച്ചപോലുള്ള കാലുകൾ, വേദന കുത്തിക്കയറുന്ന കയ്യ്... അലറിയലറി നിലവിളിച്ചുകൊണ്ട് ഞാൻ ആടു കൾക്ക് പിന്നാലെ ഓടി. പക്ഷേ കത്തുന്ന സൂര്യൻ്റെ തീക്ഷ്‌ണതയല്ലാതെ മറ്റെല്ലാം ആകാശങ്ങളിൽ നിശ്ചലമായിരുന്നു. ഏതാണ്ട് ഉച്ചതിരിഞ്ഞപ്പോഴാണ് എല്ലാ ആടുകളെയും ഞാൻ മസറയിൽ എത്തിച്ചത്. ഒരു തുള്ളി വെള്ളം കുടിക്കാതെ, ഒരിത്തിരി വിശ്രമിക്കാതെ ആ കത്തുന്ന ചൂടിൽ ഒരു മനുഷ്യന് എങ്ങനെ അത്രയും നേരം പിടിച്ചു നില്ക്കാനായെന്ന് എനിക്കു പിന്നെ പലവട്ടം അതിശയം തോന്നിയിട്ടുണ്ട്. ഏതു കഷ്ടപ്പാടിലും ജീവിക്കാനുള്ള അദമ്യമായ ആഗ്രഹം, അള്ളാഹു വിലുള്ള അനന്തമായ വിശ്വാസം ഇതുരണ്ടുമാണ് എന്നെ അപ്പോൾ ജീവി പ്പിച്ചത്. അവസാനത്തെ ആടിനെയും മസറയിൽ എത്തിച്ച് ഞാൻ കട്ടിലി ലേക്കു തളർന്നുവീഴുകയായിരുന്നു. അർബാബ് അടുത്തുവന്നിരുന്നു കുറച്ചു വെള്ളം എന്റെ വായിലേക്ക് ഇറ്റിച്ചു. ഞാൻ പിന്നെയും വെള്ളം വെള്ളം എന്നു പുലമ്പി. നീയൊക്കെ വല്ലാത്ത ധാരാളികളാണ്. വെള്ളം എങ്ങനെ സൂക്ഷിച്ചുപയോഗിക്കണം എന്ന റിയാത്ത ധാരാളികൾ.. എന്ന് അർബാബ് പറയുന്നതു ഞാൻ ആ അർദ്ധ മയക്കത്തിലും കേട്ടു. പിന്നെ എനിക്കു ബോധം നഷ്ടപ്പെട്ടു. രാത്രി പിന്നെ എപ്പോഴോ ആണ് ഞാൻ കണ്ണുതുറക്കുന്നത്. എൻ്റെ കൈ നീരു വന്ന് വല്ലാതെ വീർത്തിരുന്നു. വേദനയാണെങ്കിൽ അസഹനീയവും. എന്റെ കൈ ശരിക്കും ഒടിഞ്ഞിട്ടുണ്ടെന്ന് എനിക്കുറപ്പായി. ആടിന്റെ ഇടികൊണ്ട് നെഞ്ചിൻകൂട് കലങ്ങിപ്പോയതുപോലെ വേദനിക്കുന്നുണ്ടായിരുന്നു. തൊണ്ട പൊട്ടുന്ന ദാഹമുണ്ടായിരുന്നു. ഞാൻ പ്രാഞ്ചിപ്രാഞ്ചി എഴുന്നേറ്റു ചെന്ന് ഇത്തിരി വെള്ളമെടുത്തു കുടിച്ചു. വേദന സഹിക്കാനാവാതെ ഞാൻ അർബാബിൻ്റെ കൂടാരത്തിനടുത്തേക്കു ചെന്നു. ഇത്ര നേരം സുഖിച്ചു കിടി ന്നുറങ്ങി എന്നു ശാസിച്ചുകൊണ്ട് അർബാബ് എനിക്കു രണ്ടുമൂന്ന് ഖുബൂസ് എറിഞ്ഞുതന്നു. എനിക്കു വിശപ്പും ഒട്ടും സഹിക്കുന്നുണ്ടായിരുന്നില്ല. പച്ച വെള്ളത്തിൽ മുക്കി ഞാൻ ഖുബൂസ് ആർത്തിയോടെ തിന്നു തീർത്തു. സഹിക്കാൻ പറ്റാത്ത വേദന കാരണം ആ രാത്രി മുഴുവൻ എനിക്ക് ഉറങ്ങാനേ കഴിഞ്ഞില്ല. അതിനിടെ പലവട്ടം ഞാൻ അർബാബിന്റെ കൂടാരത്തിനു മുന്നിൽ ചെന്നു കരഞ്ഞു. എന്നെ ഏതെങ്കിലും ആശുപത്രിയിൽ കൊണ്ടു 111     ആടുജീവിതം പോകൂ. എന്റെ കൈ ഒടിഞ്ഞിരിക്കുന്നു എന്നു കെഞ്ചിപ്പറഞ്ഞു. എന്നാൽ അർബാബ് അതു കേട്ടതായിപ്പോലും ഭാവിച്ചില്ല. നേരം വെളുപ്പായപ്പോൾ അർബാബ് ഒരു പാൽപ്പാത്രവുമായി എന്റെ കട്ടിലിനരികിൽ വന്ന് എന്നെ തട്ടിവിളിച്ചു. വേഗം എഴുന്നേറ്റുപോയി ആടിനെ കറക്കാൻ പറഞ്ഞു. ഞാൻ എന്റെ കൈ കാണിച്ചു. അതിനു മറുപടിയായി തലയ്ക്കിട്ട് ഒരു കിഴുക്കാണ് അർബാബ് തന്നത്. നെഞ്ചിലെ വേദന ഒട്ടും കുറവില്ലായിരുന്നു. കയ്യാണെങ്കിൽ അപ്പോഴേക്കും മന്തുവന്നതുപോലെ വീർത്തിരുന്നു. നെഞ്ചിലും നീരുണ്ടായിരുന്നു. വേദന യാണെങ്കിൽ സഹിക്കാൻ പറ്റാത്തതും. വയ്യാത്ത കയ്യുമായി ഞാൻ മുടന്തി മസറയിലേക്കു നീങ്ങി. ഒരു കൈകൊണ്ട് ഞാനെങ്ങനെ ആടിനെ കറക്കാ നാണ്..? അത്ര ചാട്ടക്കാരിയല്ലാത്ത ആടുകളാണെങ്കിൽ പാത്രം താഴെവച്ച് രണ്ടുകൈകൊണ്ടും വേഗം കറക്കുകയാണ് എന്റെ പതിവ്. വലിയ ചാട്ട ക്കാരാണെങ്കിൽ ഒരു കൈകൊണ്ടു മുതുകു തടവിക്കൊടുക്കണം. ഈ വയ്യാത്ത കയ്യും വച്ച് ഞാൻ എന്തു ചെയ്യാൻ..? വല്ലവിധത്തിലും ഒന്നു ചാടി യാൽ അതുവരെ ഒറ്റക്കെകൊണ്ടു കറന്നതത്രയും തട്ടിമറിച്ചതുതന്നെ. രണ്ടും കല്പിച്ച് അള്ളാവിനോടു പ്രാർത്ഥിച്ച് ഞാൻ മസറയിലേക്കു കയറി. ആദ്യം എന്റെ കണ്ണിൽപ്പെട്ടതു പോച്ചക്കാരി രമണി എന്നു ഞാൻ പേരിട്ടിരി ക്കുന്ന ഒരു ആടാണ്. ആ ആടിന് എങ്ങനെ ആ പേരിടാൻ കാരണമായി എന്നത് ഒരു കഥയാണ്. പിന്നെ ഒരിക്കൽ ഞാൻ ആ കഥ നിങ്ങളോടു പറയാം. ഞാൻ പോച്ചക്കാരി രമണിയുടെ കണ്ണിൽ നോക്കി പറഞ്ഞു രമണി എനി ക്കെന്റെ കെ തീരെ അനക്കാൻ വയ്യ. നിന്റെ ഒരുശേഷക്കാരൻ ഒപ്പിച്ച പണി യാണ്. പക്ഷേ അർബാബിന് കാലത്തു പാലുകുടിക്കാതെ വയ്യ. എന്റെ കെ ഒടിഞ്ഞോ എന്റെ തലയിൽ ആകാശമിടിഞ്ഞു വീണോ എന്നതൊന്നും അർബാബിനെ അലട്ടുന്ന പ്രശ്നമല്ല. അങ്ങേർക്കു കാലത്തു പാലു കുടി ക്കണം. അതു ഞാൻ കറന്നുകൊടുക്കണം. നീ സഹകരിച്ചാൽ ഇന്നു ഞാൻ അർബാബിൻ്റെ ബാക്കി അടിയിൽനിന്ന് രക്ഷപ്പെടും. എന്റെ ഇന്നത്തെ വിധി നിന്റെ കയ്യിലാണ്. സത്യം പറഞ്ഞാൽ ചില നേരത്ത് ആടുകൾക്കു മനുഷ്യരേക്കാൾ കാര്യം മനസ്സിലാവും എന്ന് എനിക്കു തോന്നിയിട്ടുണ്ട്. അന്നെന്തായാലും രമണി എനിക്കുവേണ്ടി അനങ്ങാതെ. ചാടാതെ നിന്നു. വല്ലവിധേനയും ഞാനന്ന് അർബാബിന് ആവശ്യമായത്ര പാൽ കറന്നെടുത്തു കൂടാരത്തിൻ്റെ മുന്നിൽ കൊണ്ടുവച്ചുകൊടുത്തു. കുടിയെടാ പന്നീ കൊതിതീരെ കുടി.. ഞാൻ മന സ്സിൽ ആർത്തുശപിച്ചു. പാൽ മോന്തിയശേഷം അർബാബ് വീണ്ടും എൻ്റെ അരുകിൽ വന്നു. വേഗം പോയി കുട്ടികൾക്കുള്ള പാൽ കറന്നെടുക്കാൻ പറഞ്ഞു. എനിക്കാ വതില്ലായിരുന്നു. അതു ഞാൻ അർബാബിനോട് തുറന്നു പറഞ്ഞു. എനിക്കു 112     ബെന്യാമിൻ പറ്റില്ല, പറ്റില്ല, പറ്റില്ല!! ഞാൻ അലറുകയായിരുന്നു എന്നിപ്പോൾ തോന്നുന്നു. എന്റെ ആ ഭാവമാറ്റം അർബാബ് ആദ്യമായി കാണുകയായിരുന്നു. അയാൾ ശരിക്കും പകച്ചുപോയി. പുറത്തുവീഴുന്ന ബെൽറ്റടി പ്രതീക്ഷിച്ച് ഞാൻ കട്ടിലിൽച്ചെന്നു കമഴ്ന്നു കിടന്നു. അർബാബ് എന്നെ കൊല്ലുമായിരിക്കും. കൊല്ലട്ടെ. കൊന്നു തിന്നട്ടെ. അതോടെ തീരുമല്ലോ ഈ കഷ്ടപ്പാട്. മരണത്തെ സ്വീകരിക്കാൻ തയ്യാറായിക്കഴിഞ്ഞവന് പിന്നെ എന്തു ഭയം. അള്ളാ, ഞാനൊ രിക്കലും സ്വയം മരിക്കുകയില്ലെന്നു നിന്നോടും നിന്റെ നിയമത്തോടും സത്യം ചെയ്തിരുന്നു. പക്ഷേ അർബാബിന് എന്നെ കൊല്ലാൻ വിട്ടുകൊടുക്കുന്ന തിൽ നിനക്കു വിരോധമില്ലല്ലോ. എൻ്റെ പുത്രനെ കാണാൻ എനിക്കു വിധി യില്ല. സാരമില്ല, എനിക്കു സങ്കടമില്ല. അർബാബിന്റെ കൈ കൊണ്ടു മരി ക്കാൻ നീ എന്നെ അനുവദിക്കുക. ഇനിയും ഈ വേദനയിൽ തുടരാൻ എനിക്കു വയ്യ.. പക്ഷേ ഞാൻ വിചാരിച്ചപോലെ അർബാബ് പിന്നെ എന്റെ അരികിൽ വന്നതേയില്ല. മസറയിൽ പതിവുതെറ്റിയതിന്റെ ഒരു അങ്കലാപ്പും ബഹളവും ആടുകൾ തുടങ്ങിക്കഴിഞ്ഞിരുന്നു. അവറ്റകൾ അങ്ങനെയാണ്. ചിട്ടപ്പടിയിൽ ജീവിക്കുന്നവ. എന്തെങ്കിലുമൊന്നു ക്രമം തെറ്റിയാൽ എല്ലാം കുഴഞ്ഞു മറിയും. എല്ലാം പോയി തുലയട്ടെ. എനിക്കെന്തു വേണം. ഞാൻ അനങ്ങാൻ പോയില്ല. കുറച്ചുനേരം കഴിഞ്ഞപ്പോൾ മൂത്ത അർബാബ് വണ്ടിയിൽ വന്നതു ഞാൻ അറിഞ്ഞു. ഞാൻ ഗൗനിക്കാൻ പോയില്ല. അവർ തമ്മിൽ എന്തൊ ക്കെയോ സംസാരിച്ചു. അതിനുശേഷം അർബാബ് എൻ്റെ അരികിലേക്കു വന്നു. എന്റെ കൈ എടുത്തു പരിശോധിച്ചു. നീരിലൂടെ തടവി നോക്കി. കത്തുന്ന വേദന കൊണ്ട് ഞാൻ അലറിക്കരഞ്ഞു. എന്നെ ആശുപത്രിയിൽ കൊണ്ടുപോകാൻ ഞാൻ അർബാബിനോടു കെഞ്ചി. എന്നാൽ അർബാബ് കേട്ട ഭാവം നടിക്കാതെ വണ്ടിയിൽ കയറി എങ്ങോട്ടോ പോയി. ഞാൻ കട്ടി ലിൽതന്നെ കിടന്നു. കുറച്ചുകഴിഞ്ഞപ്പോൾ മടങ്ങി വന്നു. കയ്യിൽ എന്തൊ ക്കെയോ ചില പച്ചമരുന്നുകൾ ഉണ്ടായിരുന്നു. അത് ഒരു പാത്രത്തിലിട്ടു ചതച്ച് എന്റെ കൈയിൽ നീരുള്ളിടത്തൊക്കെ തേച്ചുപിടിപ്പിച്ചു. പിന്നെ ആദി വാസികളൊക്കെ ചെയ്യുന്നതുപോലെ കുറേ തുണിയും കമ്പുമെടുത്ത് കയ്യോട് ചേർത്തു വരിഞ്ഞുമുറുക്കിക്കെട്ടി. എന്റെ നെഞ്ചിലെ നീരും ഞാൻ അർബാബിനെ കാണിച്ചു. അർബാബ് അവിടെയും എനിക്കു മരുന്നു പുരട്ടി ത്തന്നു. എന്നെ ആശുപത്രിയിൽ കൊണ്ടുപോകാമോ എന്നു ഞാനപ്പോ ഴൊക്കെ അർബാബിനോട് കരഞ്ഞുകൊണ്ടിരുന്നു. സാരമില്ല, വേഗം പൊറു ത്തോളും എന്നായിരുന്നു അപ്പോഴൊക്കെ അർബാബിന്റെ മറുപടി. എനി ക്കൊരു വിശ്വാസവും തോന്നിയില്ല. എന്റെ കൈ കുടുതൽ നീരുവന്നു വീർത്തു പഴുത്ത് ഒടുവിൽ മുറിച്ചു കളയേണ്ടി വരുമെന്നുതന്നെ ഞാൻ പേടിച്ചു. അർബാബ് എനിക്കു രണ്ടുമൂന്നു ഖുബൂസ് കൊണ്ടുതന്നു. ആർത്തി യോടെ ഞാനത് വെള്ളം മുക്കി തിന്നുതീർത്തു. ഇപ്പോൾത്തന്നെ വല്ലാതെ   113   ആടുജീവിതം വൈകി വേഗം ആടുകളെ നടത്താൻ കൊണ്ടുപോകാൻ അർബാബ് കല്പിച്ചു. പിന്നെ എതിർത്തൊന്നും പറയാൻ എനിക്കു തോന്നിയില്ല. ഒറ്റി ക്കയ്യും താങ്ങി ഞാൻ മസറയിലേക്ക് ഓടി. ഉച്ചയായപ്പോഴേക്കും കയ്യിന്റെ വേദന പതിയെ അഴിഞ്ഞില്ലാതാവുന്നത് ഞാൻ അറിഞ്ഞു. രാത്രി ആയപ്പോൾ വേദന ഏതാണ്ടു പൂർണ്ണമായും കുറഞ്ഞു. പിന്നെ വെറും രണ്ടു ദിവസം കൊണ്ട്നെഞ്ചിലെയും കയ്യിലെയും നീര് വറ്റി. പിന്നെ ഏതാണ്ടു പത്തു ദിവസം കഴിഞ്ഞപ്പോഴേക്കും എൻ്റെ കയ്യിലെ തടിക്കെട്ട് അഴിച്ചു കളയുകയും ചെയ്തു. അത്രയും ദിവസം ഞാൻ ഒറ്റക്കയും താങ്ങിയാണ് ആടുകളെ കറക്കാനും നടത്താനും കൊണ്ടു പോയത്. അക്കാലയളവിൽ ഒരു ദിവസംപോലും ആടുകൾ എന്നെ തൊഴി ക്കുകയോ എന്നെ കുത്താൻ വരികയോ പാൽപ്പാത്രം തട്ടി മാറ്റുകയോ ചെയ്തിട്ടില്ലെന്നു ഞാൻ അതിശയത്തോടെ ഓർക്കുന്നു. പലപ്പോഴും അർബാബിനെക്കാൾ എന്നെ നന്നായി മനസ്സിലാക്കിയിട്ടു ള്ളത് ആടുകൾതന്നെയാണ്. അവ എന്നെ എത്ര ഉപദ്രവിച്ചാലും ഞാൻ അവയെ തിരിച്ചൊന്നും ചെയ്യില്ലെന്ന് അവയ്ക്ക് ബോധ്യം വന്നുകാണണം. എന്നാലും മുട്ടനാടുകളിൽനിന്ന് പിന്നെ എന്നും ഒരകലം പാലിച്ചുമാത്രമേ ഞാൻ നടന്നിട്ടുള്ളൂ. ചാടി ഇടിക്കാൻ വന്നാൽ ഞാൻ ചാടി മാറും. അല്ലെ ങ്കിൽ എന്റെ വടികൊണ്ട് ശക്തമായി പ്രഹരിക്കും. പിന്നെ ഒരിക്കലും എനിക്ക് ആടിന്റെ ഇടികൊണ്ടു വീഴേണ്ടിവന്നിട്ടില്ല. ഇക്കഥ പറച്ചിലിൽ ഇതുവരെയും പറയാതിരുന്ന ഒരു കാര്യം ഞാൻ പറഞ്ഞുകൊള്ളട്ടെ. ചെറുതായിരുന്നപ്പോൾ എന്റെ ജീവിതത്തിലെ ഏറ്റവും വലിയ ആഗ്രഹം ഒരു ആട്ടിടയൻ ആവുക എന്നതായിരുന്നു എന്നു പറയ ഞ്ഞാൽ നിങ്ങൾ വിശ്വസിക്കുമോ..? ഒരുപക്ഷേ നമ്മുടെ രമണനൊക്കെ പാടി ക്കേട്ടിട്ടുള്ള അനുഭവത്തിൽനിന്ന് ഉണ്ടായ ഒരു മോഹമാകാം. എന്റെ ഉമ്മയ്ക്ക് രമണൻ വലിയ ഇഷ്ടമായിരുന്നു. നാടുകളിൽനിന്ന് നാടുകൾ വിട്ട് നാടുകളി ലേക്ക് അലയുക. പുൽമേടുകളിലും കുന്നിൻചെരുവുകളിലും ആട്ടിൻപറ്റ ങ്ങളുമായി വെറുതെ നടന്നുപോകുക. ഓരോ ദിവസവും ഓരോ ഇടങ്ങളിൽ കൂടാരമടിക്കുക. മഞ്ഞുപുതച്ച രാത്രികളിൽ തീകൂട്ടി ആടുകൾക്കു കാവലി രിക്കുക. കഥകളിൽ പറഞ്ഞുകേട്ട സ്വപ്ന്നതുല്യമായ ഏതോ ഒരു അനുഭവ മായിരുന്നു എനിക്ക് ആടുമേയ്ക്കൽ. എന്നാൽ ഇടയജീവിതം എൻ്റെ ജീവിതത്തിൽ ഒരു സത്യമായി ഭവിച്ച പ്പോൾ എൻ്റെ സ്വപ്‌നങ്ങളിൽനിന്ന് അതെത്ര അകലെയാണെന്നു ഞാൻ വേദനയോടെ ഓർക്കുന്നു. അറിവില്ലാത്ത കാര്യങ്ങളെക്കുറിച്ചും അകലെ നടക്കുന്ന കാര്യങ്ങളെക്കുറിച്ചും ഒരിക്കലും നാം വെറുതെപോലും സ്വപ്നങ്ങൾ കാണാൻ പാടില്ല എന്നാണ് ഞാൻ പറയുന്നത്. അവ എന്നെ ങ്കിലും ഒരിക്കൽ നിങ്ങളുടെ ജീവിതത്തിൽ യാഥാർത്ഥ്യമായാൽ നേർക്കു നേരെ നിന്ന് നോക്കാൻപോലും ആകാനാവാത്തവിധം ഭീകരമായിരിക്കും അത് എന്നു ഞാൻ നിങ്ങൾക്കു മുന്നറിയിപ്പു തരുന്നു. 114     പത്തൊമ്പത് ഞാനും ഒരു അർബാബും കുറെ ആടുകളും മാത്രമുള്ള ഒരു അന്യ m ഗ്രഹത്തിലാണ് എൻ്റെ താമസം എന്ന എൻ്റെ വാചകത്തെ വല്ലപ്പോഴുമെ ങ്കിലും മുറിച്ചുകളയുന്നത് ആഴ്‌ചയിൽ രണ്ടുപ്രാവശ്യം വരുന്ന വെള്ളം വണ്ടിയും ആഴ്‌ചയിൽ ഒരിക്കൽ വരുന്ന പോച്ചക്കച്ചി ടെയിലറും മാസത്തി ലൊരിക്കൽ വരുന്ന ഗോതമ്പുലോറിയുമാണ്. ഞാൻ വസിക്കുന്ന ലോക ത്തിനെ പ്രപഞ്ചത്തിന്റെ ഇതരഭാഗങ്ങളുമായി ബന്ധിപ്പിക്കാനുള്ള ഏകവഴി യാണ് ഈ വണ്ടികൾ. അതിൽ വരുന്നതു മുഴുവൻ പാകിസ്താനി പട്ടാണി കളാണ്. അവരുമായി ബന്ധം സ്ഥാപിച്ചാൽ എനിക്കു പുറം ലോകവുമായി ബന്ധപ്പെടാം. ഞാൻ ഇവിടെ ഒരിടത്തു ജീവിച്ചിരിക്കുന്നു എന്നെങ്കിലും അവരെ അറിയിക്കാം. അവർ വഴിയാണ് എനിക്ക് എന്നെങ്കിലും ഒരിക്കൽ രക്ഷപ്പെടാനുള്ള മാർഗ്ഗവും. അങ്ങനെ എന്തെങ്കിലും ഒരു സാധ്യത എന്നെ ങ്കിലും ഒരു ദിവസം വീണുകിട്ടും എന്ന പ്രതീക്ഷ എന്റെ ഉള്ളിലെവിടെയോ മയങ്ങിക്കിടപ്പുണ്ട്. പക്ഷേ എന്റെ എല്ലാ സാധ്യതകളെയും അവസാനിപ്പിച്ചു കൊണ്ട് അവർ വരുന്ന ദിവസം അർബാബ് എന്നെ നേരത്തേ മരുഭൂമിയി ലേക്കു പറഞ്ഞുവിടും. അവർ മടങ്ങിപ്പോയിക്കഴിഞ്ഞേ ആടുകളുമായി മടങ്ങാൻപാടുള്ളൂ. അവർ വണ്ടിയിൽ വന്നു ടാങ്കിൽ വെള്ളം നിറയ്ക്കു ന്നതിനു കച്ചിയും പോച്ചയും ഗോതമ്പും ഒക്കെ അട്ടിയിറക്കുന്നതിനും സഹാ യിക്കാൻ മാത്രമേ എനിക്കു വിധിയുള്ളൂ. എന്നാലും ആ വണ്ടികൾ മസറ യോടടുക്കുമ്പോൾ എൻ്റെ മനസ്സ് എന്തെന്നില്ലാത്ത ഒരു സന്തോഷംകൊണ്ടു പിടയും. എൻ്റെ ആരോ പ്രിയപ്പെട്ടവർ എന്റെ വീട്ടിൽ വിരുന്നിനു വന്നതു പോലെ എനിക്കന്നേരം ഒരു സന്തോഷമാണ്. ഞാൻ ആടുകളോടു പതിവി ലധികം സല്ലപിക്കുകയും അവകളോട് ഉച്ചത്തിൽ വർത്തമാനം പറയുകയും ചെയ്യും. പക്ഷേ എന്നെ അകലത്താക്കി ആ വണ്ടികൾ പൊടിപറത്തി ദൂരേക്ക് ഓടിമറയുമ്പോൾ എന്നിൽനിന്ന് ഒരു ലോകംതന്നെ ഓടി മറയുന്നതായി ട്ടാണ് എനിക്കു തോന്നുക. അന്നേരം ഹൃദയം വാർന്നൊഴുകിപ്പോയതു പോലെ ഒരു തളർച്ച എന്നെ ബാധിക്കും. യാദൃച്ഛികമായി ഒരു ദിവസം ചുമടിറക്കാൻ ആളില്ലാതെയാണ് ഒരു ട്രയിലർ വന്നത്. നിവൃത്തിയില്ലാതെ അർബാബ് എന്നെ മരുഭൂമിയിൽ നിന്നും   115   ആടുജീവിതം തിരിച്ചുവിളിച്ചു. അതിൻ്റെ ഡ്രൈവറും ഒരു പാക്കിസ്താനിയായിരുന്നു. എത്രയോ കാലത്തിനുശേഷം മൂന്നാമത് ഒരു മനുഷ്യനെ ഞാൻ അത്രയും അടുത്തുകാണുകയായിരുന്നു. അയാളുടെ വിയർപ്പിനുപോലും ഒരു മണമുണ്ടെന്ന് എനിക്കു തോന്നിപ്പോയി. ഞാൻ താമസിക്കുന്നത് ഏതുതരം ദുർഗന്ധത്തിനുള്ളിലാണെന്ന് നേർത്ത ഒരു തോന്നൽ അപ്പോൾ മാത്രം എനിക്കുണ്ടായി. ഒരു മനുഷ്യനെ കണ്ട സന്തോഷത്തിൽ ഞാനയാളെ ഒന്നു തൊടുകപോലും ഉണ്ടായി. അപ്പോൾ എന്റെ ഉള്ളിലൂടെ ആത്മനിർവൃതി യുടെ ഒരു കുളിർരേഖ കടന്നുപോകുന്നതു ഞാൻ വ്യക്തമായും അനു ഭവിച്ചു. ചുമടിറക്കുന്നതിനിടെ എനിക്കറിയാവുന്ന എല്ലാ ഭാഷയിലും എൻ്റെയു ള്ളിലെ എല്ലാ സങ്കടവും നിറച്ച് ഞാനയാളോട് എന്നെ ഈ നരക ത്തിൽനിന്നും എങ്ങനെയെങ്കിലും രക്ഷിക്കണം എന്നു കെഞ്ചിപ്പറഞ്ഞു. പക്ഷേ അയാളുടെ മുഖത്ത് ആകെ നിറഞ്ഞുനിന്നതു കനത്ത നിർവ്വികാരത മാതമായിരുന്നു. അയാൾ എന്നെ ഒന്നു ഗൗനിക്കുകകൂടി ചെയ്തില്ല. എനിക്ക പ്പോൾ ഉണ്ടായ സങ്കടം. ട്രയിലറിനടുത്തേക്ക് അർബാബ് എന്നെ കയ്യാട്ടി വിളിച്ചപ്പോൾ സർവ്വ ആടുകളേയും ഉപേക്ഷിച്ചു ഞാൻ ഓടിയ ഒരു ഓട്ട മുണ്ട്. ജീവിതത്തിൻ്റെ പ്രതീക്ഷയിലേക്കും വെളിച്ചത്തിലേക്കുമുള്ള പ്രത്യാശ നിറച്ച ഒരോട്ടമായിരുന്നു അത്. ഇതാ ആ നിമിഷം വന്നിരിക്കുന്നു എന്നായിരുന്നു അപ്പോഴത്തെ വിചാരം. പക്ഷേ അയാളുടെ ഒരൊറ്റ നിസ്സംഗ നോട്ടം കൊണ്ട് ആ പ്രതീക്ഷയെല്ലാം എന്നിൽനിന്ന് അപ്പാടെ വാർന്നൊ ഴുകിപ്പോയി. കച്ചിയുടെയും പോച്ചയുടെയും കെട്ടുകൾ തലയിൽ താങ്ങി ഇറക്കുമ്പോൾ ദയാപൂർവ്വം ഞാൻ അയാളെ നോക്കും. എന്തെങ്കിലും ഒരു അംഗവിക്ഷേപത്തിലൂടെ അയാളുടെ ശ്രദ്ധ ആകർഷിക്കാൻ ശ്രമിക്കും. വളരെ യാദൃച്ഛികമെന്നോണം അയാളുടെ അരികിലൂടെ നടന്ന് എന്നെ ഇവി ടുന്നു രക്ഷിക്കണം എന്നു പറയും. ഇടയ്ക്കൊരു വട്ടം യാദൃച്ഛികമെന്നോണം ഒരു കച്ചിക്കെട്ട് താഴെയിടുകയും അതെടുക്കാനെന്ന മട്ടിൽ കുനിഞ്ഞ് അയാളുടെ കാലിൽ ഞാൻ പിടിക്കുകയും ചെയ്തു. അപ്പോൾപോലും അയാ ളെന്റെ കണ്ണിൽ ഒന്നു നോക്കുകകൂടി ചെയ്തില്ല. കഷ്ടം! എന്റെ നെഞ്ച് തകർന്നുപോയ വിധം... സാധനമിറക്കി എന്നോടൊന്നു പുഞ്ചിരിക്കുകപോലും ചെയ്യാതെ അയാൾ വണ്ടിയോടിച്ചു പോയി. എന്നിലെ പ്രതീക്ഷ അന്ധകാരത്തിലേക്കു വീണടി യുകയായിരുന്നു. ഞാനപ്പോൾ അയാളെ ശപിച്ച വിധം! ഇപ്പോഴെനിക്കത് ആലോചിക്കുക കൂടി വയ്യ. ലോകത്തൊരാളും ഒരപരിചിതനെ ഇത്രയധികം ശപിച്ചുകാണില്ല. ദ്വേഷിച്ചു കാണില്ല. ആടുകളെ തടുത്തുകൂട്ടാൻ മരുഭൂമിയിലേക്കു തിരിച്ചു നടക്കുമ്പോൾ എന്റെ നെഞ്ചിൽ ആഞ്ഞ് രണ്ടിടി ഇടിച്ചാണ് ഞാൻ ആ ദേഷ്യം കുറെയെങ്കിലും കലക്കിക്കളഞ്ഞത്. 116     ബെന്യാമിൻ വർഷങ്ങളായി എന്റെ അർബാബിനെ അടുത്തറിയാവുന്ന അയാളുടെ അപ്പോഴത്തെ നിസ്സഹായാവസ്ഥ എനിക്കിപ്പോൾ ഊഹിക്കാൻ കഴിയും. അയാൾ എന്നോടു സംസാരിക്കാൻ മുതിർന്നിരുന്നെങ്കിൽ അർബാബ് എന്താണ് അയാളോടു ചെയ്യുക എന്നു പറയാനാവില്ല. പിന്നെ ഒരിക്കൽ ഗോതമ്പിറക്കാൻ വന്ന ഒരു വണ്ടിക്കാരൻ എന്നോടെന്തോ സംസാരിക്കാൻ ശ്രമിച്ചതും അർബാബ് തോക്കുമായി ചാടി വന്നതും ഒന്നിച്ചായിരുന്നു. അതു പോലെതന്നെ ഒരു വെള്ളം വണ്ടിക്കാരൻ എന്നോടു സംസാരിച്ചതിന് അർബാബ് അയാളെ തോക്കിന്റെ പാത്തികൊണ്ട് അടിച്ചു നിലത്തിട്ടതും എനിക്കോർമ്മയുണ്ട്. എനിക്കു മുൻപേ എന്നെപ്പോലെ എത്ര 'ആടുകൾ ഈ മസറയിൽ പെട്ടുപോയിട്ടുണ്ടാവണം. ഒരുപക്ഷേ അവരിൽ ചിലരെ യെങ്കിലും രക്ഷപ്പെടുത്താൻ ശ്രമിച്ചതിന്റെ തിക്തഫലം പാക്കിസ്താനി യുടെ മനസ്സിൽ തികട്ടുന്നുണ്ടായിരിക്കണം. ഒരുപക്ഷേ എന്നെ അങ്ങനെ നിഷ്കരുണം ഉപേക്ഷിച്ചതിൻ്റെ വേദനയിൽ അയാൾ വണ്ടിയിലിരുന്നു നെഞ്ചുപൊട്ടി കരഞ്ഞു കാണില്ലെന്ന് ആരറിഞ്ഞു. അല്ലെങ്കിലും അയാൾ എന്നെ ഉപേക്ഷിക്കുകയായിരുന്നില്ല എന്നു വിശ്വസിക്കാനാണ് എനി ക്കിഷ്ടം. അന്നുതന്നെ ഏറെ വൈകിയതിനു മുൻപേ ഞാൻ അങ്ങനെ എൻ്റെ മനസ്സിനെ പറഞ്ഞു പഠിപ്പിച്ചു. ഞാൻ എന്റെ പല വേദനകളെയും നീന്തി പ്പോന്നത് അങ്ങനെയാണ്. കരുണാമയനായ അള്ളാഹുവേ, നീ എനിക്കു തന്ന കഠിന ദിവസങ്ങളിലൂടെ നടന്നുപോകേണ്ടത് എൻ്റെ മാത്രം വിധി യായിരുന്നു. അതിൻ്റെ പേരിൽ നിരപരാധിയായ ഒരു മനുഷ്യനോട് ദ്വേഷി ക്കുകയും മനസ്സിൽ ശപിക്കുകയും ചെയ്‌തതിനു നീ എന്നോടു പൊറുക്കേ ണമേ.. ആദ്യം എല്ലാത്തിനും മസറയിൽ ഒരു മുശടു വാടയായിരുന്നു. ഛർദ്ദി ക്കാൻ തോന്നുന്ന തരം വാട. ആടുകളുടെ മൂത്രത്തിൻ്റെ ചൂരും കാഷ്‌ഠത്തിൻ്റെ ചൂരും മൂത്രം വീണുനനഞ്ഞ പോച്ചയുടെയും കച്ചിയുടെയും വാടയും എല്ലാം ചേർന്ന ഒരു അസഹ്യ ഗന്ധം. അതിന് ഏകദേശം സമാനമായ ഒരു ഗന്ധം ഞാൻ എന്നെങ്കിലും അനുഭവിച്ചിട്ടുണ്ടെങ്കിൽ അതു സർക്കസ് കൂടാര ത്തിന്റെ ഗന്ധമാണ്. ആടിന്റെ പാലിനുപോലും ഉണ്ടായിരുന്നു ആ വാട. ഖുബൂസിൻ്റെ ഓരോ കഷണം പാലിൽ മുക്കുമ്പോഴും ഈ വാടകൾ എല്ലാം എന്റെ മൂക്കിലേക്ക് അടിച്ചു കയറും. ആദ്യത്തെ ദിവസങ്ങളിൽ അങ്ങനെ എത്രവട്ടം ഞാൻ ഛർദ്ദിച്ചു പോയിരിക്കുന്നു. എന്നാൽ പതിയെ പതിയെ ആ വാട എന്നിൽ നിന്ന് അകന്നുപോയി. അല്ലെങ്കിൽ അങ്ങനെ ഒരു വാടയെപ്പറ്റി മറന്നുപോയി. പിന്നെ പലവട്ടം ആഗ്രഹിച്ചുനോക്കിയിട്ടും എനിക്കത് അനുഭവിക്കാൻ പറ്റി യിട്ടേയില്ല. അങ്ങനെ ഒരു വാട നിലനിന്നിരുന്നു എന്നു വിശ്വസിക്കാൻപോലും കഴിയാനാവാത്തവിധം അതെന്നിൽ ലയിച്ചുകഴിഞ്ഞിരുന്നു. എന്നുമാത്രമല്ല ആടുകളുടെ ഗന്ധവൈജാത്യങ്ങൾ തിരിച്ചറിയാൻ ഞാൻ പ്രാപ്തനാവുകയും   117 ആടുജീവിതം   ചെയ്തു. അതായത്, മുട്ടനാടുകൾക്ക് ഒരു പ്രത്യേക മണം, ചെമ്മരിയാടുക കൾക്കു വേറൊരു മണം. ചെമ്മരിയാടുകൾ തന്നെ ഒരു നൂറു വിധമുണ്ട്. അതിനെല്ലാം വേറെവേറെ മണം. ഗർഭിണിയായ ആടുകൾക്ക് ഒരു മണം. പ്രസവിക്കാറായ ആടുകൾക്ക് അതിലും വ്യത്യസ്‌തമായ മണം. ആ മണം അറിഞ്ഞ് ആടു പ്രസവിക്കുന്ന ദിവസം കണക്കുകൂട്ടാൻപോലും എനിക്കു കഴിയുമായിരുന്നു. ഇനി പ്രസവിച്ചുവീണ കുട്ടിക്ക് ഒരു മണം. മുതിർന്ന കുട്ടിക്കു വേറൊരു മണം. വാവുകാലമായ ആടുകൾക്ക് ഒരു മണം. ഇതിൽനിന്നെല്ലാം വ്യത്യസ്‌തമാണ് ഒട്ടകങ്ങളുടെ മണം. ഒട്ടകങ്ങൾതന്നെ രണ്ടുവിധമുണ്ട്. ഒരു പൂഞ്ഞയുള്ളതും ഇരു പൂഞ്ഞയുള്ളതും. അതിനു രണ്ടിനും വ്യത്യസ്ത മണങ്ങളാണ് ഉള്ളത്. ഒരു മണവും ഇല്ലാതെ ഒരു ജീവിയേ മസറയിൽ ഉണ്ടായിരുന്നുള്ളൂ. അതു ഞാൻ എന്ന മൃഗമാകുന്നു..! ഒരു ദിവസം എനിക്കു പെട്ടെന്നൊരു മോഹമുദിച്ചു. സൈനുവിന് ഒരു കത്തെഴുതണം. എങ്ങനെ അത് അവളുടെ കൈവശം എത്തും എന്നൊന്നും എനിക്കപ്പോൾ ആലോചനയില്ല. എഴുതണം. എഴുതണം. ഉച്ച ഖുബൂസിനും പച്ചവെള്ളത്തിനും ശേഷം കിട്ടിയ ഇത്തിരി ഇടവേളയിൽ ഞാൻ കട്ടിലിനടി യിൽനിന്നും എൻ്റെ ബാഗ് വലിച്ചെടുത്തു. അതിനുള്ളിൽ ബോംബെയിൽ നിന്നു വാങ്ങിയ ഒരു ലെറ്റർപാഡും പേനയും ഉണ്ടായിരുന്നു. ഞാനതു കയ്യിലെടുത്തു. ഒത്തിരി കുത്തിവരച്ചശേഷമാണ് പേന ഇത്തിരി തെളിഞ്ഞത്. ഞാൻ ആദ്യമായിട്ടാണ് ഒരു കത്തെഴുതുന്നത്. എങ്ങനെ എഴുതണം എന്നൊരു പിടിയും ഇല്ലായിരുന്നു. എങ്കിലും മനസ്സിലെ വിചാരങ്ങൾ സ്വരു ക്കൂട്ടി ഞാൻ എഴുതിത്തുടങ്ങി. എൻ്റെ എത്രയും പ്രിയപ്പെട്ട സൈനു, ഞാനിവിടെ സുഖമായി എത്തിച്ചേർന്നിരുന്നു. എന്നാൽ ജോലിത്തിരക്കു കാരണം എനിക്ക് ഒരു കത്തെഴുതാൻപോലും പറ്റിയില്ല. നീ അവിടെ സങ്കട പ്പെട്ടിരിക്കുകയാണെന്ന് എനിക്കറിയാം. വിഷമിക്കണ്ട. നിന്റെ ഇക്ക ഇവിടെ സുഖമായിരിക്കുന്നു. പാലും കമ്പിളിയും ഉണ്ടാക്കുന്ന ഒരു വലിയ കമ്പനി യിലാണ് എനിക്കു ജോലി. നല്ല ജോലിയാണ്. നമ്മളൊന്നും ചെയ്യണ്ട. എല്ലാം മിഷ്യൻ ചെയ്തോളും. എനിക്കാണ് കമ്പനിയുടെ മേൽനോട്ടം. എന്റെ അർബാബിന് എന്നെ വലിയ ഇഷ്ടമായി. എന്റെ ജോലി ഇഷ്ടമായി. എനിക്ക് ഇടയ്ക്കിടെ നല്ല സമ്മാനങ്ങൾ തരാറുണ്ട്. ഇവിടെ വിശാലമായ ഒരു സ്ഥലത്താണ് എൻ്റെ മുറിയും താമസവും. എന്റെ കട്ടിലിൽ ഇരുന്നാൽ എനിക്ക് അടുത്ത പ്രദേശങ്ങൾ മുഴുവൻ കാണാം. അത്ര സുന്ദരമായ സ്ഥല മാണ്. പിന്നെ ആഹാരം. ഞാനിതുവരെ കഴിച്ചിട്ടില്ലാത്ത എന്തൊക്കെ ആഹാരങ്ങളാണെന്നോ അർബാബ് എനിക്കു കൊണ്ടുതരുന്നത്. ഇപ്പോ ത്തന്നെ ഖുബൂസും ചിക്കൻ കറിയും മട്ടൻ മസാലയും കഴിച്ച് ഒരു ഗ്ലാസ് കട്ടിപ്പാലും കുടിച്ചശേഷമാണ് ഈ കത്തെഴുതാൻ ഇരിക്കുന്നത്. ഇത്ര ദിവസംകൊണ്ടുതന്നെ എനിക്കു വല്ലാതെ തടിവച്ചോ എന്നൊരു സംശയം. 118     ബെന്യാമിൻ ഇപ്പോ ഉച്ചയ്ക്കത്തെ വിശ്രമസമയമാണ്. ഇനി കുറച്ചുകഴിഞ്ഞ് എനിക്കു ജോലിയിൽ പ്രവേശിച്ചാൽ മതി. അതുവരെ സുഖമുള്ളകാറ്റേറ്റ് കിടന്നന്നു റങ്ങാം. നമ്മുടെ നാട്ടുകാരായ കുറച്ചുപേരൊക്കെ എനിക്കൊപ്പം ഇവിടെയുണ്ട്. റാവുത്തർ, രാഘവൻ, വിജയൻ, പോക്കർ എന്നിങ്ങനെ കുറച്ചുപേർ. എനിക്ക വരുമായി അധികം സഹവാസവും മിണ്ടാട്ടവും ഒന്നുമില്ല. അർബാബിന് അതിഷ്ടമല്ല. അർബാബിന് ഹൂറിയായ ഒരു മകളുണ്ട്. വൈകുന്നേരത്ത് ഞാൻ അവളോടൊപ്പം നടക്കാൻ പോകും. ഞാൻ തന്നെ ചെല്ലണമെന്ന് അവൾക്കു നല്ല നിർബന്ധമാണ്. മേരിമൈമുന എന്നാണ് അവളുടെ പേര്. ഇതയൊക്കെയാണ് എന്റെ വിശേഷങ്ങൾ. അവിടെ നിനക്കും ഉമ്മയ്ക്കും സുഖമെന്നു വിചാരിക്കുന്നു. ഇനിയും സമയം കിട്ടുമ്പോൾ എഴുതാം. എന്നു നിന്റെ സ്വന്തം ഇക്ക നജീബ് ഞാൻ പേപ്പർ മടക്കി. പിന്നെ കണ്ണടച്ചിരുന്നു കുറെ കരഞ്ഞു. ആ കത്തല്ല. ആ കരച്ചിലായിരുന്നു എൻ്റെ സത്യം. ആരും വായിക്കാത്ത സത്യം. IndianTermia 119     ഇരുപത് ത്തിന്റെ ഒരു ദിവസം കിഴക്കേക്കോണ് വൈകീട്ട് ആടുകളെയുംകൊണ്ടു കറുത്തിരുളുന്നതു ഞാൻ നടക്കുമ്പോൾ കണ്ടു. മരുഭൂമിയെ ആകാശ omഞാൻ ശ്രദ്ധിച്ചിട്ടുണ്ട്. സാധാരണ ഋതുസംക്രമണങ്ങൾ സംഭവിക്കുക ഒരു പൊടിക്കാറ്റിന്റെ അകമ്പടിയോടെ ആയിരിക്കും. ഒരു പൊടിക്കാറ്റ് വന്നു മാഞ്ഞുപോകുമ്പോഴേക്കും കാലാവസ്ഥയും മാറിക്കഴിഞ്ഞിരിക്കും. അവി ടത്തെ ഓരോ മാറ്റവും പെട്ടെന്നാണ്. പതിയെ എന്നൊന്ന് അവിടെയില്ല. തലേന്നുവരെ നല്ല ചൂടായിരിക്കും. പിറ്റേന്നു നേരം പുലരുന്നതു നല്ല തണു പ്പിലേക്കായിരിക്കും. തലേന്നു വരെ കമ്പിളി പുതച്ചുകിടക്കേണ്ട തണുപ്പാ യിരിക്കും. പിറ്റേന്ന് ഉച്ച കത്തുകയായിരിക്കും. കഴിഞ്ഞ നിമിഷം വരെ അന്തരീക്ഷം പൊടിയുടെ ഒരംശംപോലുമില്ലാതെ ശുഭമായിരിക്കും. അടുത്ത നിമിഷം എവിടെനിന്നെന്നറിയാതെ ഒരു പൊടിക്കാറ്റ് വന്ന് ആ ശുഭതയെ കലക്കിക്കളയും. അതിൻ്റെ വരവും അങ്ങനെത്തന്നെ ആയിരുന്നു. പകൽ മുഴുവൻ യാതൊരു സൂചനയുമില്ലാതെ ചുട്ടുപഴുത്തു കിടക്കുകയാ യിരുന്നു. പെട്ടെന്ന് ആകാശത്തിൻ്റെ അങ്ങേച്ചെരുവിൽ ഒരു കരിമേഘ പടലം പ്രത്യക്ഷമായി. നിമിഷങ്ങൾക്കകം അത് ആകാശം മുഴുവൻ പടർന്നൊ ലിക്കുകയും മരുഭൂമിയെ ഒരു കരിമ്പുതപ്പിനുള്ളിലെന്നപോലെ ഇരുട്ടിലാക്കി ക്കളയുകയും ചെയ്തു. തണുത്ത കാറ്റ് എൻ്റെ ശരീരത്തിനെയും മനസ്സി നെയും കീറിമുറിച്ചുകൊണ്ട് വീശിയടിച്ചു. മരുഭൂമിയിൽനിന്നും ധ്രുവപ്രദേശ ത്തേക്ക് എടുത്തെറിയപ്പെട്ട പ്രതീതിയായിരുന്നു എനിക്ക്. ഉന്മാദത്തിൽ പെട്ടതുപോലെ ആടുകൾ ലക്ഷ്യമില്ലാതെ ഓടുവാൻ തുടങ്ങി. പ്രകൃതിയി ലുണ്ടായ മാറ്റം ആടുകൾക്കെന്നപോലെ എന്നിലും ഉന്മാദസന്തോഷം നിറച്ചു. ആടുകളെ അലയാൻ വിട്ട് ഞാൻ ആ തണുപ്പിലൂടെ കൈവിരിച്ചു നടന്നു. അർബാബ് വണ്ടിയുമായി പിന്നാലെ വന്ന് എന്നെ ശകാരിച്ചപ്പോഴാണ് ഞാൻ ആടുകളെയും തടുത്തുകൂട്ടി മസറയിലേക്കു മടങ്ങിയത്. ഞാൻ മസ റയിൽ എത്തിയപ്പോഴേക്കും മഴ പൊടിഞ്ഞു കഴിഞ്ഞിരുന്നു. ആദ്യത്തെ തുള്ളി ദേഹത്തുവീണതും ഞാൻ ഒരു കഠാരക്കുത്തേറ്റതു പോലെ പിടഞ്ഞുപോയി. കണക്കുകൂട്ടൽ ശരിയാണെങ്കിൽ എട്ടോ പത്തോ മാസങ്ങൾക്കുള്ളിൽ ആദ്യമായിട്ടാണ് എന്റെ ദേഹത്ത് ഒരു തുള്ളി വെള്ളം 120    ബെന്യാമിൻ സ്പർശിക്കുന്നത്. അതിന്റെ വേദന കഠിനമായിരുന്നു. അല്പം കഴിഞ്ഞ പ്പോൾ മഴ വീശിപ്പെയ്യാൻ തുടങ്ങി. ഓരോ തുള്ളി പതിക്കുമ്പോഴും ദേഹത്ത് ഒരു തുള വീഴുന്നതുപോലെയാണ് എനിക്കനുഭവപ്പെട്ടത്. ആ വേദന സഹി ക്കാനാവാതെ ഞാനോടിപ്പോയി കമ്പിളിയെടുത്തു മൂടിപ്പുതച്ചു. എനിക്കു മാത്രമല്ല, ആടുകൾക്കും ആ വേദന അസഹനീയമായി തോന്നിയിരിക്കണം. അവ അപരിചിതമായ ശബ്ദത്തിൽ അലറിക്കരയുവാൻ തുടങ്ങി. പൊതുവേ ശാന്തരായ ഒട്ടകങ്ങൾ എവിടെയൊക്കെയോ അലഞ്ഞുതിരിഞ്ഞു മഴപ്പാതി യിലാണ് കയറിവന്നത്. അവയും മഴസൂചിക്കുത്തേറ്റതിൻ്റെ വേദനയിലും അസ്വസ്ഥതയിലും ആയിരുന്നു. മഴയോടൊപ്പം ഇടിയും മിന്നലും വന്നു. മിന്നൽപ്പാളികൾ ആകാശത്തു നിന്നും ഇറങ്ങിവന്ന് ഞങ്ങളുടെ മസറയാകെ കത്തിച്ചുകളയുമോ എന്നു പോലും ഞാൻ പേടിച്ചു. ഓരോ മഴത്തുള്ളി എൻ്റെ തലയിൽ പതിക്കുമ്പോഴും ഓരോ രോമ കൂപവും വേദനകൊണ്ടു വിറച്ചെഴുന്നേറ്റു. എൻ്റെ ദേഹം പൊള്ളുകയും നീറു കയും വിറയ്ക്കുകയും ചെയ്തു. മഴകൊള്ളാനും നനയാനും കുളിക്കാനും എനിക്കാഗ്രഹമുണ്ടായിരുന്നു. പക്ഷേ അതു സഹിക്കാൻ എനിക്കാവില്ലാ യിരുന്നു. അതു സഹനീയതയുടെ സർവ്വപരിധിയും വിട്ടുകഴിഞ്ഞപ്പോൾ ഞാൻ ഓടി അർബാബിൻ്റെ കൂടാരത്തിലേക്കു ചെന്നു. അവിടെ കണ്ട കാഴ്ച! അർബാബ് കൂടാരത്തിൻ്റെ മൂലയ്ക്ക് ഒരു ഭീരുവിനെപ്പോലെ കൂനി പ്പിടിച്ചിരിപ്പുണ്ട്. ലോകത്തിൽ മറ്റെന്തിനെക്കാളും അധികമായി അർബാബ് മഴയെയും വെള്ളത്തിനെയും പേടിക്കുന്നതായി എനിക്കു തോന്നി. അത്രയും പേടിച്ച ഒരു മനുഷ്യനെ ഞാൻ ജീവിതത്തിൽ എവിടെയും കണ്ടുമുട്ടിയി ട്ടില്ല. ഒരു തുള്ളി വെള്ളമെങ്കിലും ആ ദേഹത്തു വീഴുന്നത് ഒരു ജിന്നിനെ തൊടുന്നതുപോലെ അർബാബ് ഭയപ്പെട്ടു. മഴയുടെ എറിച്ചിൽത്തുള്ളികൾ കൂടാരത്തിലേക്ക് അടിച്ചുകയറുമ്പോൾ അർബാബ് കുറെക്കൂടി മൂലയിലേക്കു ചേർന്നിരുന്നു. ജനിച്ചിട്ട് ഇതുവരേയും അർബാബ് ഒരിക്കൽപ്പോലും കുളി ച്ചിട്ടുണ്ടാവില്ലെന്ന് എനിക്കപ്പോൾ തോന്നി. ഒരിക്കലും സംഭവിക്കാത്തതുപോലെ അർബാബ് എന്നെ കൂടാരത്തി ലേക്കു വിളിച്ചു കയറ്റി. ഞാൻ താഴെ ഇരിക്കാൻ ശ്രമിച്ചപ്പോൾ എന്നെ കട്ടി ലിൽ പിടിച്ചിരുത്തി. അർബാബ് പേടിച്ച ഒരു കുട്ടിയെപ്പോലെ എൻ്റെ കെ കവർന്നെടുത്തു. പിന്നെ ഒരു പുതപ്പിനുള്ളിലേക്കു നൂണുകയറി മഴ കാണാതെയിരുന്നു. ആ ഇരുപ്പിനിടയിൽ എപ്പഴോ എൻ്റെ കൈ തലയിണ യ്ക്കിടയിൽ എന്തിലോ ഒന്നു തട്ടി. ഞാൻ സംശയത്തോടെ അവിടെ ഒന്നു കൂടി കൈവച്ചു. അത് അർബാബിൻ്റെ തോക്കായിരുന്നു! ഞാൻ പതിയെ കൈ വച്ച് അതു വലിച്ചെടുത്തു. അർബാബ് അതൊന്നും ശ്രദ്ധിക്കുന്നതേ ഉണ്ടായിരുന്നില്ല. അള്ളാ... അള്ളാ... എന്നു കരഞ്ഞുവിളിച്ച് മഴ നില്ക്കാൻ പ്രാർത്ഥിക്കുകയായിരുന്നു അർബാബ്. എന്റെയുള്ളിൽ പെട്ടെന്ന് ഒരു വന്യത   121 ആടുജീവിതം   പടർന്നു. ഇത് ഉന്നം പിടിച്ച് കാഞ്ചി ഒന്നു വലിച്ചാൽ മാത്രം മതി. ഞാൻ രക്ഷപ്പെട്ടു. പുറത്തു വണ്ടി കിടപ്പുണ്ട്. താക്കോൽ അതിൽത്തന്നെ കാണും. എങ്ങനെയെങ്കിലും വഴി കണ്ടുപിടിച്ചു രക്ഷപ്പെടാൻ കഴിയും. ഇതുതന്നെ അവസരം. എനിക്കു രക്ഷപ്പെടുവാനായി പരമകാരുണികനായ അള്ളാഹു കൊണ്ടുത്തന്ന നിമിഷം. ഈ നിമിഷം നീ ഉപയോഗിച്ചില്ലെങ്കിൽ ഇനി ഒരി ക്കലും നിനക്ക് ഇതുപോലെ ഒരവസരം കിട്ടിയില്ലെന്നു വരും. അവസരങ്ങൾ ആവർത്തിക്കില്ലെന്നു നിനക്കറിയാമല്ലോ. ചെയ്യൂ. ഇപ്പോൾത്തന്നെ ഈ നാശ ത്തിൽനിന്ന് എങ്ങനെയെയെങ്കിലും രക്ഷപ്പെടൂ. എന്റെ കൈ ശരിക്കും തോക്കിന്റെ കാഞ്ചിയിലേക്കു നീങ്ങിയതാണ്. പെട്ടെന്ന് അർബാബ് എൻ്റെ അള്ളാഹുവേ.. നീ കാത്തു. ഈ നജീബില്ലായിരുന്നുവെങ്കിൽ ഞാനിപ്പോൾ പേടിച്ചു മരിക്കുമായിരുന്നല്ലോ എന്ന് ഉച്ചത്തിൽ വിളിച്ചു പ്രാർത്ഥിക്കുവാൻ തുടങ്ങി. അർബാബ് ആദ്യമായിട്ടായിരുന്നു എൻ്റെ പേര് ഉച്ചരിക്കുന്നത്. അർബാബിന് എൻ്റെ പേര് അറിയാമോ എന്നുപോലും എനിക്കു സംശയമാ യിരുന്നു. അതിനു മുൻപ് ഹിമാർ എന്നും ഇന്തി എന്നും മാത്രമേ അർബാബ് എന്നെ വിളിച്ചിട്ടുള്ളൂ. ആ വിളിയിലും പ്രാർത്ഥനയിലും എൻ്റെ മനം അലിഞ്ഞുപോയി. എൻറെ സഹായം അഭ്യർത്ഥിച്ചു കരയുന്ന ഒരു ഭീരുവിനെ കൊന്നിട്ട് രക്ഷപ്പെടാൻ എനിക്കു തോന്നിയില്ല. ഞാൻ ആ തോക്ക് യഥാ സ്ഥാനത്തുതന്നെ മടക്കിവച്ചു. എനിക്കെന്തോ ദേഹത്തിനൊരു ഉഷ്ണം തോന്നി. ഞാൻ എൻ്റെ നനഞ്ഞ പുതപ്പു വലിച്ചുകളഞ്ഞു. അർബാബിൻ്റെ കൈ വിടുവിച്ചു. വസ്ത്രങ്ങൾ ഊരിയെറിഞ്ഞു. ഞാൻ പൂർണ്ണന നായി മഴയിലേക്ക് ധൈര്യപൂർവ്വം ഇറങ്ങിച്ചെന്നു. ആദ്യം കുറേ നേരത്തേക്ക് ശരീരം വേദനകൊണ്ടു വിങ്ങുന്നു ണ്ടായിരുന്നു. ആ മഴ ഞാൻ സഹിച്ചു. പതിയെ പതിയെ എൻ്റെദേഹത്തു നിന്നും ശരംകുത്തൽ ഒഴിഞ്ഞുപോകുന്നതു ഞാൻ അറിഞ്ഞു. ഓരോ മഴത്തുള്ളിയും ദേഹത്ത് തണുപ്പും നിർവൃതിയും പടർത്തി. ഞാൻ ആ മഴ ആസ്വദിച്ചു. മഴക്കാറുകൾ കണ്ട ആട്ടിൻകുട്ടികളെപ്പോലെ ഞാൻ ആ മഴയത്ത് തുള്ളിച്ചാടി. അങ്ങനെ ഒരു നീണ്ട കാലയളവിനുശേഷം മഴ എന്നെ കുളി പ്പിച്ചു. എൻ്റെ ദേഹത്തുനിന്നും അഴുക്ക് പതിയെ ഉരുകിയൊലിച്ചുപോയി! രാത്രി എപ്പഴോ മഴ ഒന്നു തോർന്നപ്പോൾ അർബാബ് കൂടാരത്തിൽ നിന്നും ഓടിയിറങ്ങി വണ്ടിയിൽ കയറി ഓടിച്ചുപോയി. അന്നു പിന്നെ രാത്രി അർബാബ് വന്നതുമില്ല. ഇത്തിരി കഴിഞ്ഞപ്പോൾ മഴ പിന്നെയും കനത്തു. ആ രാത്രി മുഴുവൻ ആരുടെയും ഭീഷണിയും വിലക്കും ഇല്ലാതെ ഞാൻ സ്വതന്ത്രനായിരുന്നു. എങ്ങോട്ടെങ്കിലും എനിക്ക് ഓടിപ്പോകാമായിരുന്ന രാത്രി. പക്ഷേ ഞാൻ എങ്ങും പോയില്ല. എന്നത്തെയുംപോലെ എവിടേക്കു സഞ്ചരിച്ചാൽ ഒരു രക്ഷാസ്ഥാനത്ത് എത്തുമെന്ന് എനിക്കറിയില്ലായിരുന്നു. അങ്ങനെ രക്ഷപ്പെടുക എന്ന മോഹം അതിന്റെ ഏറ്റവും സുവർണ്ണനിമി ഷത്തിൽ വച്ച് ഞാൻ സ്വയം ഉപേക്ഷിച്ചു. അങ്ങനെ എത്ര അവസരങ്ങൾ നാം ഓരോരുത്തരും സ്വയം വേണ്ടെന്നു വയ്ക്കുന്നു അല്ലേ..? കൊതിച്ചു 122     ബെന്യാമിൻ കൊതിച്ചിരുന്ന സുവർണ്ണപാത്രം കൈയിൽ കിട്ടിക്കഴിയുമ്പോൾ അനാഥ മായി വലിച്ചെറിയുന്നവർ. അതപ്പോൾ ഉപയോഗിക്കാതിരിക്കുക എന്നതും നമ്മുടെ ജീവിതത്തിന്റെ ഒരു നിയോഗം. പക്ഷേ അർബാബിന്റെ തടവില്ലാത്ത ഈ രാത്രി എന്തെങ്കിലും ചെയ്തേ ആവണം എന്ന് എനിക്കു തോന്നി. ആ തടവിനെ ഭേദിക്കുന്ന എന്തെങ്കിലും. അർബാബിനെ ചൊടിപ്പിക്കുന്ന എന്തെങ്കിലും. അല്ലെങ്കിൽ ഞാൻ എനിക്കു കിട്ടിയ സ്വാതന്ത്യത്തിന്റെ ഈ നിമിഷങ്ങളെ പാഴാക്കിക്കളയുകയായി രിക്കും. പെട്ടെന്നാണ് ആ ആഗ്രഹം മുളപൊട്ടി വന്നത്. തൊട്ടപ്പുറത്തെ മസറ വരെ ഒന്നു പോകണം. എന്റെ ഹക്കീമിനെ ഒന്നു കാണണം. വന്ന രാത്രി അവനെ അവിടെ ഇറക്കിയതാണ്. പിന്നെ ഇന്നോളം ഞാൻ അവനെ കണ്ടി ട്ടില്ല. അവൻ ജീവിച്ചിരിക്കുന്നോ മരിച്ചോ രക്ഷപ്പെട്ടോ ഒന്നും എനിക്കറിഞ്ഞു കൂടാ. അത്ര അടുത്തായിട്ടും അത്ര അകലത്തായിപ്പോയ ഒരു പാവം പയ്യൻ. അപ്പോഴാണ് ശരിക്കും എൻ്റെ തടവറ ഇത് ഇടുങ്ങിയതാണെന്ന് ഞാൻ ഓർക്കുന്നത്. ഒന്നുരണ്ടുതവണ ഞാൻ അവനെപ്പറ്റി അർബാബിനോടു ചോദിച്ചിരുന്നു. അർബാബ് എൻ്റെ ചോദ്യം കേട്ടില്ലെന്ന മട്ടിൽ അവഗണിച്ചു കളയുകയായിരുന്നു. ആ രാതി കൊടുംമഴയത്ത് ഹക്കീമിൻ്റെ മസറയിലേക്കു ഞാൻ ഇറങ്ങി നടന്നു. ഇരുമ്പുതാഴിട്ടു പൂട്ടിയ ഗേറ്റിൽ ഞാൻ ആശങ്കയോടെ തട്ടിവിളിച്ചു. അവിടെ വല്ല അർബാബുമാരും ഉണ്ടെങ്കിൽ എൻ്റെ കാര്യം പോയതുതന്നെ എന്ന പേടി എനിക്കുണ്ടായിരുന്നു. എന്നിട്ടും ഞാൻ വിളിച്ചു. ഹക്കീം... ഹക്കീം.. നിനക്കെന്നെ കേൾക്കാമോ..? ഇതു ഞാനാണ് നജീബ്... നിന്നോടൊപ്പം ഗൾഫിനു വന്ന നജീബ്... നീയവിടെയുണ്ടോ..? ഏറെ നേരം തട്ടിയിട്ടും മറുപടിയൊന്നുമില്ലാതെ, നിരാശനായി ഞാൻ തിരിഞ്ഞുനടക്കാൻ ഒരുങ്ങുമ്പോൾ അങ്ങുനിന്ന് എന്തോ നിഴലനക്കം ഞാൻ കണ്ടു. ഹക്കീം... ഇതു നീയാണോ..? ഞാൻ നജീബാണ്. ഞാൻ ഉറക്കെ യുറക്കെ വിളിച്ചു ചോദിച്ചു. മഴയുടെ സർപ്പസീല്ക്കാരങ്ങൾ എന്റെ ശബ്ദത്തെ മുക്കിക്കളയുമോ എന്ന സംശയം എനിക്കുണ്ടായിരുന്നു. എന്നാൽ ആ നിഴലനക്കം പതിയെ എൻ്റെ അടുത്തേക്കു നീങ്ങിവരുന്നതു ഞാൻ കണ്ടു. ഹക്കീം... നീയാണോ ഇത്..? എൻ്റെ അടുത്തേക്കു വാ.. ഞാനാണ് നജീബ്... ആ രൂപം വളരെ അടുത്തുവന്നപ്പോൾ ഞാൻ സൂക്ഷിച്ചുനോക്കി. കറുത്ത, മെലിഞ്ഞ, മുടിനീട്ടിയിട്ട മറ്റൊരു വികൃതരൂപം. മറ്റൊരു ഭീകരരൂപി. ഇതെൻ്റെ ഹക്കീമല്ല, അവൻ്റെ രൂപം ഇങ്ങനെ ആയിരുന്നില്ല. അവൻ നല്ല ചുള്ളനായി രുന്നു. നല്ലപോലെ വെളുത്തവൻ. കാണാൻ അഴകുണ്ടായിരുന്നവൻ. പ്രായത്തിനൊത്ത ആരോഗ്യമുണ്ടായിരുന്നവൻ. ബോംബെയിൽ വച്ച് നീ ഇവിടെക്കൂടിക്കോടാ. നിനക്കു വല്ല ഹിന്ദിസിനിമേലും കേറിക്കൂടാം എന്നു ഞാൻ പുകഴ്ത്തിയവൻ.   123   ആടുജീവിതം ഹക്കീം എന്നുപേരുള്ള ഒരാൾ ഇവിടെയുണ്ടോ..? ഞാൻ അവൻ്റെ ഒരു സ്നേഹിതനാണ്. എനിക്കൊപ്പമാണ് അവൻ ഇവിടെ എത്തിപ്പെട്ടത്. അന്ന ത്തേതിൽ പിന്നെ ഒരിക്കലും ഞാൻ അവനെ കണ്ടിട്ടില്ല. നിങ്ങൾക്കറിയാമോ അവനെ. അവനെവിടെയാണെന്ന്? എൻ്റെ അടുത്തേക്കു നടന്നുവന്ന ഭീകര രൂപിയോടു ഞാൻ ഒറ്റശ്വാസത്തിൽ ചോദിച്ചു. അപരിചിതമായ ഏതോ ഭാഷ കേൾക്കുന്നതുപോലെ ആ വികൃതരൂപി ഗേറ്റിനപ്പുറത്ത് എൻ്റെ മുന്നിൽ വന്ന് ഏറെനേരം മിഴിച്ചുനിന്നു. പിന്നെ പ്രതീക്ഷിച്ചിരിക്കാത്ത ഒരു നിമിഷത്തിൽ ഗേറ്റിൽ തലയിടിച്ച് അവൻ അലറി ക്കരയാൻ തുടങ്ങി. ഞാൻ പേടിച്ചുപോയി. ആ കരച്ചിലിനിടയിലെപ്പോഴോ അവൻ ""എന്റെ നജീബിക്കാ' എന്നു നെഞ്ചുകലങ്ങുന്ന ഒരു വിളിവിളിച്ചു. അപ്പോൾ മാത്രം, അപ്പോൾ മാത്രമേ അതു ഹക്കീംതന്നെയാണെന്ന് സത്യ മായും ഞാൻ തിരിച്ചറിഞ്ഞുള്ളൂ. ഒരിക്കലും തിരിച്ചറിയാനാവാത്തവിധം ഒരു മനുഷ്യന്റെ ശരീരഭൂപടം മാറ്റിവരയ്ക്കുവാൻ സാഹചര്യങ്ങൾക്കു കഴിയു മെന്നു ഞാൻ അപ്പോൾ ഭീതിയോടെ മനസ്സിലാക്കി. അതേ സാഹചര്യം എന്നെ ഇപ്പോൾ എത്ര മാറ്റിവരച്ചിട്ടുണ്ടാകുമെന്ന് എനിക്ക് ഊഹിക്കാൻ കഴിഞ്ഞു. കഴിഞ്ഞ മരുഭൂദിനങ്ങളിലൊന്നും ഞാൻ ഒരു കണ്ണാടി നോക്കി യിട്ടില്ലായിരുന്നു. നോക്കിയിരുന്നെങ്കിൽ തീർച്ചയായും എനിക്ക് എന്നെയും തിരിച്ചറിയാൻ കഴിയുമായിരിക്കില്ല. അവൻ അവന്റെ ഉമ്മയേയും ഉപ്പയേയും വീട്ടുകാരേയും അള്ളാവിനേയും വിളിച്ച് ഒത്തിരി കരഞ്ഞു. എനിക്കൊന്നും മറുപടി കൊടുക്കാൻ ഇല്ലായി രുന്നു. കമ്പി അഴിക്കിടയിലൂടെ അവന്റെ കെ എൻ്റെ നെഞ്ചിലേക്കു ചേർത്തുപിടിച്ച് കൂടെ കരയുവാൻ മാത്രമേ എനിക്കു ത്രാണിയുണ്ടായിരു ന്നുള്ളൂ. ആ രാത്രി അങ്ങനെ കണ്ണീരിൽ ഒലിച്ചുപോയി... Indian 124     ഇരുപത്തിയൊന്ന് രണ്ടുദിവസം കൂടി മഴ പെ‌യ്തു. പിന്നെ മരുഭൂമിയുടെ ആകാശവാതായന omങ്ങൾ തണുപ്പിനുവേണ്ടി തുറന്നുകൊടുത്തു. രാത്രിയിലെ കടുത്ത തണു പ്പിനു ചേരുംവിധം അതികാലത്ത് മൂടൽമഞ്ഞ് ശക്തമായിരിക്കും. നേരം വെളുത്ത് എഴുന്നേറ്റു നോക്കുമ്പോൾ ചുറ്റും തണുപ്പിൻ്റെ ഒരു വെള്ളപ്പാട മാത്രം. ആ പാടയ്ക്കുള്ളിൽ മസറയും ആടുകളും അർബാബും കൂടാരവും എല്ലാം അപ്രത്യക്ഷമാകും. മഞ്ഞുമാറി കാഴ്ച തെളിയണമെങ്കിൽ കാലത്ത് ഒരു ഒൻപതു മണിയെങ്കിലും ആകണം. (എന്റെ എല്ലാ സമയങ്ങളും ഓരോ ഊഹങ്ങളാണ്. ഒരു ഏകാന്തജീവിയെ സംബന്ധിച്ചിടത്തോളം സമയം കാലം എന്നിവയൊക്കെ വെറും സങ്കല്പങ്ങൾ മാത്രം) അതുകൊണ്ട് ആ ദിവസ ങ്ങളിൽ പതിവുകളെല്ലാം അല്പം വൈകിയാണ്. ചൂടുകാലത്ത് പകലിന് എന്തൊരു നീളമാണെന്നോ. അതികാലത്ത് ഒരു മൂന്നുമണിക്കേ സൂര്യനു ദിക്കും. രാത്രി എട്ടാവാതെ തീരെ വെട്ടം മങ്ങില്ല. എന്നാൽ തണുപ്പത്ത് ഒൻപ തായാലും തെളിയാത്ത സൂര്യൻ ഉച്ചയാഹാരം കഴിയുമ്പോഴേക്കും മങ്ങി ത്തുടങ്ങും. നാലിനെങ്കിലും പൂർണ്ണമായും ഇരുട്ടുവീണു കഴിഞ്ഞിരിക്കും. അതുകൊണ്ട് പണി ചെയ്യാൻ കിട്ടുന്ന സമയം വളരെക്കുറവാണ്. ചൂടു കാലത്ത് ഒരു പത്തുപതിനഞ്ച് മണിക്കൂറുകൾകൊണ്ടു ചെയ്‌തു തീർക്കുന്ന ജോലി തണുപ്പത്ത് ആറോ ഏഴോ മണിക്കൂറുകൾകൊണ്ടു തീർക്കണം. തണുപ്പുകാരണം ഒന്നും തൊടാൻ പറ്റാത്ത അവസ്ഥയും. നട്ടുച്ചയ്ക്ക പോലും നട്ടെല്ലു തുളയ്ക്കുന്ന തണുപ്പാണ്. വെള്ളത്തിൽ കൈ തൊടാനെ പറ്റില്ല. തണുപ്പെന്നു പറഞ്ഞാൽ എന്തൊരു തണുപ്പാണപ്പാ. ഇത്തിരി നേരം വെള്ളത്തിലെങ്ങാനും കൈ മുങ്ങിയിരിക്കേണ്ടി വന്നാൽ ആ കയ്യിന്റെ പണി തീർന്നതുതന്നെ. തണുത്ത വെള്ളം വീണും നമ്മുടെ ദേഹം പൊള്ളുമെന്ന് എനിക്ക് മനസ്സിലായത് അക്കാലത്താണ്. ഒരു ദിവസം ഇത്തിരിയേറെ നേരം തണുത്ത വെള്ളത്തിൽ മുങ്ങിയിരുന്ന എൻ്റെ ഇടതുകൈപ്പത്തി മുഴുവൻ പൊള്ളിയടർന്നു. ശരിക്കും ചൂടുവെള്ളം വീണു പൊള്ളിയതുപോലെ. ധ്രുവ പ്രദേശത്തൊക്കെ തണുപ്പുണ്ടെന്നു കേട്ടിട്ടുണ്ട്. എന്നാൽ ഈ മരുഭൂമിയിൽ എവിടെനിന്നാണ് ഇത്ര തണുപ്പു വരുന്നതെന്ന് ഇനിയും എനിക്കറിയില്ല. അതിനെ ചെറുക്കാൻ എന്റെ കൈവശം പ്രത്യേക വസ്ത്രങ്ങൾ ഒന്നുമില്ല. ആദ്യദിവസം അർബാബ് തന്ന, ഒരിക്കൽപ്പോലും എന്റെ ദേഹത്തുനിന്നും 125     ആടുജീവിതം മാറ്റിയിട്ടില്ലാത്ത, ഒരിക്കൽപ്പോലും കഴുകിയിട്ടില്ലാത്ത ആ പഴയ അബായ എന്ന നീളനുടുപ്പുമാത്രമേ എനിക്കപ്പോഴും ഉള്ളൂ. മറ്റൊന്നുള്ളത് ഒരു കമ്പിളിപ്പുതപ്പാണ്. ഭീകരരൂപി പോയപ്പോൾ ഉപേ ക്ഷിച്ചുപോയ ഒന്ന്. തണുപ്പിന്റെ ആദ്യ ദിനങ്ങളിൽ ഞാൻ അതു പുതച്ചു നടക്കുമായിരുന്നു. പക്ഷേ അസൗകര്യമാണ്. അതും ചുറ്റി ആടുകൾക്കു പുറകേ ഓടാനും മസറയിൽ കയറി കച്ചിയും പോച്ചയും ഇടാനുമൊക്കെ എത്ര സാധിക്കും..? ഞാനത് ഉപേക്ഷിച്ചു. തണുപ്പിൽ ഒറ്റവസ്ത്രത്തിൽ നടക്കുക എൻ്റെ ശീലമായി. ഈ തണുപ്പിന്റെ മൂർദ്ധന്യാവസ്ഥയിലും ചൂടുള്ള ഒരു വസ്‌തു എൻ്റെ അരികിലുണ്ടായിരുന്നു. അല്പം വൈകിയാണ് ഞാനതു കണ്ടെത്തിയത്. ചെമ്മരിയാടുകൾ..!! അതിനോടു ചേർന്നുനടന്നാൽ എന്തൊരു സുഖമാ ണെന്നോ. ചൂളംകുത്തി തണുത്ത കാറ്റ് ഇരമ്പിയെത്തുമ്പോൾ ഞാൻ ചെമ്മ രിയാടുകളെ ചേർത്തുപിടിച്ചു നില്ക്കും. രാത്രി തണുപ്പിൻ്റെ കാഠിന്യം കമ്പിളിപ്പുതപ്പിന്റെ നാരിഴകൾ കീറി എൻ്റെ ശരീരത്തെ കുത്തിമാന്തുമ്പോൾ ഞാൻ മസറയിലേക്ക് ഇറങ്ങിച്ചെന്ന് ചെമ്മരിയാടുകളെ കെട്ടിപ്പിടിച്ചു കിടക്കും. ആടുകൾക്കിടയിൽ മറ്റൊരു ആടായി ഞാൻ ആ തണുപ്പുകാലം കഴിച്ചുകൂട്ടി. വേണമെങ്കിൽ ഈ ദിവസങ്ങളിലൊന്നിൽ എനിക്കു ഹക്കീമിനെയും വിളിച്ച് കട്ടിപിടിച്ച കോടമഞ്ഞിന്റെറെ മറവുപറ്റി എങ്ങോട്ടെങ്കിലും ഓടി രക്ഷപ്പെടാമായിരുന്നു. പക്ഷേ മഴരാത്രിയിലെ അതേ സന്ദേഹം എന്നെ എവിടെയും പോകാനാവാതെ അവിടെത്തന്നെ തളച്ചിട്ടു. എങ്ങോട്ടു പോകും എന്ന വലിയ ചോദ്യം. ഈ രാജ്യത്തെ സംബന്ധിച്ച് എനിക്കൊന്നും അറിഞ്ഞുകൂടാ. ഞാനെവിടെയാണ് ഇപ്പോൾ ഉള്ളതെന്നുപോലും. എങ്ങോട്ട് - കിഴക്കോട്ടോ തെക്കോട്ടോ പടിഞ്ഞാറോട്ടോ വടക്കോട്ടോ - ഓടിയാലാണ് എനിക്കു രക്ഷപ്പെടാനുള്ള വഴി കണ്ടെത്താനാവുക..? ഇവിടെനിക്ക് ആഹാര മില്ല. വെള്ളമില്ല. വസ്ത്രമില്ല. കിടക്കാനൊരിടമില്ല. കൂലിയില്ല. ജീവിതമില്ല. സ്വപ്നങ്ങളില്ല. മോഹങ്ങളില്ല. എന്നാൽ ഒന്നു ബാക്കിയുണ്ട് - ജീവൻ തത്കാലം അതു നിലനിറുത്താൻ എനിക്കെങ്ങനെയൊക്കെയോ കഴിയു ന്നുണ്ട്. എന്നാൽ, ഇവിടെനിന്നോടി അപരിചിതമായ മരുസ്ഥലികളിൽ എത്തി പ്പെട്ട് എനിക്കതുകൂടി നഷ്ടപ്പെട്ടാലോ..? പിന്നെ ആ ഓട്ടത്തിന് എന്തർത്ഥം..? എല്ലാ തടവറകൾക്കും മതിലുകൾക്കും എന്തൊക്കെയോ സുരക്ഷിതത്വ ത്തിന്റെ ഒരു വലയമുണ്ട്. ആ വലയം മുറിച്ചെറിയാൻ തത്കാലം എനിക്കു മനസ്സ് തോന്നിയില്ല. അനുയോജ്യമായ അവസരം വരുന്നതുവരെ, സുരക്ഷിത മായ ലക്ഷ്യത്തിൽ എത്തിപ്പെടും എന്ന് ഉറപ്പുവരും വരെ കാത്തിരിക്കുവാൻ ഞാൻ തീരുമാനിച്ചു. എന്റെ ആ തീരുമാനം ശരിയായിരുന്നോ..? അറിയില്ല. അതു തീരുമാനിക്കേണ്ടതു ഞാനല്ല. സ്വന്തം വിധിയെപ്പറ്റി നിർവ്വചനങ്ങൾ നടത്തുവാൻ ആർക്കും കഴിയും..?!! 126    ബെന്യാമിൻ തണുപ്പുകാലമായതോടുകൂടി കൂടുതൽ ചെമ്മരിയാടുകളെ ട്രക്കുകളിൽ മസറയിൽ കൊണ്ടുവന്നിറക്കി. ഇനി ചൂടു വരുംവരെയുള്ള ആറുമാസക്കാല ത്തേക്ക് അവയുടെ കാലമാണ്. ശരിക്കും ഉയർന്ന മലമടക്കുകളിലെ തണുപ്പു നിറഞ്ഞ കാലാവസ്ഥയിൽ ജീവിക്കാനായാണ് അവയെ സൃഷ്ടിച്ചിരിക്കുന്നതു തന്നെ. അവയെ ഈ മരുഭൂമിയിൽ കൊണ്ടുതള്ളുന്നതുതന്നെ അവയോടു ചെയ്യുന്ന പാതകമാണ്. ചൂടുകാലമാവുമ്പോഴേക്കും ഒട്ടുമുക്കാലുമെണ്ണത്തി നെയും വിറ്റുതീർക്കുമെങ്കിലും അവശേഷിക്കുന്നവയുടെ കാര്യം കഷ്ടം തന്നെ. ചൂട് ഏറുമ്പോൾ സ്വന്തം ശരീരത്തിലെ ചെമ്മരിപ്പുതപ്പിനുള്ളിൽ കിടന്ന് അവിഞ്ഞ് അവ പൊള്ളിച്ചാവും. അങ്ങനെ എത്രയെണ്ണത്തിനെ ഞാൻ കണ്ടിരിക്കുന്നു. ഒന്നിനെയും അർബാബ് കളയില്ല. വലിച്ചുകൊണ്ട് വണ്ടിയിൽ കയറ്റിക്കൊണ്ടുപോകും. പിന്നെ അതു ചൂടുള്ള ആടുകറിയായി വല്ല കടകളിലും വിളമ്പുന്നുണ്ടാവും. ശരിക്കും കോലാടുകളാണ് മരുഭൂമിക്കു പറ്റിയത്. ഏതു ചൂടും സഹിക്കാൻ അവയ്ക്ക് ത്രാണിയുണ്ട്. ചെമ്മരി മുറിച്ചുവില്ക്കുന്നതിലൂടെ കിട്ടുന്ന വലിയ ലാഭം പ്രതീക്ഷിച്ചാവണം അർബാബ് ഈ ആടുകളെ ഇവിടെ കൊണ്ടു വരുന്നത്. മഴ കഴിഞ്ഞതോടെ മസറ മുഴവൻ അളിഞ്ഞു പുളിഞ്ഞു. അതുവരെ കെട്ടിക്കിടന്ന ആട്ടിൻകാട്ടവും മൂത്രവും കച്ചിയും പോച്ചയും എല്ലാംകൂടി അളിഞ്ഞ ഒരു കെട്ട ഗന്ധം. അതെല്ലാം വലിച്ചു മാറ്റി മസം വൃത്തിയാ ക്കുക എന്നതു എന്റെ മൂന്നാലു ദിവസത്തെ നടുഒടിക്കുന്ന പണിയായിരുന്നു. തണുപ്പുതുടങ്ങിയതോടെ മസറയിൽ വിളിക്കാതെ വന്നെത്തിയ അതിഥിക ളാണ് ഈച്ചകൾ! ചുറ്റോടുചുറ്റും ഈച്ചകൾ. ഖുബൂസ് കഴിക്കാനിരുന്നാൽ അതിൽ വന്നിരിക്കും ഒരായിരം ഈച്ചകൾ. അതിനെ ആട്ടിയോടിക്കാനായി മാത്രം ഒരു കൈ വിശറിപോലെ മാറ്റിവയ്ക്കണം. മസറയിലേക്കു ചെന്നാൽ കടന്നൽകൂട്ടിൽ കയറിയതുപോലെ ഈച്ചകളുടെ ഇരമ്പൽ കേൾക്കാം. ഹോ! എന്തൊരു കഷ്ടമാണിത് എന്നു ഞാനാലോചിക്കും. പിന്നെങാ അതിനും ജീവിക്കേണ്ട. അതിനിഷ്ടപ്പെട്ട സ്ഥലം മസറ ആയിരിക്കും. ജീവിക്കട്ടെ എന്നു സമാധാനിക്കും. തണുപ്പുകാലം അവസാനിക്കാറായപ്പോഴേക്കും ഒരു ദിവസം ചെമ്മരി യാടുകളുടെ വളർച്ച മുറ്റിയ രോമം കത്രിക്കാൻ ആളുകൾ വന്നു. അവർ രണ്ടുപേരുണ്ടായിരുന്നു. രണ്ടു സുഡാനികൾ. മുഖം നിറച്ചു പുഞ്ചിരിയുള്ള രണ്ടുപേർ. ഏറെക്കാലത്തിനുശേഷം രണ്ടു മനുഷ്യരെ കണ്ട സന്തോഷ ത്തിൽ ഞാൻ അവർക്കു ചുറ്റും നായക്കുട്ടിയെപ്പോലെ പറ്റിക്കൂടി. പക്ഷേ അവർക്ക് ഞാൻ പറയുന്നത് അധികമൊന്നും മനസ്സിലായില്ല. അവർ പറയു ന്നത് എനിക്കും. ഞാൻ ഓരോന്നു പറയുമ്പോഴും ഉണ്ടായ മനസ്സിലാ കായ്‌മയെ അവർ വലിയ ചിരികൊണ്ട് നേരിട്ടു. രോമം കത്രിക്കാനുള്ള ഒരു ഇലക്ട്രിക് മിഷ്യനും അതു പ്രവർത്തിപ്പി ക്കാൻ ഒരു ജനറേറ്ററുമായാണ് അപാവശ്യം അവർ വന്നത്. അതയും കാലം   127   ആടുജീവിതം കെ കത്രികയായിരുന്നത്രേ അവർ ഉപയോഗിച്ചിരുന്നത്. ജനറേറ്ററും മിഷ്യനും പ്രവർത്തിപ്പിക്കാൻ തുടങ്ങിയതോടെ അർബാബ് ജിന്നിനെക്കണ്ട തുപോലെ തുള്ളാൻ തുടങ്ങി. ആ മിഷ്യൻ കറൻ്റടിച്ച് എന്റെ ആടുകൾ ചാവുമെന്നായിരുന്നു അർബാബിന്റെ ആദ്യത്തെ പേടി. അങ്ങനെയൊന്നും കറന്റടിക്കുന്ന മിഷ്യനല്ല അതെന്നു പറഞ്ഞു മനസ്സിലാക്കിക്കൊടുക്കാൻ ആ പാവങ്ങൾക്ക് ഏറെ പണിപ്പെടേണ്ടിവന്നു. അങ്ങനെ തന്റെ ആടുകൾ വരാൻ പോകുന്ന ചൂടുകാലത്തു പൊള്ളിച്ചാവു മെന്നും അങ്ങനെ കതിച്ച ആടുകളെ ആരും ചന്തയിൽ വാങ്ങില്ലെന്നുമായി രുന്നു അർബാബിന്റെ രണ്ടാമത്തെ പേടി. എന്നാൽ ഒരു ക്രമത്തിലധികം രോമങ്ങൾ ക്രതിച്ചുപോകാത്ത വിധത്തിലാണ് ആ മിഷ്യൻ സജ്ജീകരിച്ചിരി ക്കുന്നതെന്ന് അവർ ഒരാടിൽ പരീക്ഷണം നടത്തിക്കാണിച്ചശേഷമാണ് അർബാബ്, അർദ്ധമനസ്സോടെയെങ്കിലും, പണി തുടരാൻ സമ്മതിച്ചത്. എന്നിട്ടും അവർ പോകുന്നതുവരെയും അർബാബ് ഓരോരോ പരാതികൾ പറഞ്ഞുകൂട്ടി, അങ്ങനെ ഒരു മിഷ്യൻ ഉപയോഗിക്കുന്നതിലുള്ള അതൃപ്‌ി പ്രകടമാക്കിക്കൊണ്ടേയിരുന്നു. രോമം കത്രിക്കാൻ പാകത്തിൽ ആടുകളെ പിടിച്ചുകൊടുക്കുക എന്റെ പണിയായിരുന്നു. ബാക്കിയെല്ലാം ചെയ്തുതീർത്തിട്ടുവേണമായിരുന്നു അതിനു ചെല്ലാൻ. വരിമുറിക്കാൻ മുട്ടൻകുട്ടികളെ പിടിക്കുന്നപോലെ ആടു കളുടെ കഴുത്ത് മുട്ടിനിടയിലാക്കി നിറുത്തിക്കൊടുക്കണം. അവർ ക്രതിക്കും. ഒന്നോരണ്ടോ മിനിറ്റേ വേണ്ടൂ ഒരെണ്ണത്തിനെ ക്രതിച്ചുതീരാൻ. പക്ഷേ രണ്ടു ദിവസം കൊണ്ട് പത്തറുനൂറെണ്ണത്തിനെ കത്രിക്കാൻ പിടിച്ചുകൊടുക്കുക എന്നത് എൻ്റെ നടു ഒടിക്കുന്ന പണിയായിരുന്നു. വാലിൻ്റെ അറ്റത്തുമാത്രം ഇത്തിരി രോമം വച്ചിട്ട്ബാക്കിയെല്ലാം മിഷ്യൻ കോതിയെടുക്കും. ഇതാണ് ഞങ്ങളുടെ നാട്ടിലെ രോമം കത്രിക്കൽ രീതി, ആ വാലിലെ രോമം ഈച്ച കളെ ഓടിക്കാൻ ഞങ്ങൾ ആടുകൾക്കു കൊടുക്കുന്ന സൗജന്യമാണ് - വെളുത്ത ചിരിയോടെ സുഡാനി പറഞ്ഞു. രണ്ടാം ദിവസം ഉച്ചതിരിഞ്ഞതോടെ ആടുകളെല്ലാം മുടിവെട്ടി കുട്ടപ്പ ന്മാരും കുട്ടപ്പികളുമായി. വൈകുന്നേരമായപ്പോഴേക്കും രോമങ്ങളെല്ലാം ചാക്കിൽ വാരിക്കെട്ടി പിക്കപ്പിലാക്കി അവർ മടങ്ങി. അവർ പോയിക്കഴിഞ്ഞ പ്പോൾ എന്തെന്നില്ലാത്ത ഒരു ദുഃഖം എന്നെ വന്നുപൊതിഞ്ഞു. അതുവരെ രണ്ടു മനുഷ്യരുടെ ഗന്ധം ഞാൻ ശരിക്കും അനുഭവിക്കുകയായിരുന്നു. ഇനി ഞാനും ആടുകളും മാത്രം ബാക്കി. എനിക്കു മഴപോലെ സങ്കടം വന്നു. മനുഷ്യൻ അവൻ്റെ സർവ്വ കുത്‌സിതപ്രവൃത്തികൾകൊണ്ടു ശ്രമിച്ചാലും ഈ ഭൂമിയിൽനിന്നു ജീവൻ്റെ തുടിപ്പുകൾ തുടച്ചുനീക്കുവാൻ ഒരിക്കലും സാധ്യമാവില്ല എന്നു ചിന്തിച്ച ഒരുകാലംകൂടിയാണത്. കഴിഞ്ഞ എത്രയോ മാസങ്ങളായി ഈ ഭൂമി ചുട്ടു പഴുത്തുകിടക്കുകയായിരുന്നു. കത്തിപ്പഴുത്ത 128    ബെന്യാമിൻ മണൽത്തരികളല്ലാതെ മറ്റൊരു ജീവന്റെ കണികപോലും ഈ ഭൂപരപ്പിനു മേലെ കാണാനില്ലായിരുന്നു. ചൂടുകാലം അവസാനിച്ചു കുളിർകാറ്റ് വീശാൻ തുടങ്ങിയതോടെ വരണ്ട മണ്ണിനു മേലെ ഒരു പച്ചവിരിപ്പ് പൊന്തിവന്നു. വളരെ പ്പെട്ടെന്നായിരുന്നു അത്. മഴ കഴിഞ്ഞ് ഒരു രണ്ടുദിവസത്തിനകം. ജീവിത ത്തിന്റെ എല്ലാ സുഗന്ധവും ഈ ഭൂമിക്കടിയിൽ ഉയർത്തെഴുന്നേല്ക്കാൻ കാതോർത്തു കിടക്കുകയായിരുന്നു എന്നു തോന്നും ആ വരവു കണ്ടാൽ. കള്ളിമുൾച്ചെടികൾ, മണ്ണിൽ പടർന്നു കിടക്കുന്ന ചെടികൾ, പാറക്കല്ലുക കൾക്കു മീതെ പായലുകൾ, ചില നാണംകുണുങ്ങിച്ചെടികൾ, ചില മഷി ത്തണ്ടുകൾ. ആകാശത്തിൻ്റെ അതിരുകളിലൂടെ സന്തോഷത്തിലേക്കു നീളൻ ചിറകുവിരിച്ചു പറക്കുന്ന പറവക്കൂട്ടങ്ങൾ. ചൂളമടിച്ചു നീങ്ങുന്ന കുരു കിൽ പക്ഷികൾ. ചിലച്ചുനീങ്ങുന്ന പച്ചപ്പനംതത്തകൾ. ഇളംകുറുകളോടെ പിറുപിറുക്കുന്ന ഇണപാവുകൾ. എവിടെനിന്നാണ് ഇവ വരുന്നത്..? കഴിഞ്ഞ ദിവസങ്ങളിലതയും സ്വന്തം ജീവനെ അടക്കിപ്പിടിച്ച് ആ സസ്യ ജാലങ്ങൾ ഈ മരുഭൂമിയുടെ ചൂടിനെയും തീക്കാറ്റിനെയും സഹിക്കുകയാ യിരുന്നു എന്ന ഓർമ്മ എന്നിൽ വല്ലാത്തൊരു കുളിർ കോരിനിറച്ചു. വളരെ ക്കുറച്ചു ദിവസങ്ങൾകൊണ്ട് ആ ചെറുചെടികൾ വളർന്നു വലുതാകുന്നതും പൂവിടുന്നതും കായ്ക്കുന്നതും നാളേക്കുവേണ്ടി ജീവനെ ഭൂമിയുടെ ഗർഭ ത്തിൽ ഒളിപ്പിക്കുന്നതും ഞാൻ എൻ്റെകണ്ണുകൾകൊണ്ടു കണ്ടു. എനിക്ക വയോട് എന്തിഷ്ടം തോന്നിയെന്നോ. ഞാൻ അവയുടെ അരികിൽ ചെന്നി രുന്ന് അവയോടു വർത്തമാനം പറഞ്ഞു. അവയുടെ സങ്കടങ്ങൾ കേൾക്കു കയും അവയോടു സങ്കടങ്ങൾ പറയുകയും ചെയ്തു. ആ ചെടികൾ എനിക്ക് പറഞ്ഞുതന്നത് ജീവിതത്തിന്റെ വലിയ പ്രതീക്ഷയുടെ പാഠങ്ങളാണ്. അവ എന്നോടു രഹസ്യത്തിൽ പറഞ്ഞു, നജീബേ, മരുഭൂമിയുടെ ദത്തുപുത്രാ... ഞങ്ങളെപ്പോലെ നീയും നിന്റെ ജീവനെ അടക്കിപ്പിടിച്ച് ഈ മരുഭൂമിയോടു മല്ലിടുക. തീക്കാറ്റും വെയിൽനാളവും നിന്നെ കടന്നുപോകും. നീ അവയ്ക്ക മുന്നിൽ കീഴടങ്ങരുത്. തളരുകയും അരുത്. നിന്റെ ജീവനെ അതു ചോദിക്കും. വിട്ടുകൊടുക്കരുത്. പകുതി മരിച്ചവനെപ്പോലെ ധ്യാനിച്ചു കിട ക്കുക. ശൂന്യതപോലെ നടിക്കുക. നീ ഇനിയൊരിക്കലും ഉണർന്നെഴുന്നേ ല്ക്കില്ലെന്നു തോന്നിപ്പിക്കുക. കരുണാമയനായ അള്ളാഹുവിനെ മാത്രം രഹസ്യത്തിൽ വിളിക്കുക. അവൻ നിന്റെ സാന്നിദ്ധ്യമറിയും. അവൻ നിന്റെ നിലവിളി കേൾക്കും. നജീബേ ഒടുവിൽ നിനക്കുവേണ്ടി ഒരു കാലം വരും. ഈ തീക്കാറ്റ് മായും. ഈ ചൂട് ഇല്ലാതെയാവും. കാലത്തിന്റെ കുളിർകാറ്റ് നിന്നെ ഭൂമിക്കടിയിൽനിന്നും തോണ്ടിവിളിക്കും. അപ്പോൾ മാത്രം. അപ്പോൾ മാത്രം നീ നിന്റെ ജീവൻ്റെ തല പതിയെ ഉയർത്തുക. ഭൂമിയിൽ നിൻ്റെ സാന്നിദ്ധ്യം അറിയിക്കുക. പിന്നെ ഒറ്റനിമിഷംകൊണ്ട്രക്ഷപ്പെടലിലേക്കു കുതിക്കുക. നാളെത്തേക്കു പൂവിടുകയും കായ്ക്കുകയും ചെയ്യുക. ചെടിക്കുഞ്ഞുങ്ങളുടെ വാക്കുകൾക്കു ഞാൻ ചെവികൊടുത്തു. ഞാനെന്റെ അനുകൂലകാലത്തിനുവേണ്ടി ക്ഷമാപൂർവ്വം കാത്തിരുന്നു.   129   ഇരുപത്തിരണ്ട് മുട്ടനാടുകളെ എനിക്കു വലിയ പേടിയും വെറുപ്പും ആയിരുന്നെങ്കിലും omഅവയിലൊന്ന് സാഹചര്യവശാൽ എന്റെ ജീവൻ രക്ഷിച്ച കഥയുണ്ട്. ഒരു ദിവസം പതിവുപോലെ ഞാൻ ആടുകളെയുംകൊണ്ടു നടക്കാൻ പോയി താണ്. അവറ്റകളെ മരുഭൂമിയിൽ അലയാൻ വിട്ടിട്ട് ഞാൻ ഒരു ചെറു മൺകൂനയുടെ മുകളിൽ കയറിയിരുന്നു. പെട്ടെന്ന് എന്താണെന്നറിയില്ല എന്റെയുള്ളിൽ നാടിനെക്കുറിച്ചുള്ള ഓർമ്മയുണർന്നു. അതുവരെ എൻ്റെ യുള്ളിൽ ഉറങ്ങിക്കിടന്നിരുന്ന എല്ലാ വിചാരങ്ങളും ഉണർന്നെഴുന്നേറ്റ് ഒരഗ്നിപർവ്വതം എന്നപോലെ എന്നിൽ പൊട്ടിത്തെറിച്ചു. എനിക്കവിടുന്നു രക്ഷപ്പെടണം. എനിക്കു നാട്ടിൽ പോകണം. എനിക്കെന്റെ ഉമ്മയെ കാണണം. എനിക്കെന്റെ സൈനുവിനെ കാണണം. എനിക്കെൻ്റെ നബീലിനെ കാണണം. എനിക്കെന്റെ കൂട്ടുകാരെ കാണണം. എനിക്കെൻ്റെ നാടു കാണണം. എനിക്കെന്റെ മൺവഴികൾ കാണണം. എനിക്കെന്റെ പുഴ കാണണം. എനിക്കെൻ്റെ വള്ളം കാണണം. എനിക്കെന്റെ മഴ കാണണം. എനിക്കെന്റെറെ മണ്ണ് കാണണം. ശരിക്കും ഈ ഗൃഹാതുരത്വം എന്നൊക്കെ പറയുന്നത് എന്താണെന്ന് എനിക്കപ്പോൾ വിവേചിച്ചറിയാനായി. അതൊരു കൊതിയാണ്. മരുഭൂമിപോലെ മനസ്സിനെ നീറിപ്പുകയ്ക്കുന്ന ഒരു കൊതി. നമ്മൾ നമ്മുടെ അവസ്ഥകളെയും ജീവിതത്തെയും സാഹചര്യത്തെയും അതിന്റെ ഏറ്റവും പാരമ്യതയിൽ വെറുത്തുപോകുന്ന ഒരു കൊതി. പിന്നെ ആ കൊതിയിൽ എങ്ങനെയും എത്തിപ്പെടാനുള്ള ഒരു പരക്കം പാച്ചിലാണ്. വെടികൊണ്ട പന്നി കരിമ്പിൻകാട്ടിലൂടെ പായുന്നതുപോലെ ഒരു പാച്ചിൽ. വല്ലപ്പോഴുമേ അങ്ങനെ സംഭവിക്കൂ. എന്നാൽ അങ്ങനെയൊന്നു മനസ്സിൽ സംഭവിച്ചുപോയാൽ പിന്നെ അതിനെ പിടിച്ചുകെട്ടുക സാധ്യമല്ല. ഞാൻ അർബാബ് എവിടെയാണെന്നു നോക്കി. അർബാബ് ബൈനോ ക്കുലറുമായി വണ്ടിയുടെ മുകളിലുണ്ട്. പക്ഷേ ഞാനിരിക്കുന്നതു മൺകൂന യുടെ എതിർവശത്തായതിനാൽ തത്കാലം ഞാൻ ബൈനോക്കുലർ പരി ധിക്കു പുറത്താണ്. ഇതുതന്നെ രക്ഷപ്പെടാനുള്ള അവസരം. അമാന്തിച്ചാൽ അങ്ങനെയൊന്ന് ഒരിക്കലും സംഭവിക്കാൻ പോകുന്നില്ല എന്നൊരു തോന്നൽ. അള്ളാഹുവിൻ്റെ ഒരു ക്ഷണം എൻ് മുന്നിലുള്ളതുപോലെ. ഞാൻ ചാടി എഴുന്നേറ്റു. ഒന്നും ആലോചിച്ചില്ല. മരുഭൂമിയിലൂടെ ഒറ്റ ഓട്ടമായിരുന്നു. നാശം 130    ബെന്യാമിൻ എന്നു പറയട്ടെ. എന്റെ അരികിൽ നിന്നിരുന്ന ഒരു മുട്ടനാടും എനിക്കൊപ്പം ഓടാൻ തുടങ്ങി. ഞാൻ എന്റെ വടികൊണ്ട് അതിനെ അടിച്ചും കുത്തിയും ഒക്കെ പിന്തിരിപ്പിക്കാൻ നോക്കിയെങ്കിലും അതെന്നെ വിടാതെ പിന്നാലെ ഓടിക്കൊണ്ടിരുന്നു. രക്ഷപ്പെടാനുള്ള അദമ്യമായ ആഗ്രഹത്തിൽ ഞാൻ തിരിഞ്ഞുനോക്കിയതേയില്ല. അകലം. എത്രയും ദൂരം. അതായിരുന്നു എൻ്റെി മനസ്സിലതയും. എങ്ങാട്ടെന്നറിയില്ല. ഓടുക രക്ഷപ്പെടുക അത്രതന്നെ. മുട്ടൻ എന്റെ പിന്നാലെ ഉണ്ടായിരുന്നു. അതെന്നെ ഇപ്പോൾ കുത്തിത്താഴെ യിടും എന്ന മട്ടിലായിരുന്നു അതിൻ്റെ ഓട്ടം. ആ ഭീതികൊണ്ടുതന്നെ എൻ്റെി ഓട്ടം ഇരട്ടി വേഗത്തിലായിരുന്നു. പെട്ടെന്ന് എന്റെ പിന്നിൽ ഒരു വണ്ടിയുടെ ഇരമ്പൽ ഞാൻ കേട്ടു. ഭീതി എന്റെയുള്ളിൽ തീപോലെ കത്തി. ഞാൻ ഓടിയത് അർബാബ് കണ്ടിരി ക്കുന്നു! അർബാബ് ഇപ്പോൾ എന്റെ അരികിലെത്തും, എന്നെ അടിച്ചു കൊല്ലും. പെട്ടെന്ന് പിന്നിൽ ഒരു വടി പൊട്ടി. ഭാഗ്യത്തിന് അതെൻ്റെ ദേഹത്തുകൊണ്ടില്ല. തോല്ക്കുമെന്നറിയാമായിരുന്നിട്ടും ഞാൻ കൂടുതൽ വേഗത്തിൽ ഓടി. അടുത്ത വെടി പൊട്ടിയതും ആട് ഒരലറിക്കരച്ചിലോടെ എന്റെ മേലേക്ക് തെറിച്ചുവീണതും ഒന്നിച്ചായിരുന്നു. എന്നെ അടിയിലാക്കി ക്കൊണ്ട്ആട് നിലത്തേക്കു കൂപ്പുകുത്തി. അതിന്റെ മാറിൽനിന്നു മോട്ടോർ പമ്പിന്റെ ഉള്ളിൽനിന്നെന്നവണ്ണം ചോര കുതിച്ചുചാടിക്കൊണ്ടിരുന്നു. വേദന കൊണ്ടു പുളഞ്ഞ് അതു ചാടി എഴുന്നേറ്റ് കുറേ ദൂരംകൂടി ഓടി. പിന്നെ അവിടെ കുഴഞ്ഞുവീണു. അപ്പോഴേക്കും അർബാബ് എന്റെ മുന്നിൽ എത്തി ക്കഴിഞ്ഞിരുന്നു. ഞാൻ തോറ്റുകഴിഞ്ഞു. ഞാൻ ഓടിച്ചെന്ന് അർബാബിൻ് കാലക്കൽ വീണു. അർബാബ് എന്നെ ബെൽട്ട് ഊരിയടിച്ചു ഞാൻ മോങ്ങി ക്കരഞ്ഞു. പോയി വണ്ടിയിൽ കയറാൻ അർബാബ്കല്‌പിച്ചു. അടികൊണ്ടി നായക്കുട്ടി മോങ്ങിക്കരഞ്ഞുകൊണ്ട് വാലുമടക്കി കൂട്ടിലേക്ക് ഓടിക്കയറു ന്നതുപോലെ ഞാൻ ഓടിച്ചെന്ന് അർബാബിന്റെ പിക്കപ്പ് വണ്ടിയുടെ പിന്നിൽ കയറി. ആട് മരിച്ചുകഴിഞ്ഞിരുന്നു. അർബാബ് അതിനെ വലിച്ചിഴച്ചുകൊണ്ടു വന്ന് പിക്കപ്പിന്റെ പിന്നിലേക്കു വലിച്ചെറിഞ്ഞു. അപ്പോഴും കിട്ടി എനി ക്കൊരടി. നിലവിളിച്ചുകൊണ്ട് ഞാൻ വണ്ടിയുടെ പിന്നിൽ തലകുമ്പിട്ടിരുന്നു. വെടികൊണ്ടു ചത്ത ആട് എൻ്റെ അരികിൽ കണ്ണുമിഴിച്ചു കിടന്നു. എനിക്കുവേണ്ടിയാണ് ഇവൻ ഇവിടെ മരിച്ചുകിടക്കുന്നത് എന്നോർത്തപ്പോൾ എന്റെ കരച്ചിൽ കനത്തു. എന്റെ പ്രിയപ്പെട്ട ആടേ... ഞാനോടിയപ്പോൾ എന്റെ പിന്നാലെ വരാൻ, വെടിയുണ്ടയ്ക്കു മുന്നിൽ എനിക്കുവേണ്ടി നിന്റെ മാറ് കാട്ടിക്കൊടുക്കാൻ ആരാണ് നിന്നെ നിയോഗിച്ചത്? രക്ഷപ്പെടാൻ നേരമായി എന്ന എൻ്റെ തോന്നൽ തെറ്റായിരുന്നു. അത് അള്ളാവിന്റെ വിളിയാണ് എന്ന എൻ്റെ തോന്നൽ തെറ്റായിരുന്നു. പലപ്പോഴും അങ്ങനെയാണ്, പൊടുന്നനെ ഉണ്ടാ കുന്ന തോന്നലുകൾ അള്ളാവിന്റെ വിളിയാണെന്നു നാം തെറ്റിദ്ധരിക്കാറുണ്ട്. 131     ആടുജീവിതം പക്ഷേ അള്ളാവിനറിയാം ഏതാണ് ഒരുവൻ സമയമെന്ന്. അതു കൃത്യ മായി തിരിച്ചറിയാനുള്ള അടുപ്പം നമുക്ക് അള്ളാവുമായി ഉണ്ടാവണം. എനി ക്കതില്ലാതെ പോയി. പക്ഷേ അവനെന്നെ കാത്തു. ഇബ്രാഹിം നബിയുടെ ബലിക്കു തൻ്റെ പുത്രനു പകരം ആടിനെ കൊടുത്തതുപോലെ എനിക്കു പകരം വച്ച ബലിയാണോ നീ..? വണ്ടി ഓടി കൂടാരത്തിനു മുന്നിൽ ചെന്നു നിന്നു. അർബാബ് എന്നെ വലിച്ചിഴച്ചുകൊണ്ടുപോയി ഒരു മസറയ്ക്കുള്ളിൽ കയറി കെട്ടിയിട്ടു. പിന്നെ അയാളുടെ കൊതിതീരെ എന്നെ അടിച്ചു. എന്റെ ശരീരത്തിന്റെ എല്ലാ ഭാഗ്യ ങ്ങളിൽനിന്നും ചോരയുടെ ഉറവകൾ പൊട്ടി. പക്ഷേ ഞാൻ കരഞ്ഞില്ല. ഒരുതുള്ളി കണ്ണീർ പൊഴിച്ചില്ല. എല്ലാം ഞാൻ ശരീരത്തിൽ സഹിച്ചു എനിക്കുവേണ്ടി ഒരാട് അതിന്റെ ജീവനെത്തന്നെയാണ് നല്കിയത്. ഇനി യുമുള്ള എന്റെ വിധിയിൽ ഞാൻ കരഞ്ഞാൽ നിലവിളിച്ചാൽ അള്ളാപോലും എന്നോടു പൊറുക്കില്ല. അർബാബ് അപ്പോൾത്തന്നെ ആ ആടിന്റെ തൊലി പൊളിച്ചു. കത്തി യെടുത്തു കണ്ടിച്ചുമുറിച്ചു വെളിമ്പ്രദേശത്തു തീകൂട്ടി അതിനെ ചുട്ടെടുത്തു. മതിയാവോളം അയാൾ വാരിക്കുത്തി തിന്നു. ബാക്കിവന്നത് എനിക്കു കൊണ്ടുതന്നു. വേണ്ടെന്നു ഞാൻ നിഷേധിച്ചു. അയാളെന്നെ തല്ലി. എന്റെ വായിൽ കുത്തിനിറച്ച് നിർബന്ധിച്ചു തീറ്റിച്ചു. സ്വന്തം സഹോദരൻ മാംസം കഴിക്കുന്നതുപോലെ അതെന്നിൽ മടുപ്പും കരച്ചിലും ഓക്കാനവും ഉണ്ടാക്കി. ഞാനതിൽ ഒരു കഷണംപോലും കഴിച്ചില്ല. അല്പം ഉള്ളിൽച്ചെന്നതാകട്ടെ അപ്പാടെ ഛർദ്ദിച്ചു കളയുകയും ചെ‌യ്തു. പിന്നെ ഒരിക്കലും ഞാൻ ആടു മാംസം തിന്നിട്ടില്ല. തിന്നാൻ തോന്നിയിട്ടുമില്ല. അന്നും പിറ്റേന്നും അർബാബ് എന്നെ മസറയിൽ തന്നെ പൂട്ടിയിട്ടു. പുറ ത്തേക്കിറക്കിയതേയില്ല. എനിക്ക് ഒരു തുള്ളി വെള്ളം തന്നില്ല. ഒരു ഖുബു സിന്റെ കഷണം തന്നില്ല. രണ്ടു ദിവസം ഞാൻ കടിച്ചുപിടിച്ചു കിടന്നു. എല്ലാം എനിക്കുവേണ്ടി മരിച്ച ആടിന് ഞാൻ പകരം കൊടുക്കുന്നത് എന്നു സമാ ധാനിച്ചു. രണ്ടാം ദിവസം രാത്രിയായപ്പോഴേക്കും എനിക്കു കഠിനമായി വിശക്കാൻ തുടങ്ങി. അർബാബ് ഉറക്കമായി എന്നുറപ്പായപ്പോൾ ഞാൻ പതിയെ എഴുന്നേറ്റ് എൻന്റെ കെട്ടഴിച്ചു. പിന്നെ ആടുകൾക്കിടയിലൂടെ ഇഴഞ്ഞ് ആടുകളുടെ വെള്ളത്തൊട്ടിക്കരികിലെത്തി ആർത്തിയോടെ വെള്ളം മൊത്തി ക്കുടിച്ചു. ദാഹമടങ്ങി. പിന്നെ വിശപ്പായിരുന്നു. തൊട്ടപ്പുറത്തെ ഗോതമ്പു തൊട്ടിയിൽ ആടുകൾ തിന്നതിന്റെ ബാക്കി ഗോതമ്പുമണികൾ കിടപ്പുണ്ടാ യിരുന്നു. ഞാനതു തടുത്തുകൂട്ടി വലിച്ചുവാരിത്തിന്നു. പച്ചഗോതമ്പ്! തവിടു കളയാത്തത്. തൊട്ടപ്പുറത്ത് ഒരു ചെറിയ തൊട്ടിയിൽ ഉപ്പ് വച്ചിട്ടുണ്ടായി രുന്നു. ഇത്തിരി ഉപ്പുകൂട്ടി ഗോതമ്പ് തിന്നു. വേവിക്കാത്ത ഗോതമ്പിന് അത്രയും രുചിയുണ്ടെന്ന് അന്നാണ് എനിക്കു മനസ്സിലാവുന്നത്. പിന്നെയും തൊട്ടിയിൽനിന്നു വെള്ളം മൊത്തിക്കുടിച്ചു. വയറുനിറഞ്ഞപ്പോൾ ആശ്വാ സമായി. ഞാൻ ആടുകൾക്കൊപ്പം മസറയിൽ കിടന്ന് സുഖമായി ഉറങ്ങി. അപ്പോഴേക്കും ഞാൻ ശരിക്കും ഒരാട് ആയിക്കഴിഞ്ഞിരുന്നു..! 132     ഇരുപത്തിമൂന്ന് പിതിയെ ചൂട് അതിൻ്റെ മൂർദ്ധന്യാവസ്ഥയിലേക്കു നീങ്ങുകയായിരുന്നു. omവന്നിറങ്ങിയ ദിവസം എന്തൊരു ചൂടാണപ്പാ ഇതെന്നു ഞാൻ അതിശയി പ്പെട്ടിരുന്നു. അതുപക്ഷേ ചൂടിൻ്റെ വെറും തുടക്കദിവസങ്ങളിൽ ഒന്നുമാതി മായിരുന്നു. ദിവസം കഴിയുന്തോറും അതു പതിയെ വളരുന്നതു ഞാന റിഞ്ഞു. ചൂട് അതിൻ്റെ തീക്ഷ്‌ണതയത്രയും കാറ്റിൽ നിറച്ചുവച്ചു. ഓരോ തവണ കാറ്റ് എന്നെ കടന്നുപോകുമ്പോഴും ഒരു തീച്ചൂളയ്ക്കുള്ളിൽ പെട്ട പ്രതീതിയാണ് അനുഭവപ്പെടുക. അന്നൊക്കെ എൻ്റെ ഏറ്റവും വലിയ സ്വപ്നം, മോഹം, പ്രാർത്ഥന എന്താ യിരുന്നു എന്നാണ് നിങ്ങൾ വിചാരിക്കുന്നത്..? ഇവിടെനിന്ന് മോചനം പ്രാപിക്കുക..? കുടിക്കാൻ ഇത്തിരി വെള്ളം കിട്ടുക..? ഇത്തിരി നല്ല ഭക്ഷണം കിട്ടുക..? എൻ്റെ കുഞ്ഞിനെ ഒന്നു കാണുക..? എൻ്റെ സൈനുവിനെ ഒന്നു വിളിക്കുക..? ഒന്നുമായിരുന്നില്ല. ഒരിത്തിരി നേരം ഒരു തണലത്ത് ഒന്നിരിക്കുക എന്നതായിരുന്നു അന്നത്തെ എൻ്റെ അടങ്ങാത്ത മോഹം. തണൽ ഒരു സ്വപ്നമായിത്തീരുന്നവന്റെ്റെ വേദന ഒന്നാലോചിച്ചുനോക്കൂ. എന്റെ കുപ്പായം ഊരി ഞാൻ തണലുണ്ടാക്കാൻ നോക്കിയിട്ടുണ്ട്. എന്തിന്, പറഞ്ഞാൽ നിങ്ങൾ വിശ്വസിക്കുമോ..? എന്റെ കയ്യിലിരിക്കുന്ന വടിയിൽനിന്നുവീഴുന്ന നിഴലിൽപ്പോലും ഒരു തണൽ കണ്ടെത്താൻ ഞാൻ ശ്രമിച്ചിട്ടുണ്ട്. ഒരു കാക്ക ച്ചിറകിന്റെപോലും തണലില്ലാത്ത ഇടം എന്നു കേട്ടിട്ടുണ്ട്. ഞാനതു സത്യ ത്തിൽ അനുഭവിച്ചു. ചൂട് തുടങ്ങിയതോടെ എന്റെ കമ്പിളിപ്പുതപ്പ് കട്ടിലിനു മുകളിൽ വലിച്ചു കെട്ടി ഞാനൊരു തണൽകൂടാരം ഉണ്ടാക്കിയിരുന്നു. അതിനിടയിൽ ഇരു ന്നാൽ ഒരിത്തിരി ആശ്വാസം കിട്ടും. പക്ഷേ അതിനു സമ്മതിക്കേണ്ടേ.. കാലത്ത് അഞ്ചുമണിക്കു തുടങ്ങുന്ന പണിയാണ്. രാത്രി പത്തായാലും തീരില്ല. ഒരു സെറ്റ് ആടുകളെയുംകൊണ്ടു പോയി മടങ്ങിയെത്തുമ്പോഴേക്കും അർബാബ് അടുത്ത മസറയിലെ ആടുകളെ തുറന്നുവിട്ടിരിക്കും. രണ്ടു കോപ്പ വെള്ളം - അതും ഇരുമ്പുടാങ്കിൽ കിടന്നു തിളച്ച വെള്ളം - കുടിക്കാനുള്ള കഷ്ടിച്ച് സമയമേ കിട്ടൂ. അപ്പോഴേക്കും ആടുകൾ ഒരുവഴിക്കു ചെന്നിരിക്കും. അപ്പോൾത്തന്നെ അതിന്റെ പിന്നാലെ ചെന്നില്ലെങ്കിൽ അവകൾ അതിൻ്റെ 133   ആടുജീവിതം   പാട്ടിനുപോകും. പിന്നെ അവയെ പിടിക്കാനുള്ള ഒരു പങ്കപ്പാട് പറയേണ്ട തില്ലല്ലോ. അതുകൊണ്ട് ഒരുനിമിഷം വൈകാതെ ഓടുകതന്നെ. ഓടിയോടി എന്റെ വായിൽനിന്ന് പേപിടിച്ച നായുടേതെന്നപോലെ നുരയും പതയും വരും. മുടിയനായ പുത്രന്റെ കഥപോലെ മരുഭൂമിയിൽ ഈ മൃഗങ്ങൾക്കൊപ്പം കിടന്നലയാൻ എൻ്റെ അള്ളാ ഞാൻ നിന്നോടും എൻ്റെ പിതാവിനോടും എന്തു പാപമാണ് ചെയ‌തതെന്ന് ഞാൻ ആകാശത്തിലേക്കു കണ്ണുകൾ ഉയർത്തിച്ചോദിക്കും. അവിടെനിന്ന് കത്തുന്ന സൂര്യൻ്റെ രൂപത്തിൽ അള്ളാഹു എന്നെ നോക്കും. നീ കടന്നുപോകേണ്ട യാതനയുടെ നാളുകൾ ഇനിയും വരാനിരിക്കുന്നതേയുള്ളൂ എന്ന് അവൻ എന്നോടു പറയും. ഞാൻ മരുഭൂമിയിലെ പ്രവാചകനെ എന്നപോലെ ചുട്ടുപഴുത്ത മണലിൽ മുട്ടു കുത്തിനിന്ന് ആകാശത്തേക്കു നോക്കി പ്രാർത്ഥിക്കും. എൻ്റെ അള്ളാഹുവേ, എന്നെ ഈ യാതനകളിൽനിന്നും വേഗം വിടുവിക്കണമേ. നിൻ്റെ ജനമായ യിസ്രേലിയർക്കു മൂസ എന്നൊരു വിമോചകനെ അയച്ചുകൊടുത്തതു പോലെ നീ എനിക്കും ഒരു വിമോചകനെ അയച്ചുതരേണമേ. ഈ അടിമത്തത്തിൽനിന്നും മോചനം പ്രാപിക്കുവാൻ എന്നെ സഹായിക്കേ ണമേ.. അള്ളാഹു എൻ്റെ പ്രാർത്ഥന കേട്ടുവോ എന്നെനിക്കറിയില്ല. എന്നാൽ ആ വിശ്വാസം എനിക്കു പകർന്നുതന്ന ആത്മധൈര്യം എത്രയാണെന്ന് എനി ക്കറിയാം. അവിശ്വാസികളേ.. പരമ കാരുണികനായ അള്ളാഹു പകർന്നു നല്കുന്ന സുഖശീതളിമയിൽ രമിച്ചുജീവിക്കാൻ ഭാഗ്യം ചെയ്തവരേ.. പ്രാർത്ഥനകൾ നിങ്ങൾക്കു വെറും പ്രഹസനങ്ങളും ചടങ്ങുകളും മാതി മായിരിക്കാം. പക്ഷേ, എന്നെ സംബന്ധിച്ചിടത്തോളം അതെന്റെ പിടിച്ചു നില്പിന്റെ അവസാന അത്താണിയായിരുന്നു. ഞാൻ ശരീരത്തിൽ ഏറെ തളർന്നപ്പോഴും ആത്മാവിൽ പിടിച്ചുനിന്നത് ആ വിശ്വാസംമൂലമായിരുന്നു. ഇല്ലെങ്കിൽ ആ തീക്കാറ്റിൽ ഞാനൊരു പുൽക്കൊടിയെന്നപോലെ വാടി ക്കരിഞ്ഞു പോകുമായിരുന്നു. ചൂടാവുന്നതിനേക്കാൾ വേഗത്തിലാണ് മണൽ തണുക്കുന്നത്. രാത്രി എട്ട് അല്ലെങ്കിൽ ഒൻപത് ആവുമ്പോഴേക്കും മണൽ തണുത്തു കഴിഞ്ഞി രിക്കും. പിന്നെ ആ മണലിൽ കിടന്നുറങ്ങാൻ ഒരു സുഖമാണ്. ഭൂമിയുടെ അടിത്തട്ടിൽനിന്നും തണുപ്പിൻ്റെ ഒരു ഉറവ മേലേക്കു പൊന്തിവന്ന് ദേഹ ത്തേക്ക് അരിച്ചു കയറുന്നതുപോലെ തോന്നും. എന്തൊരു സുഖമാ ണെന്നോ..?! പകലത്തെ ക്ഷീണം മുഴുവൻ അത് അലിയിച്ചു കളയും. ഭൂമി യുടെ അന്തർഭാഗത്തു തിളച്ചുമറിയുന്ന ചൂടാണെന്നൊന്നും പറഞ്ഞാൽ ഞാൻ വിശ്വസിക്കില്ല. മരുഭൂമിയിൽ ജലമില്ല എന്നു പറഞ്ഞാലും ഞാൻ വിശ്വസിക്കില്ല. ഞാൻ കിടക്കുന്ന മൺപരപ്പിന്റെ അടിയിലൂടെ ഒരു പുഴ നിശ്ശ ബ്ദമായി ഒഴുകുന്നുണ്ടാവും എന്നുതന്നെയാണ് എൻ്റെ വിശ്വാസം. ആ നീരൊഴുക്കിന്റെ മേലെ കിടന്നാണ് ഞാൻ ഉറങ്ങുന്നത്. ഒരു ചങ്ങാടത്തിൻ്റെി മുകളിൽ എന്നപോലെ. ആ ഓർമ്മയുടെ നിർവൃതി തന്നെ എനിക്ക് ഇരട്ടി 134     ബെന്യാമിൻ സുഖവും ഉറക്കവും നല്കിയിരുന്നു. എന്നാൽ, പേടിയോടെ ആ മൺകിടപ്പ് അവസാനിപ്പിക്കുവാൻ എനിക്കൊരു കാരണമുണ്ടായി. അതു പറയാം. ഒരു ദിവസം കാലത്തു മസറയിലേക്കു കയറിച്ചെല്ലുമ്പോൾ ഞാൻ കാണു ന്നത് മൂന്നാല് ആടുകൾ ചത്തുകിടക്കുന്നതാണ്! ഞാൻ പേടിച്ചുപോയി. തലേന്നുവരെ യാതൊരു കുഴപ്പവുമില്ലാതെ ഓടിച്ചാടി നടന്ന ആടുകളാണ്. അതിലൊന്ന് പൂർണ്ണ ഗർഭിണി കൂടിയായിരുന്നു. എന്താണ് സംഭവിച്ചതെന്ന് എനിക്കൊരു എത്തും പിടിയും കിട്ടിയില്ല. വല്ല അസുഖവും വന്നതാണ ങ്കിൽ ഇതെങ്ങനെ ഒരേ സമയം മൂന്നാലെണ്ണം..? അള്ളാ ഇനി വല്ല പകർച്ച വ്യാധിയുമാണോ..? പക്ഷേ അങ്ങനെയെങ്കിൽ അതിൻ്റെ ലക്ഷണമെ ന്തെങ്കിലും കാണേണ്ടതല്ലേ..? വെപ്രാളത്തോടെ ഞാൻ അർബാബിൻ്റെറി കൂടാരത്തിലേക്ക് ഓടി. എന്തൊക്കെയോ പറഞ്ഞൊപ്പിച്ചു. മലയാളത്തിൽ തന്നെ. അർബാബ് ഇതിനോടകം എന്റെ ഭാഷ പഠിച്ചിരിക്കണം. അല്ലെങ്കിൽ തന്നെ ആവശ്യം കേൾക്കുന്നവൻയാണെങ്കിൽ ഭാഷ ഏതായാലും അയാൾക്ക് മനസ്സിലാവും എന്ന് പിന്നെ എത്രയോ വട്ടം തെളിഞ്ഞിരിക്കുന്നു. അതല്ല, ആവശ്യം പറയുന്നവന്റെയാണെങ്കിൽ ഏതു ഭാഷയിൽ പറഞ്ഞാലും കേൾക്കുന്നവന് ഒന്നും മനസ്സിലാവില്ല എന്നതും എൻ്റെ അനുഭവം! അർബാബ് എഴുന്നേറ്റ് എനിക്കൊപ്പം മസറയിലേക്കു വന്നു. ചത്ത ആടു കളുടെ ചുറ്റും നടന്നുനോക്കി. അതിനെ തിരിച്ചുംമറിച്ചുമിട്ട് പരിശോധിച്ചു. അതിന്റെ ചത്ത കൺപോളകൾ വിടർത്തി നോക്കി. എപ്പോഴാണ് എൻ്റെ കുറ്റം മേൽ ചാർത്തപ്പെടുന്നതെന്നും അടി എൻറെ പുറത്തു വീഴുന്നതെന്നും പ്രതീക്ഷിച്ചാണ് ഞാൻ നിന്നത്. എന്നാൽ ഒന്നും ഉണ്ടായില്ല. അർബാബ് മസറയ്ക്ക് ചുറ്റും നടന്ന് എന്തൊക്കെയോ പരിശോധിച്ചു. പിന്നെപ്പോയി വണ്ടിയിൽനിന്ന് ഒരു മൺവെട്ടി എടുത്തുതന്നു കുഴിവെട്ടാൻ പറഞ്ഞു. ഞാൻ കുഴിയെടുത്തു കഴിഞ്ഞപ്പോൾ അർബാബുതന്നെ ആടുകളെ വലിച്ചിഴച്ചു കൊണ്ടു വന്നു കുഴിയിലിട്ടു മൂടി. എനിക്കു വല്ലാത്ത അതിശയം തോന്നി. അറുത്ത കൈയ്ക്ക് ഉപ്പുതേയ്ക്കാത്ത എന്റെ അർബാബ് എങ്ങനെ ഇത്രയും വിലയുള്ള ആടുകളെ കുഴിച്ചുമൂടുക എന്നു വച്ചാൽ..? എനിക്കൊരെത്തും പിടിയും കിട്ടിയില്ല. അർബാബ് ഒട്ട് പറഞ്ഞതുമില്ല. ഞാൻ എന്റെ പതിവു കളിലേക്കു പോയി. ആടുകളെ കറന്നു. കുറച്ച് അർബാബിനു കൊണ്ടു ക്കൊടുത്തു. ഇത്തിരി ഞാൻ കുടിച്ചു. ബാക്കി കുട്ടികൾക്കു കൊടുത്തു. ആടുകളെയുംകൊണ്ട് പുറത്തുപോയി. രണ്ടു ഖുബൂസ് കടിച്ചുപറിച്ചു തിന്നു. മസറ തൂത്തുവാരി. തൊട്ടികളിൽ വെള്ളവും ഗോതമ്പും പോച്ചയും കച്ചിയും ഉപ്പും നിറച്ചു. എൻ്റെ പതിവുകൾ ആവർത്തിച്ചു. ആടുകൾ ചത്താലെന്ത്..? ജീവിച്ചാലെന്ത്..? അർബാബിനു പോയി. എനിക്കൊന്നും നേടാനുമില്ല നഷ്ട പ്പെടാനുമില്ല. എന്നിട്ടും ആ ദിവസമതയും മുള്ളു കുത്തുന്നതുപോലെ ഒരു വേദന എന്നിൽ നീറിക്കൊണ്ടിരുന്നു. അപ്പോഴൊക്കെ ഞാൻ ആവർത്തിച്ചു പറഞ്ഞുനോക്കി - ആടുകൾ ചത്താലെന്ത്..? ജീവിച്ചാലെന്ത്..? അർബാബിനു പോയി. എനിക്കൊന്നും നേടാനുമില്ല നഷ്ടപ്പെടാനുമില്ല. എത്രയൊക്കെ   135   ആടുജീവിതം നിസ്സംഗത പാലിക്കാൻ നോക്കിയിട്ടും ആ മരണങ്ങൾ എന്നിൽ വല്ലാതെ തികട്ടി വന്നുകൊണ്ടേയിരുന്നു. പ്രത്യേകിച്ച് പൂർണ്ണ ഗർഭിണിയായിരുന്ന ആ ആടിന്റെ മരണം. ആദ്യമായി പ്രസവിക്കാൻ ഒരുങ്ങുകയായിരുന്നു ആ ആട്! അതിന്റെ നടത്തത്തിലും നോട്ടത്തിലും അതിന്റെയൊരു അഭിമാനവും ഗർവ്വം എനിക്കു കാണാമായിരുന്നു. ആടാണെങ്കിലും അതിനുമുണ്ടല്ലോ ചിന്തകൾ. അമ്മയാവുന്നതും കുഞ്ഞിനെ മുലയൂട്ടുന്നതും അതു തുള്ളി ച്ചാടുന്നതും ഒക്കെ എത്രവട്ടം അതു സ്വപ്നം കണ്ടിരിക്കും. പാവം. എല്ലാം ഒരു രാത്രികൊണ്ട് അസ്തമിച്ചിരിക്കുന്നു. ഇത്രയുമേയുള്ളൂ നാം സ്വപ് ങ്ങൾകൊണ്ടു കെട്ടിപ്പൊക്കുന്ന ഈ ജീവിതം! ആടേ.. പ്രിയപ്പെട്ട ആടേ.. എന്റെയും നിൻ്റെയും ഈ ജീവിതം ആരു ടെയോ സമ്മാനമാണ്. ആ സമ്മാനം തന്നവൻ അനുവദിച്ചതിൽനിന്ന് ഒരു ദിവസംപോലും കൂടുതൽ ജീവിക്കാൻ എനിക്കും നിനക്കും അവകാശമില്ല. അനുഭവിക്കേണ്ടതെല്ലാം അനുഭവിക്കാതെ നമുക്കിവിടെനിന്നു പോകാൻ കഴിയില്ല. നീ ഭാഗ്യവതിയാണ് ആടേ. ഈ മസറയിൽ കിടന്നു നരകിക്കാതെ വേഗം പോകാൻ നിനക്കു കഴിഞ്ഞല്ലോ. നീ നിർഭാഗ്യവതിയാണ് ആടേ. നിന്റെ കുഞ്ഞിനെ ഒരു നോക്കു കാണാതെ മരിക്കാൻ നീ വിധിക്കപ്പെട്ടു പോയല്ലോ. ഞാൻ രണ്ടു വിധത്തിലും നിർഭാഗ്യവാനാണ്. ഞാൻ ഈ മസറ യിൽ കിടന്ന് എക്കാലവും നരകിക്കുകയും വേണം. എനിക്കെൻ്റെ കുഞ്ഞിനെ ഒരു നോക്കു കാണാനും കഴിയില്ല. ശപിക്കപ്പെട്ട ജീവിതം! രാത്രി ഖുബൂസ് തീറ്റ കഴിഞ്ഞ് ഞാൻ വെറും നിലത്ത് ഒരു കല്ലെടുത്തു തലയണയാക്കി കിടന്നു. അന്നേരം അർബാബ് പതിവില്ലാതെ വണ്ടി സ്റ്റാർട്ടാ ക്കുന്നു. അർബാബ് എവിടേക്കെങ്കിലും പോകുകയാണോ എന്നൊരു മോഹം എന്നിൽ പെട്ടെന്നുണ്ടായി. എങ്കിൽ രക്ഷപ്പെടുകതന്നെ. ഒന്നും അറിയാത്ത വനെപ്പോലെ ഞാൻ കിടന്നു. എന്നാൽ എൻ്റെ സർവ്വേന്ദ്രിയങ്ങളും ആകാംക്ഷയിലേക്കു കൂർപ്പിച്ചു വച്ചിരിക്കുകയായിരുന്നു. അർബാബ് വണ്ടി യെടുത്തു മസറയ്ക്കു ചുറ്റും ഓടിക്കാൻ തുടങ്ങി. വളരെ പതുക്കെ എന്തോ തിരയുന്നതുപോലെ ആയിരുന്നു അത്. മൂന്നാലഞ്ച് ചുറ്റ്ഓടിച്ചശേഷം തിരി കെക്കൊണ്ടുവന്ന് കൂടാരത്തിനു മുന്നിൽ നിറുത്തി. പിന്നെ കൂടാരത്തിലേക്കു കയറിപ്പോയി. ആശയിലേക്ക് ഉദിച്ചുവന്ന പ്രതീക്ഷയുടെ സർവ്വനക്ഷത്രങ്ങളും ഒരൊറ്റ നിമിഷംകൊണ്ട് ഇരുളിലേക്കു കെട്ടുപോയി. സങ്കടവും ദേഷ്യവു മാണ് എനിക്കു തോന്നിയത്. സർവ്വതിനെയും ഞാൻ ശപിച്ചു. അള്ളാഹഹു വിനെത്തന്നെ ഞാൻ ശപിച്ചു. ആ രാത്രി പിന്നെയും പലവട്ടം അർബാബ് മസറയ്ക്കു ചുറ്റും വണ്ടിയും കൊണ്ടു കറങ്ങി. എനിക്കൊന്നും മനസ്സിലായില്ല. എന്നോടൊന്നും പറഞ്ഞു മില്ല. ഞാനൊന്നും ചോദിച്ചുമില്ല. ആടുകൾ മനുഷ്യരോട് സംസാരിക്കാറി ഞാൻ ആ മണൽസുഖത്തിൽ കിടന്ന്ഉറങ്ങിപ്പോയി. രാത്രി എത്രയോ പിന്നിട്ടിരിക്കണം. മസറയ്ക്കുള്ളിൽ ആടുകളുടെ കരച്ചിലും ചാട്ടവും കേട്ടാണ് 136     ബെന്യാമിൻ ഞാൻ ഉണരുന്നത്. ഞാൻ നോക്കുമ്പോൾ അർബാബ് കമ്പിവേലിക്കും ചുറ്റും കിടന്നു പരിഭ്രാന്തനായി ഓടുകയാണ്. അതിനിടയിൽ എന്നെ പേരെടുത്തു വിളിച്ച് ""ഹയ്യാ.. ഹയ്യാ..' എന്നു കരയുന്നുമുണ്ട്. ഞാൻ ചാടിപ്പിടഞ്ഞണീറ്റ് അങ്ങോട്ടു ചെന്നു. അർബാബ് എൻറെ കയ്യിൽ ഒരു വടിവച്ചുതന്നിട്ട് മസറ യ്ക്കുള്ളിലേക്കു തള്ളിക്കൊണ്ടുചെന്നാക്കി. കാര്യമറിയാതെ ഞാൻ മസറ യ്ക്കുള്ളിൽ അമ്പരന്നു നിന്നു. അർബാബാവട്ടെ ചൂഫ്.. ചൂഫ്.. ഹയ്യാ... ഹയ്യാ.. എന്നു പറഞ്ഞുകൊണ്ട് വണ്ടി ഓണാക്കി മസറയ്ക്കുള്ളിലേക്കു വെളിച്ചം തെളിച്ചു. ആടുകൾ അപ്പോഴും അസ്വസ്ഥരായി കരയുകയും ചാടു കയും ചെയ്യുന്നുണ്ട്. ഞാൻ പതിയെ ഓരോ ആടിനെയും നീക്കി എന്താ ണിവിടെ സംഭവിക്കുന്നതെന്നു നോക്കി. അവസാനം ഞാൻ ആ കാഴ്‌ച കണ്ടു! ആടുകൾ കരഞ്ഞതിന്റെയും ആടുകൾ ചാടിയതിന്റെയും കാരണം കണ്ടു. ഞാൻ ഭയന്നു നിലവിളിച്ചുകൊണ്ടു പിന്നോട്ട് ഓടി. ഒരാടിൻ്റെ കാലിൽ ഒരു പാമ്പ്ചുറ്റിവരിഞ്ഞുകിടക്കുന്നു. നാട്ടിലൊരു പുളവനെക്കെണ്ടാൽ ഒരു ചേരയെണ്ടാൽ പിന്നെ മൂന്നു ദിവസത്തേക്ക് ആ ഭാഗത്തേക്കെങ്ങും പോകാത്തവനാണ് ഞാൻ. പാമ്പ് എന്ന പേരുകേൾക്കുന്നതേ എനിക്കു പേടിയാണ്. ഞാൻ ഓടി മസറയ്ക്കു പുറത്തിറങ്ങി. അതുകണ്ട് അർബാബ് ദേഷ്യത്തോടെ ഇറങ്ങിവന്ന് എന്നെ മസറയിലേക്കു പിടിച്ചുതള്ളിയിട്ട് പുറത്തുനിന്ന് കുറ്റിയിട്ടുകളഞ്ഞു. ഇനി രണ്ടുവഴിയേ എന്റെ മുന്നിലുള്ളൂ. ഒന്നുകിൽ വല്ലവിധേനയും ആ പാമ്പിനെ തല്ലിക്കൊല്ലുക. അല്ലെങ്കിൽ ആടുകൾക്കൊപ്പം കിടന്ന് പാമ്പിൻ്റെ കടി കൊണ്ട് ചാവുക. ആവശ്യങ്ങളാണ് മനുഷ്യനിൽ ധീരതയും ഭീരുത്വവും ഒക്കെ നിറയ്ക്കുന്നത്. പൂർത്തിയാവാത്ത ഒരു പിടി ആഗ്രഹങ്ങൾ എന്നിൽ വിങ്ങിക്കിടപ്പുണ്ട്. എനിക്കപ്പോൾ ധീരനായേ മതിയാവുമായിരുന്നുള്ളൂ. ജീവി ച്ചിരിക്കുക എൻ്റെ ആവശ്യമാണ്. ഞാൻ ആടുകൾക്കിടയിലൂടെ പമ്മിച്ചെന്ന് പാമ്പ് ചുറ്റിക്കിടക്കുന്ന ആടിന്റെ കാലുനോക്കി അടിച്ചു. ആൾക്കൂട്ടത്തിലെന്നപോലെ ആടുകൂട്ടത്തിലും പാമ്പ് ചാവില്ല. തിങ്ങിനില്ക്കുന്ന ആടുകൾക്കിടയിൽ പാമ്പിനെവിടെ അടി കൊള്ളാൻ. അതിൻ്റെ ദേഹത്ത് വടി വെറുതെ ഒന്നുകൊണ്ടു അത്രതന്നെ. അതു ചീറിക്കൊണ്ട് എൻ്റെ നേരെ വന്നു. ഞാൻ പുറത്തേക്ക് ഓടി. പക്ഷേ മസറയുടെ വാതിൽ പൂട്ടിയിരിക്കുകയായിരുന്നല്ലോ. പേടികൊണ്ട് ഭ്രാന്തു പിടിച്ച ഞാൻ തിരിഞ്ഞുനിന്ന് തലങ്ങും വിലങ്ങും അടിച്ചു. പല അടികളും ആടുകളുടെ മുതുകിനാണ് കൊണ്ടത്. അവ ചീറിയോടാൻ തുടങ്ങി. ഞാൻ അടിച്ചുകൊണ്ടേയിരുന്നു. ഒറ്റയടിപോലും പാമ്പിനു കൊണ്ടുകാണില്ല. പക്ഷേ അതും പേടിച്ചുകാണണം. അത് അതിന്റെ പാട്ടിനുപോയി. എനിക്ക് അർബാബിൽനിന്ന് പൊതിരെ തെറിവിളി കിട്ടി. ആടുകളിൽ ഒന്ന് അപ്പോൾത്തന്നെ ചത്തു. എനിക്കെന്റെ മനഃസമാധാനം പോയി. ഇത്രയു മായിരുന്നു ആ രാത്രിയുടെ അനന്തരഫലം. അതോടെ എന്റെ നിലത്തു 137     ആടുജീവിതം കിടപ്പും മണൽത്തണുപ്പും എനിക്ക് എന്നെന്നേക്കുമായി നഷ്ടമായി. ഞാൻ എത്രയോ ദിവസങ്ങളായി വെറും നിലത്തു കിടന്നാണ് ഉറങ്ങിയിരുന്നത്. വേണമെങ്കിൽ അതിലൊരു പാമ്പിന് എൻ്റെ നേരെ ഇഴഞ്ഞുവരാമായിരുന്നു. എന്നെ കൊത്താമായിരുന്നു. എന്നെ നിഷ്കരുണം കൊല്ലാമായിരുന്നു. മരു ഭൂമിയിലെ പാമ്പുകൾ ഉഗ്രവിഷമുള്ളവയാണെന്നു ഞാൻ കേട്ടിട്ടുണ്ട്. പോകുന്നവഴി ഒരു ചെറുസ്‌പർശം മാത്രം മതി എന്റെ ജീവിതം അവസാനി ക്കാൻ. പക്ഷേ ഒരു പാമ്പും എന്നെ തേടിവന്നില്ല. ഞാൻ അവിടെ കിടക്കു ന്നതറിഞ്ഞ് അവ വഴിമാറിപ്പോയിരിക്കണം. കരുണാമയനായ അള്ളാഹു എല്ലാം നിശ്ചയിച്ചിട്ടുണ്ട്. അപ്രകാരമേ എന്തും നടക്കൂ. ഒരു പാമ്പുപോലും അവന്റെ വിചാരം വിട്ടു നടക്കുന്നില്ല. എല്ലാ സ്‌തുതിയും നിനക്കിരിക്കട്ടെ. പിറ്റേന്നു കാലത്തു മൂന്നു കുഞ്ഞാടുകൾ മസറയിൽ ചത്തുകിടന്നു. അതി ലൊന്ന് എൻ്റെ നബീൽ ആയിരുന്നു..! Indian Terminan 138     ഇരുപത്തിനാല് ഞാൻ കണ്ടിട്ടുള്ളതിൽ വച്ച് ഏറ്റവും മനോഹരമായ കാ ‌ച ഏതെന്നു omചോദിച്ചാൽ അതു മരുഭൂമിയിലെ സൂര്യാസ്തമനമാണ്. പൂഴിമണ്ണിനടിയി ലേക്കു നൂണുമുങ്ങുന്ന ഒരു ആമയെപ്പോലെയാണ് അപ്പോൾ സൂര്യൻ. പമ്മി പതുങ്ങി വന്ന അവൻ മണൽക്കാടുകൾക്കിടയിലേക്കു മുങ്ങിപ്പോകും. ആ കാഴ്ച കാണാൻ എൻ്റെ സൈനു കൂടെയുണ്ടായിരുന്നെങ്കിൽ എന്നു ഞാൻ ആഗ്രഹിക്കാറുണ്ട്. എന്റെയുള്ളിൽ നാടില്ല. വീടില്ല, സൈനുവില്ല എന്നു പറയുമ്പോഴും അങ്ങനെ ചില നേരങ്ങളിലാണ് അവളെൻ്റെ മനസ്സിലേക്കു കയറിവരിക. പിന്നെ ഒരു വിങ്ങലാണ്. ഏതൊരു മനോഹരമായ കാഴ്‌ചയും അനുഭവവും പങ്കുവയ്ക്കാൻ കൂടെ ഒരാളില്ലാത്തതാണ് ലോകത്തിലെ ഏറ്റവും വലിയ സങ്കടങ്ങളിലൊന്ന്. ഞാൻ കാഴ്‌ച പിൻവലിച്ചു കട്ടിലിൽ നീണ്ടുനിവർന്നു കിടന്നു. ഒരനാഥശവം പോലെ... നക്ഷത്രങ്ങൾ നിറച്ചു വെളുത്തുകിടന്ന രാത്രിയിലേക്കാണ് ഞാൻ ഉറ ങ്ങാൻ കിടന്നത്. എന്നാൽ കാലത്തുണർന്നപ്പോൾ അന്തരീക്ഷം മുഴുവൻ പൊടികൊണ്ടു മൂടിയിരുന്നു. എവിടെയും കാറ്റിൻ്റെ ഒരു ലക്ഷണവുമില്ല. പക്ഷേ എവിടെനിന്നോ പമ്മിപ്പതുങ്ങി വന്നതുപോലെ പൊടി അന്തരീക്ഷ മാകെ മൂടിയിരിക്കുന്നു. എന്റെ ശരീരം കണ്ട് സത്യത്തിൽ എനിക്കു ചിരിവന്നു. സിനിമയിലെ ചില കോമാളികളെപ്പോലെ. പൊറ്റപിടിച്ചതുപോലെ ദേഹമാകെ പൊടി കൊണ്ടു മുടിയിരിക്കുന്നു. ഞാൻ ആടുകളെ നോക്കി. അവയ്ക്കും പൊടിനിറം. മസറയിലെ തൊട്ടികൾ, കമ്പിവേലി, ഒട്ടകങ്ങൾ, അർബാ ബിന്റെ കൂടാരം, വണ്ടി, എന്റെ കട്ടിൽ, കച്ചിക്കെട്ട് എല്ലാം എല്ലാം പൊടി യാൽ മൂടപ്പെട്ടിരിക്കുന്നു. ശീതരാജ്യങ്ങളിൽ ഐസ് വീണുകിടക്കുന്ന സിനിമക്കാഴ്ചയാണ് എനിക്കോർമ്മ വന്നത്. ഞാൻ തലയൊന്നു കുടഞ്ഞു. ഒരു ഇഷ്ടികച്ചൂളയ്ക്കു വേണ്ടുന്നത പൊടി എന്റെ തലയിൽനിന്നും പറന്നു താഴേക്കു വീണു. വെറുതെ മുടിയിഴകളിലൂടെ ഒന്ന് വിരലോടിച്ചുനോക്കി. അകത്തേക്കു വിരൽ കടക്കാത്തവിധം അതു മണ്ണും അഴുക്കും പിടിച്ച് ജഡ് കെട്ടിക്കഴിഞ്ഞിരുന്നു. എൻ്റെ മുടിക്ക് അപ്പോൾത്തന്നെ തോളറ്റം നീളമുണ്ടായിരുന്നു. താടിരോമങ്ങളും വല്ലാതെ വളർന്നുപോയിരുന്നു. 139     ആടുജീവിതം ചെമ്മരിയാടിന്റെ രോമം കത്രിക്കാനെടുക്കുന്ന വലിയ കത്രിക എടുത്തു കൊണ്ടുവന്ന്ഞാൻ മുടിയും താടിയും ഒക്കെ ഭ്രാന്തമായി വെട്ടിക്കളഞ്ഞു. കഴുകാത്ത മുടിയും താടിയും ചേർന്നു ചില നേരത്തു ചൊറിച്ചിലോടു ചൊറിച്ചിൽ തന്നെ. ഭ്രാന്തന്തുപിടിപ്പിക്കുന്ന ചൊറിച്ചിൽ. എന്റെ ഗുഹ്യഭാഗത്തെയും കക്ഷത്തിലെയും രോമങ്ങൾ അപ്പോൾത്തന്നെ പുണ്ണുപിടിച്ചതുപോലെ ആയിക്കഴിഞ്ഞിരുന്നു. നോക്കിയാൽ അറയ്ക്കും വിധം. അവിടെ ആടുകളുടെ ദേഹത്തുനിന്ന് പേനും ചെള്ളും മറ്റെന്തൊ ക്കെയോ ചെറുപ്രാണികളും കുടിയേറി താമസം തുടങ്ങിക്കഴിഞ്ഞിരുന്നു. രാത്രിയാവുമ്പോഴേക്കും പകലത്തെ വിയർപ്പിറങ്ങി ചൊറിച്ചിലോടു ചൊറിച്ചിൽതന്നെ. എന്റെ ദേഹം ശരിക്കും ഒരു സൂക്ഷ്മജീവി സങ്കേതമായി മാറിക്കഴിഞ്ഞിരുന്നു. ദേഹത്താകെ പൊറ്റപിടിച്ചിരിക്കുന്ന പേനുകൾ, ചെള്ളുകൾ. എന്നെക്കാൾ എതയോ വൃത്തിയിലാണ് ഇവിടത്തെ ആടുകൾ എന്നു തോന്നിപ്പോയി. Indian Termind 140     ഇരുപത്തിയഞ്ച് പോച്ചക്കാരി രമണിയുടെ കഥ പറയാമെന്നു ഞാൻ നിങ്ങളോടു പറഞ്ഞി omരുന്നു. അല്ലേ? പറയാം. പോച്ചക്കാരി രമണിക്ക് മാത്രമല്ല, മസറയിലെ എനിക്ക് കണ്ടാലറിയാവുന്ന എല്ലാ ആടുകൾക്കും ഞാൻ ഓരോരോ പേരുകൾ കൊടുത്തിരുന്നു. ഒരു കൗതുകത്തിന്. വഴക്കുപറയാനുള്ള സൗകര്യത്തിന്. താലോ ലിക്കാനുള്ള എളുപ്പത്തിന്. അറവുറാവുത്തർ, മേരി മുന, ഇണ്ടി പ്പോക്കർ, ഞണ്ടുരാഘവൻ, പരിപ്പുവിജയൻ, ചക്കി, അമ്മിണി, കൗസു, റൗഫത്ത്, നബീൽ, പിങ്കി, അമ്മു, റസിയ, താഹിറ എന്നിങ്ങനെ തനി നാടൻ പേരുകളിൽ തുടങ്ങി ജഗതിയും മോഹൻലാലും സാക്ഷാൽ ഇ.എം.എസും വരെ എന്റെ മസറയിൽ ഉണ്ടായിരുന്നു. എല്ലാവരും ഒരുവിധ ത്തിൽ അല്ലെങ്കിൽ മറ്റൊരു വിധത്തിൽ എനിക്കു പ്രിയപ്പെട്ടവർ. നിങ്ങൾ എന്നെങ്കിലും ആടുകളുടെ മുഖത്തേക്കു സൂക്ഷിച്ചുനോക്കിയിട്ടുണ്ടോ? നോക്കിയാൽ കാണാം അവയ്ക്കൊക്കെ ഓരോ മനുഷ്യമുഖവുമായി നല്ല സാമ്യമുണ്ട്! മുഖം നോക്കി മാത്രമല്ല ഞാൻ ഓരോന്നിനും പേരുകൾകൊടു ത്തിരുന്നത്. ചിലതിന്റെ സ്വഭാവം, ചിലതിന്റെ നടത്തം, ചിലതിന്റെ ശബ്ദം, ചിലതിന്റെ നോട്ടം, ചിലതുമായി ബന്ധപ്പെടുത്തി ഒരു സംഭവം. നാട്ടിൽ ഒരു മനുഷ്യന് എങ്ങനെയാണോ ഒരു ഇരട്ടപ്പേരു വീഴാൻ കാരണമാകു ന്നത് അങ്ങനെയൊക്കെ. ഒരിക്കലെനിക്ക് ഊക്കനിടി തന്നു വീഴ്ത്തുകയും എന്റെ കൈ ഒടിഞ്ഞു പോകാൻ കാരണമാവുകയും ചെയ്ത ഒരു മുട്ടൻ്റെ കാര്യം ഞാൻ പറഞ്ഞി രുന്നല്ലോ. അവനെയാണ് ഞാൻ അറവുറാവുത്തർ എന്നു വിളിച്ചിരുന്നത്. പേരിൽ സൂചനയുള്ളതുപോലെ ഞങ്ങളുടെ നാട്ടിലെ കൊടികെട്ടിയ റൗഡിയായിരുന്നു അറവുറാവുത്തർ. ഒരു ദിവസം എൻ്റെ ബാപ്പ ഒരു ഒറ്റ ത്തടിപ്പാലത്തിലൂടെ തോടുമുറിച്ചു കടക്കുകയായിരുന്നു. അപ്പോഴുണ്ട് ഈ അറവുറാവുത്തർ എതിരെ വരുന്നു. ഒറ്റത്തടി പാലമാണ്. ഒരാൾക്കേ കഷ്ടിച്ചു നടക്കാനാവൂ. എൻ്റെബാപ്പ പാലത്തിനു പകുതിയും കടന്നതാണ്. പക്ഷേ അതു ഗൗനിക്കാതെ അറവുറാവുത്തർ നേരെ പാലത്തിലേക്കു കടന്നു. എന്നിട്ട് എൻ്റെ ബാപ്പയോട് തിരിഞ്ഞു നടക്കാൻ കല്പ്പിച്ചു. ഇല്ലെന്നു ബാപ്പ. അറവുറാവുത്തർ ഒരു തവണ പറഞ്ഞു, രണ്ടുതവണ പറഞ്ഞു. ബാപ്പ 141     ആടുജീവിതം കേട്ടില്ല. അടുത്തതു റാവുത്തർ പറയുകയായിരുന്നില്ല. ചാടിച്ചെന്ന് തല കൊണ്ട് ഒറ്റയിടിയായിരുന്നു ബാപ്പേന്റെ ചങ്കത്തിട്ട്! പന്ത്രണ്ടടി ആഴമുള്ള തോടിന്റെ വക്കത്തു കിടന്ന ഒരു കരിങ്കല്ലിൽ കൈമുട്ടിടിച്ചാണ് ബാപ്പ വീണത്. അന്ന് ആലപ്പുഴ ജില്ലാ ആശുപത്രിയിലൊക്കെ കൊണ്ടുപോയി ചികിത്സിപ്പിച്ചെങ്കിലും ബാപ്പയുടെ കൈയ്ക്ക് എക്കാലത്തും ഒരു സ്വാധീനയ ക്കുറവും വളവും ഉണ്ടായിരുന്നു എന്നാണ് പറഞ്ഞു കേട്ടിട്ടുള്ളത്. അതിൽപ്പിന്നെ എന്റെ ബാപ്പയ്ക്കു മുറിക്കയ്യൻ അബ്ദു എന്നൊരു വിളിപ്പേരും വീണുവത്രേ. അറവുറാവുത്തർ അന്നു ബാപ്പയെ ഇടിച്ചിരിക്കാമെന്നു ഞാൻ സങ്കല്പിക്കുന്ന അതേ വിധത്തിലാണ് മുട്ടൻ എന്നെ ഇടിച്ചത് എന്നതു കൊണ്ടും ബാപ്പേന്റെ കൈ ഒടിഞ്ഞതുപോലെ എന്റെ കയ്യും ആ ഇടിയിൽ ഒടിഞ്ഞു എന്നതുകൊണ്ടും ആണ് അവനു ഞാൻ നിസ്സംശയം അറവുറാവു ത്തർ എന്നു പേരിട്ടത്. അങ്ങനെ പേരുകളും ഇരട്ടപ്പേരുകളും വിളിപ്പേരുകളും വീഴുന്നതിനു വിചിത്രമായതും എന്നാൽ നമുക്കു മാത്രം അറിയാവുന്നതുമായ പല വഴികളും ഉണ്ട്. അതുകൊണ്ടുതന്നെ പല പേരുകളുടെ യുക്തി മറ്റുള്ളവർക്കു ബോധി ക്കണമെന്നുമില്ല. അങ്ങനെയൊരു പേരാണ് മേരിമൈമുന, എൻ്റെ പ്രണയകഥയിലെ ആദ്യ നായികയായിരുന്നു മേരി മുന. അഞ്ചാം ക്ലാസിൽ പഠിക്കുമ്പോഴാണ് എനി ക്കാദ്യ പ്രണയമുണ്ടാകുന്നത്. എൻ് ക്ലാസ്സിലെ ഏറ്റവും മിടുക്കിയായ, ഏറ്റവും സുന്ദരിയായ, ഏറ്റവും നല്ല പാട്ടുകാരിയായ മേരിയോട്. ആ ചെറു പ്രായത്തിൽ ഞാനവളെ ചേർത്തു കണ്ട സ്വപ്നങ്ങൾക്ക് അതിരുകളില്ല. എങ്ങനെയോ എന്റെ ഉമ്മ ഈ കടിഞ്ഞൂൽ പ്രണയകഥ അറിഞ്ഞു. എൻ്റെ മനസ്സ് സൂത്രത്തിൽ ചോർത്തിയെടുത്ത നയവഞ്ചകൻ അബ്ദു - മൂത്ത ഇക്ക പറഞ്ഞുകൊടുത്തതുതന്നെ. എന്റെ ഉമ്മ വലിയ ചിരിക്കാരിയാണ്. എന്തു കേട്ടാലും വലിയ അമ്മിഞ്ഞ കുലുക്കി കുടുകുടെച്ചിരിക്കും. ഇക്കഥ കേട്ടും ഉമ്മ ചിരിച്ചു. പേരു കേട്ടിട്ട് ഒരു നസ്രാണിച്ചിയാണെന്നു തോന്നുന്നല്ലോടാ. ചിരിക്കിടെ ഉമ്മ നെറ്റിചുളിച്ചു. ഇല്ലുമ്മാ അവളും നമ്മുടെ ജാതിയാ. ആവേശ ത്തോടെ ഞാൻ കയറിപ്പറഞ്ഞു. നമ്മുടെ ജാതീല് ഒരു മേരിയോ? ഉമ്മ പിന്നെയും കുലുങ്ങിച്ചിരിച്ചു. അപ്പോഴാണ് അവൾ നമ്മുടെ ജാതിയായിരി ക്കില്ലെന്ന് ഞാനോർക്കുന്നതുതന്നെ. മേരിയല്ലുമ്മ, ഞാനന്നേരം വായിൽ തോന്നിയ ഒരു പേരുവച്ചുകാച്ചി. മേരിമൈമുന! അതുശരി. ഞാൻ അൻ്റെ പള്ളിക്കൂടത്തിലോട്ട് ഒന്നു വരണുണ്ട്. അപ്പേരുകാരിയെ എനക്കൊന്നു കാണണം. ഉമ്മ ചിരി തുടർന്നു. എന്റെ മേരിമൈമുനയെ കാണാൻ ഉമ്മയ്ക്ക്സ്‌കൂളിൽ വരാൻ പറ്റിയില്ല. അതിനുമുൻപ് ഞാൻ പഠിപ്പു നിറുത്തി. എൻ്റുപ്പ ചത്തത് അക്കൊല്ലമാണ്! എത്രയോ കാലങ്ങളായി ഞാൻ മറന്നുകിടന്ന ഒരു പേരായിരുന്നു, മേരി മൈമുന. പക്ഷേ എപ്പഴോ മസറയിൽ ഒരു സുന്ദരിയാടിനെ കണ്ടപ്പോൾ ആ 142""    ബെന്യാമിൻ ഓർമ്മകൾ എല്ലാംകൂടി ഒന്നിച്ച് എന്നിലേക്കു തിരതുള്ളിയെത്തി. എന്റെ നോട്ടത്തിൽ മേരിമൈമുനയുടെ അതേ രൂപലാവണ്യം ആ ആടിനും ഉണ്ടാ യിരുന്നു! ജഗതിയെപ്പോലെ ചിരിക്കുന്നതും മോഹൻലാലിനെപ്പോലെ ചെരിഞ്ഞു നടക്കുന്നതും ഇ. എം. എസിനെപ്പോലെ വിക്കുള്ളതുമായ ആടുകൾ എൻ്റെ മസറയിൽ ഉണ്ടായിരുന്നു എന്നു പറഞ്ഞാൽ നിങ്ങൾക്കു വിശ്വസിക്കാമോ..? മസറയിൽ വളരെക്കുറച്ച് ആടുകളെ സ്ഥിരതാമസക്കാരായുള്ളൂ. നല്ല പേറും പാലും ഉള്ള കുറേ പെണ്ണാടുകളും നല്ല വിത്തുഗുണമുള്ള കുറെ മുട്ടന്മാരും. ബാക്കിയെല്ലാം വളരുന്ന മുറയ്ക്കു ചന്തകളിലേക്കും അറവുശാലകളി ലേക്കും കയറ്റി അയയ്ക്കപ്പെടും. ഏറ്റവും കൗതുകമെന്താണെന്നു വച്ചാൽ ആ പേരുകാരൻ പോയിക്കഴിഞ്ഞാൽ ആ പേരവിടെ അസ്തമിക്കുന്നില്ല. കുറച്ചുകാലം കഴിയുമ്പോൾ അതേ സ്വഭാവവിശേഷത്തോടെ മറ്റൊരു ആട് പ്രത്യക്ഷപ്പെടും. ആവർത്തിക്കുന്ന ജഗതി, ആവർത്തിക്കുന്ന മോഹൻ ലാൽ, ആവർത്തിക്കുന്ന ഞണ്ടുരാഘവൻ, ആവർത്തിക്കുന്ന കൗസു അമ്മിണി... ആടിന്റെയും മനുഷ്യൻ്യും ജന്മങ്ങൾ തലമുറകളിൽ നിന്നു തലമുറകളിലേക്കു പുനരാവിഷ്കരിച്ചുകൊണ്ടിരിക്കുകയാണ് എന്നാണ് എന്റെ വിചാരം. ഞാനവിടെ എത്തിയ ദിവസം ആദ്യമായി പാലുകറക്കാൻ നിയോഗിക്ക പ്പെട്ടപ്പോൾ ആദ്യം സമീപിച്ച ആടിനെയാണ് ഞാൻ പിന്നെ പോച്ചക്കാരി രമണി എന്നു വിളിച്ചുതുടങ്ങിയത്. ഞാനാദ്യമായി മൊലയ്ക്കു പിടിച്ച ആട് എന്നതാണ് അതിൻ്റെപേരുപ്രസക്തി! ഞാൻ വളരെ ചെറുതായിരുന്നപ്പോൾ നടന്ന ഒരു സംഭവം എനിക്കോർമ്മയുണ്ട്. എന്റെൻ്റെ ഒരു മാമൻ മിക്കപ്പോഴും വീട്ടിൽ വരുമായിരുന്നു. പോക്കർ മാമൻ എന്നായിരുന്നു ഞാനദ്ദേഹത്തെ വിളിച്ചിരുന്നത്. പോക്കറുമാമൻ വരുന്ന ദിവസം ഉച്ചയ്ക്ക് ഊണുകഴിയു മ്പോൾ എന്നേം വിളിച്ചുകൊണ്ടു നടക്കാൻ പോകും. ഇറങ്ങാൻ നേരത്ത് അത്താ, ഒരു ഇരുപത്തഞ്ചു പൈസ താ, പോകുന്ന വഴി ഇവനു മുട്ടായി വാങ്ങിക്കൊടുക്കാനാണ് എന്ന് എൻ്റെ ഉമ്മയോടു പറയും. ഉമ്മ എന്നും ഇരുപത്തഞ്ച്പൈസ മാമന് കൊടുക്കുകയും ചെയ്യും. എന്നാൽ എനിക്കൊ രിക്കലും മുട്ടായി കിട്ടിയിട്ടില്ല. എന്നുമാത്രമല്ല പോക്കറുമാമൻ എന്നേംകൊണ്ടു പോകുന്നതു കുറച്ചപ്പുറത്തുള്ള ഒരു തകിടിയിലേക്കാണ്. പെണ്ണുങ്ങൾ പോച്ച പറിക്കാൻ വരുന്നതുംകാത്ത് മാമൻ അവിടെ ഇരിക്കും! അങ്ങനെ വരുന്നതിൽ ഒരു ഇച്ചേയിയായിരുന്നു രമണി. എനിക്കു മുട്ടായി വാങ്ങാനെന്നു പറഞ്ഞു വാങ്ങുന്ന പൈസ കൊടുത്തിട്ട് പോച്ചക്കാരി രമണിയുടെ മുലയ്ക്കു പിടി ക്കുകയായിരുന്നു മാമൻ്റെ സ്ഥിരം പരിപാടി! ഇതു കണ്ടുകണ്ട് എനിക്കും ഒരു പൂതി. പോച്ചക്കാരി രമണിയുടെ മുല യ്ക്ക് എനിക്കും പിടിക്കണം! ഇരുപത്തഞ്ച്പൈസയുമായി വന്നാൽ നിനക്കും പിടിക്കാം - പോച്ചക്കാരി രമണി പറഞ്ഞു. പൈസയില്ലെന്നറിയിച്ചപ്പോൾ 143     ആടുജീവിതം പോടാ എന്നു പറഞ്ഞ് തലയ്ക്കടിച്ചു വിട്ടു. വീട്ടിൽ ചോദിക്കാൻ പേടി. തല്ലും. എന്നാലും എനിക്കു മുലയ്ക്കു പിടിക്കണം. അതിനുവേണ്ടി ഉമ്മയുടെ അരി പ്പെട്ടിയിൽനിന്ന് ഇരുപത്തഞ്ചു പൈസ മോഷ്ടിച്ചെടുത്തു. അങ്ങനെ ഒരു ദിവസം ഞാനും പോച്ചക്കാരി രമണിയുടെ മുലയ്ക്കു പിടിച്ചു. അതിന്റെ സുഖം അറിഞ്ഞു. പക്ഷേ ഓരോ ചില്ലിക്കാശിന്റെയും കണക്കറിയുന്ന ഉമ്മ എന്നെ കയ്യോടെ പിടികൂടി. ചോദ്യം ചെയ്തപ്പോൾ ഉള്ള സത്യമെല്ലാം ഞാൻ മണിമണിപോലെ തുറന്നു പറഞ്ഞു. അതോടെ എൻ്റെ വീട്ടിലേക്കുള്ള പോക്കറുമാമൻ വരവ് എന്നെന്നേക്കുമായി നിലച്ചു എന്നതും പോക്കറ് മാമന് മൊലമാമൻ എന്നു പേരുവീണതുമാണ് ആ കഥയുടെ പരിണാമ ഗുപ്തി. എൻ്റെ നാട്ടിലെ പേരുകേട്ട ഒരു നാടൻ വേശ്യയായിരുന്നു പോച്ച ക്കാരി രമണി! Indian Terminal. 144     ഇരുപത്തിയാറ് ഏതു യാതനയും നമുക്കു സഹിക്കാം; പങ്കുവയ്ക്കാൻ ഒരാൾ നമുക്കൊപ്പ omമുണ്ടെങ്കിൽ. ഒറ്റയ്ക്കാവുക എന്നത് എത്ര ദുഷ്കരമാണെന്നോ. വാക്കുകൾ നമ്മുടെയുള്ളിൽ കിടന്നു പരൽമീനുകളെപ്പോലെ പിടയ്ക്കും. പങ്കുവയ്ക്ക പ്പെടാനാവാത്ത വികാരങ്ങൾ വിങ്ങുകയും പതയുകയും വായിൽനിന്നു നുരയുകയും ചെയ്യും. സങ്കടങ്ങൾ കേൾക്കാൻ ഒരു കാതുണ്ടാവണം. നമുക്കു നേരെ നോക്കാൻ രണ്ടു കണ്ണുകളുണ്ടാവണം. നമുക്കൊപ്പമൊഴുകാൻ ഒരു കവിൾത്തടമുണ്ടാകണം. ഇല്ലെങ്കിൽ പിന്നതു ഭ്രാന്തിൽച്ചെന്നാവും അവസാനിക്കുക. അല്ലെങ്കിൽ ആത്മഹത്യയിൽ. ഏകാന്തതടവിനൊക്കെ വിധിക്കപ്പെടുന്നവർ ഭ്രാന്തരായിപ്പോകുന്നതിന്റെ കാരണം അതാവാം. ആവശ്യത്തിനു വാക്കുകളെ പുറത്തുവിടുക എന്നതാണ് മനസ്സിന്റെ ഏറ്റവും വലിയ സ്വസ്ഥത. അല്ലാത്തവൻ വാക്കുകളെ വിഴുങ്ങിവിഴുങ്ങി ച്ചാവും. ഞാനും അങ്ങനെ ചാവേണ്ടവനാണ്. എന്നാൽ എന്റെ പോച്ചക്കാരി രമണിയോടും എന്റെ മേരിമൈമുനയോടും എന്റെ കൗസുവിനോടും എന്റെ അറവുറാവുത്തറിനോടും പറഞ്ഞ കഥകളിലൂടെയാണ് വിഴുങ്ങിയ വാക്കു കൾ ഞാൻ ഛർദ്ദിച്ചുകളഞ്ഞത്. നടക്കുമ്പോഴും കറക്കുമ്പോഴും തൊട്ടിനിറ യ്ക്കുമ്പോഴും പോച്ച കൊടുക്കുമ്പോഴുമെല്ലാം ഞാൻ അവറ്റകളോട് എന്റെ ഏറ്റവും പ്രിയപ്പെട്ടവരോടെന്നപോലെ വർത്തമാനം പറഞ്ഞുകൊണ്ടേയി രുന്നു. അതിലെന്റെ കണ്ണീരും അതിലെന്റെ വേദനയും അതിലെന്റെ യാതനയും അതിലെന്റെ വികാരങ്ങളും അതിലെൻ്റെ സ്വപ്‌നങ്ങളും ഉണ്ടാ യിരുന്നു. അവയ്ക്കെന്തെങ്കിലും മനസ്സിലാവുന്നുണ്ടോ എന്നെനിക്കറിയില്ല. പക്ഷേ അവ എന്നെ കേൾക്കും. എനിക്കുനേരെ കണ്ണുകളുയർത്തി നോക്കും. എനിക്കൊപ്പം കണ്ണീരൊലിപ്പിക്കും. എനിക്കതു മതിയായിരുന്നു. ആടുകളോടൊപ്പം സമരസപ്പെട്ട ആ ജീവിതത്തിൽ സങ്കടങ്ങളും വേദന കളും മാത്രമല്ല, എൻ്റെ ശരീരംതന്നെ അവയോടു പങ്കിട്ട ഒരനുഭവം എനിക്കുണ്ട്. ഒരു രാത്രി കിടന്നിട്ട് തീരെ ഉറക്കം വരുന്നതേയില്ല. എവിടു ന്നാണെന്നറിയില്ല. ഒരു ഉഷ്ണം എന്നെ വന്നു പൊതിഞ്ഞു. ശമിപ്പിക്കാ നാവാത്ത ഒരു കൊതി. മരുക്കാറ്റുപോലെ ഇരമ്പിവരുന്ന ഒരു തൃഷ്ണ. കുറേ ക്കാലമായി ഞാൻ ഷണ്ഡനായിരുന്നു. ഇനി എന്നെങ്കിലും ഉണരുമെന്നു   145   ആടുജീവിതം ഞാനൊരിക്കലും വിചാരിച്ചിരുന്നതേയില്ല. പക്ഷേ അന്ന് അതു സംഭവിച്ചു. എത്രയോ കാലത്തെ തളംകെട്ടിക്കിടപ്പാണ് എന്നിലേക്ക് ഇരമ്പിവന്നത്. സ്വയം ശമിപ്പിക്കാനുള്ള എൻ്റെ എല്ലാ പരിശ്രമങ്ങളും എന്നെ കൂടുതൽ ആസക്തിയിലേക്കു കെട്ടിവലിച്ചതേയുള്ളൂ. എൻ്റെ കൺമുന്നിലൂടെ നഗ്നമാക്കപ്പെട്ട സ്ത്രീശരീരങ്ങൾ ഇഴഞ്ഞുനടക്കുവാൻ തുടങ്ങി. ഞാൻ വികാരത്തിന്റെ തള്ളലിൽ ഉരുകിപ്പിടഞ്ഞു. എനിക്ക് ചേർന്നുകിടക്കാൻ ഒരു ശരീരം വേണമായിരുന്നു. എനിക്കു ഓടിക്കയറുവാൻ ഒരു ഗുഹ വേണമായി രുന്നു. പിന്നെ ഞാൻ ഭ്രാന്തനായിരുന്നു. ആ ഭ്രാന്തിന്റെ തീക്ഷ്ണതയിൽ ഞാൻ എങ്ങോട്ടോ എഴുന്നേറ്റു നടന്നു. പിന്നെ പുലർച്ചെ എപ്പോഴോ ആലസ്യ ത്തോടെ കണ്ണു തുറക്കുമ്പോൾ ഞാൻ മസറയ്ക്കുള്ളിലാണ്. എനിക്കൊപ്പം പോച്ചക്കാരി രമണി ചേർന്നുകിടപ്പുണ്ടായിരുന്നു. അപ്പുറത്തെ മസറയിൽ ഹക്കീം ജീവനോടെ ഉണ്ടെന്നറിഞ്ഞതോടെ അവനെ ഇടയ്ക്കിടെ കാണാനുള്ള ആഗ്രഹം വല്ലാതെ ഏറി. ഒരു മനുഷ്യ ജീവിയെ കാണാനുള്ള കണ്ണിന്റെ അടങ്ങാത്ത കൊതിതന്നെയായിരുന്നു അതിന്റെ പിന്നിൽ, എന്നെ കാണാൻ അവനും വഴി തിരയുകയായിരുന്നു. ഞങ്ങൾ രണ്ടും രണ്ടുവഴിക്ക് ആടുകളുമായി പോകുന്നതുകൊണ്ടാണ് ഇന്നേ വരെ കണ്ടുമുട്ടാഞ്ഞതെന്നു ഞങ്ങൾ തിരിച്ചറിഞ്ഞു. ഞങ്ങളുടെ രണ്ടു മസറ കളുടെയും ഇടയിൽ ചെറിയ ഒരു കുന്നിൻ ചെരിവുണ്ട്. അതു ഞങ്ങൾക്കു തമ്മിൽ കാണാനുള്ള സർവ്വസാധ്യതകളും മറച്ചുകളഞ്ഞിരുന്നു. പിന്നെ പ്പിന്നെ ഞാൻ ആ കുന്നിൻ ചെരിവു കടന്ന് അപ്പുറത്തേക്കു പോകാൻ തുടങ്ങി. അപ്പോൾ അങ്ങുദൂരെ ഹക്കീം ആടുകളുമായി നടക്കുന്നതു കാണാം. അവനും പതിയെ എൻ്റെ അടുത്തേക്കു വരാൻ തുടങ്ങി. ആ കണ്ടുമുട്ടലിനെ അർബാബ് പലപ്പോഴും ശാസിച്ചിട്ടുണ്ട്. ഞാൻ അത്ര ഗൗനിക്കാറില്ല. അനു ഭവിച്ചനുഭവിച്ചു പോയിമറയുന്ന ഒരു ഭീതിയുണ്ടല്ലോ. അതായിരുന്നു എനിക്ക് അർബാബിനോടുണ്ടായിരുന്ന ഭാവം. വന്നാൽ എന്തുവരാൻ. കുറേ ചീത്ത വിളി. കുറേ അടി. അതു രണ്ടും എനിക്കു ശീലമായിക്കഴിഞ്ഞിരുന്നു. എന്റെ അർബാബിനേക്കാൾ വല്ലാത്ത ഭ്രാന്തനായിരുന്നു ഹക്കീമിൻ്റെ അർബാബ്. അവനെ ചെയ്തിട്ടുള്ളതൊക്കെ ചിലപ്പോഴൊക്കെ അവൻ എന്നോടു പറ ഞ്ഞിട്ടുണ്ട്. മുഖത്തു ചുടുവെള്ളം ഒഴിക്കുക, മുടി വലിച്ചു പിഴുതു കളയുക. ആസനത്തിൽ കമ്പുകുത്തിക്കയറ്റുക, നെഞ്ചത്തു തൊഴിക്കുക, കാടി വെള്ളത്തിൽ തല പിടിച്ചു മുക്കുക എന്നിങ്ങനെ അവൻ്റെ അർബാബിന്റെ വിനോദങ്ങൾ പലതുണ്ടായിരുന്നു. അതുകൊണ്ടുതന്നെ വളരെ പേടിച്ചിട്ടാണ് അവൻ എൻ്റെ അടുത്തുവരിക. വന്നാൽത്തന്നെ എന്തെങ്കിലും രണ്ടുവാക്കു പറഞ്ഞിട്ട് ഓടിക്കളയും. തമ്മിൽ കാണാൻ കാരണങ്ങൾ ഉണ്ടാക്കലാണ് അടുത്ത ശ്രമം. അതിനായി ആടുക കളുടെ മലദ്വാരത്തിൽ കമ്പിട്ടുകുത്തും. അല്ലെങ്കിൽ വാലുപിടിച്ച് ഒടിക്കും. അപ്പോൾ ആട് വെകിളി പിടിച്ച് ഓടും. അതിനെപ്പിടിക്കാനെന്ന മട്ടിൽ 146     ബെന്യാമിൻ പിന്നാലെ ഓടി അതിനെ അടിക്കും. അപ്പോൾ അതു കൂടുതൽ വേഗത്തിൽ ഓടും. അങ്ങനെ ഞാൻ വല്ലവിധേനയും ഹക്കീമിന്റെ അടുത്തെത്തും. ദൂരെ നിന്ന് അർബാബ്ബൈനോക്കുലറിലൂടെ നോക്കുമ്പോൾ യാദൃച്ഛികമായി ഞാൻ ആടിന്റെ പിന്നാലെ ഓടി അവിടെ എത്തിപ്പെട്ടു എന്നേ തോന്നുക യുള്ളു. എന്തെങ്കിലും ഒന്നോ രണ്ടോ വാക്ക്. അതിലൊതുങ്ങും ഞങ്ങളുടെ സംസാരം. ഒതുക്കണം. അതിനേ സമയമുള്ളൂ. അധികനേരം നിന്നാൽ അപ്പോഴേക്കും അർബാബ് വണ്ടിയുമെടുത്തു പിന്നാലെ വരും. അപ്പോൾ എത്ര കാച്ചിക്കുറുക്കിയാലാണ് മനസ്സ് നിറഞ്ഞു കവിയുന്ന വർത്തമാനങ്ങൾ നാലു വാക്കിലൊതുക്കാൻ കഴിയുക എന്ന് ആലോചിച്ചു നോക്കൂ. ദിവസം മുഴുവൻ വാതോരാതെ സംസാരിക്കാൻ അവസരങ്ങളുടെ ധാരാളിത്തമുള്ള നിങ്ങൾക്ക് ഒരുപക്ഷേ അത പെട്ടെന്നൊന്നും അതിന്റെ വിവശത പിടികിട്ടി യെന്നു വരില്ല. IndianTerminal 147     ഇരുപത്തിയേഴ് ഒരു ദിവസം ഞാൻ ആടുകളെ നടക്കാൻ വിട്ടിട്ട് ഒരു മൺകൂനയ്ക്കു omമുകളി ലിരിക്കുകയാണ്. അങ്ങു ദൂരെ ഹക്കീം ആടുകളെയുംകൊണ്ടു നടക്കുന്നതു കാണാം. അവൻ്റെ അടുത്തേക്ക് ഒന്നുപോയി കുറച്ചുനേരം വർത്തമാനം പറഞ്ഞാലോ എന്നൊരു തോന്നൽ എനിക്കുണ്ടായതാണ്. പക്ഷേഅർബാബ് ബൈനോക്കുലറിൽനിന്നു കണ്ണെടുത്തിട്ടില്ല. കഴിഞ്ഞ കുറേ ദിവസങ്ങളായി നിരീക്ഷണം ഇത്തിരി കൂടുതലാണ്. യാതൊരു കാരണവശാലും ഹക്കീ മിന്റെ അടുത്തു പോകുകയോ അവനുമായി ബന്ധപ്പെടാൻ ശ്രമിക്കുകയോ ചെയ്യരുത് എന്ന് എനിക്ക് കർശന നിർദ്ദേശം തന്നതേയുള്ളൂ. ഞങ്ങൾ തമ്മിൽ സ്ഥിരമായി കണ്ടുമുട്ടുന്നത് രക്ഷപ്പെടാനുള്ള ചിന്തകൾ ഞങ്ങളി ലുദിപ്പിച്ചേക്കുമോ എന്ന ഭീതികൊണ്ടാവണം അർബാബ് ഞങ്ങളെ എപ്പോഴും വിലക്കുന്നത്. പക്ഷേ അർബാബ് പറയുന്നത് മറ്റൊന്നാണ്. അപ്പുറത്തെ മസറയിൽ പല രോഗങ്ങളും രോഗാണുക്കളും കാണാം. അവരു മായി സമ്പർക്കം പുലർത്തിയാൽ അത് നമ്മുടെ മസറയിലേക്കു വരികയും നമ്മുടെ ആടുകൾക്ക് ആ രോഗം വരികയും ചെയ്യും. എനിക്ക് സത്യത്തിൽ ചിരിയാണ് വരിക. പരിശുദ്ധിയുടെ കൂടാരംപോലെ എൻ്റെ ഒരു മസറ!! ഞാൻ എൻ്റെ ആഗ്രഹം മനസ്സിലടക്കി. ഞാൻ എങ്ങനെയും അടിയും ശകാരവും കൊള്ളാം. പക്ഷേ എന്തിന് ആ പാവത്തിനെക്കൂടി ഞാൻ തല്ലു കൊള്ളിക്കുന്നു. ഹക്കീമിനെ ദൂരെ കണ്ടതുകൊണ്ടാവാം പെട്ടെന്ന് നാടന്റെ ഓർമ്മ എന്നി ലുണർന്നു. എന്റെ മസറജീവിതത്തിനിടയിൽ എറ്റവും അപൂർവ്വമായി സംഭവി ക്കുന്ന ഒന്ന്. എന്റെ എല്ലാ മോഹങ്ങളും എന്റെ ഉള്ളിൽ ഒന്നിച്ച് എഴുന്നേറ്റു വന്നു. എന്റെ സൈനു, എന്റെ ഉമ്മ, എൻ്റെ മകൻ..? എൻ്റെ മകൾ..? എൻ്റെ വീട്. എന്റെ വള്ളം. പ്രവാസികളുടെ ഗൃഹാതുരത്വത്തെപ്പറ്റി എത്രയോ പറഞ്ഞുകേട്ടിരിക്കുന്നു. പക്ഷേ അത്രയും കഠിനമായ അവസ്ഥകളിൽ പ്പോലും ഞാൻ എന്റെ നഷ്ടസ്വപ്നങ്ങളെ ഓർത്ത് നൊമ്പരപ്പെടാറില്ലായിരുന്നു എന്നത് പിന്നെ എന്നെപ്പോലും അതിശയിപ്പിച്ച ഒന്നാണ്. കൺമുന്നിൽ ഒരു മടങ്ങിപ്പോകലിന്റെ സാധ്യത തുറന്നുകിടക്കുന്നവർക്കാണ് ആ വിചാരം ഏറ്റവും കൂടുതൽ ഉണ്ടാവുക എന്നാണ് എനിക്കു തോന്നുന്നത്. എനിക്ക് 148     ബെന്യാമിൻ ആ നരകത്തിൽനിന്നും എന്നെങ്കിലും രക്ഷപ്പെടണം എന്നൊരു വിചാരമേ ഉണ്ടായിരുന്നില്ല. ചെന്നുപോയി. പെട്ടുപോയി. ഇനി ഈ ജീവിതം ഇവിടെ ത്തന്നെ. മരിച്ചവർ ജീവിതത്തെക്കുറിച്ച് സ്വപ്നങ്ങൾ കാണാറില്ലല്ലോ. എങ്കിലും പ്രത്യാശ അതിൻ്റെ സർവ്വകരുത്തും പ്രദർശിപ്പിക്കുമ്പോൾ എന്നെ ങ്കിലും ഒരിക്കൽ ഞാനും ഇവിടുന്ന് രക്ഷപ്പെടുമായിരിക്കും എന്നൊരു മോഹ ത്തിന്റെ നാമ്പ് എന്നിൽ മുളപൊട്ടും. കരുണാമയനായ അള്ളാഹുവേ, നീ എത്രയോ മനുഷ്യരുടെ ജീവിത ത്തിൽ മഹാത്ഭുതങ്ങൾ കാട്ടുന്നു. തെരുവിൽ തെണ്ടിനടക്കുന്ന ഒരുവൻ ലോട്ടറി അടിച്ച് ഒറ്റ ദിവസംകൊണ്ടു സമ്പന്നനാകുന്നു. മാറാരോഗമുണ്ടാ യിരുന്നവൻ ഒരു സുപ്രഭാതത്തിൽ സമ്പൂർണ്ണ ആരോഗ്യത്തോടെ ജീവിത ത്തിലേക്കു തിരിച്ചുവരന്നു. ബസ്സിനടിയിൽപെട്ട് ചതഞ്ഞരഞ്ഞെന്നു വിചാരി ച്ചവൻ ഒരു പോറലപോലും ഏയ്ക്കാതെ എഴുന്നേറ്റു വരുന്നു. വിമാനം തകർന്നു നൂറുകണക്കിന് ആളുകൾ ചാവുമ്പോൾ അതിലൊരുത്തൻ മാത്രം രക്ഷപ്പെടുന്നു. കപ്പലപകടത്തിൽ പെട്ടവൻ വർഷങ്ങൾക്കുശേഷം ജീവ നോടെ കരയ്ക്കടുക്കുന്നു. ഭൂകമ്പത്തിൽ തകർന്ന കെട്ടിടത്തിൻ്റെ അവ ശിഷ്ടങ്ങൾക്കിടയിൽനിന്ന് ഒരുവൻ ഒരുമാസത്തിനുശേഷം ഉയിർത്തെഴു ന്നേറ്റു വരുന്നു. സാധാരണ മനുഷ്യൻ്റെ ബുദ്ധിക്ക് മനസ്സിലാവാത്ത എത്രയോ കാര്യങ്ങൾ. അങ്ങനെയൊന്ന് എന്റെ ജീവിതത്തിൽ നീ സംഭവി പ്പിക്കില്ലേ..? നീ ഒന്നു മനസ്സുവയ്ക്കുകയേ വേണ്ടൂ. ഒരു കച്ചിവണ്ടിക്കാരൻ എനിക്കായി അവന്റെ വണ്ടി നിറുത്തിത്തരും. വെള്ളംവണ്ടിക്കാരൻ എന്നെ ഇവിടുന്നു കടത്തി എവിടെയെങ്കിലും സുരക്ഷിതസ്ഥലത്ത് എത്തിക്കും. എന്തിന് അർബാബിനുതന്നെ കനിവുതോന്നി എന്നെ തിരിച്ചുകൊണ്ടുവിടും. വേണ്ടതു നിൻ്റെ മനസ്സ്. നിൻ്റെ കാരുണ്യം മാത്രം. ഞാൻ ആകാശങ്ങളി ലേക്കു നോക്കി. സൂചനകളുടെ യാതൊരു തെളിവുകളും തരാതെ അവിടെ വന്ധ്യവും വിളറിയതുമായ മേഘക്കീറുകൾ അനാഥമായി ഒഴുകിനടക്കുകയ മാത്രം ചെ‌യ്തു. അപ്പോഴാണ് എൻ്റെ രണ്ടു മുട്ടന്മാർ തമ്മിൽ കൊമ്പുകോർക്കുന്നതു ഞാൻ കാണുന്നത്. മറ്റുള്ള ജന്തുക്കളെ ആക്രമിക്കുന്നതിൻ്റെ ഇരട്ടി ശൗര്യ മാണ് അവറ്റകൾ തമ്മിൽ കൊമ്പുകോർക്കുമ്പോൾ. തമ്മിലിടിച്ച് തലപൊ ട്ടിച്ചു ചോര കണ്ടേ പിന്നെ അവ അടങ്ങൂ. അത്രയ്ക്കു കലിയാണ്. ഒരാ ണിന് മറ്റൊരു ആണിനോടുള്ള കലി. ഞാൻ അവയുടെ അടുത്തേക്ക് ഓടി ച്ചെന്നു തല്ലിമാറ്റി. ഒരെണ്ണം ദേഷ്യം ചീറ്റിനടന്നു പോയി. മറ്റവൻ എനിക്കു നേരെ തിരിഞ്ഞും മൂക്ക് വിടർത്തി. കണ്ണ് കൂർപ്പിച്ചു. ആവി ഊതി. ദേഷ്യം മുഴുവൻ കൊമ്പിലേക്ക് ആവാഹിച്ചു. ഞാൻ നിന്നിടത്തുനിന്ന് അനങ്ങിയില്ല. അവൻ ചാടി വന്നപ്പോൾ ഒറ്റനിമിഷംകൊണ്ട് ഞാൻ ചാടി മാറി. അതു ഞാൻ നിരവധി ദിവസത്തെ അനുഭവംകൊണ്ടു പഠിച്ചതാണ്. ആടുകൾ ഒറ്റയടിക്കു ചാടി ഇടിക്കാൻ വരില്ല. അല്പം നിന്ന് കുത്താനുള്ള ഉന്നം പിടിക്കും. പിന്നെ യാണ് ചാടി വരിക. അതുവരെ നമ്മളും അവിടെത്തന്നെ നില്ക്കുക. അത് 149     Indi nal.com  അത് ഒരു മനുഷ്യന്റെ കൈപ്പത്തി ആയിരുന്നു! അഴുകി ജീർണ്ണിച്ച് എല്ലുകൾ മാത്രമായിക്കഴിഞ്ഞ ഒരു കൈപ്പത്തി   ബെന്യാമിൻ ഉന്നം പിടിക്കട്ടെ. അതു ചാടിക്കഴിഞ്ഞാൽ നമ്മളും ചാടുക. പിന്നെ അതിന് ഉന്നം മാറ്റാനാവില്ല. അതേയുള്ളൂ മുട്ടന്റെ ഇടിയിൽനിന്നും രക്ഷപ്പെടാനുള്ള ഒരേയൊരു മാർഗ്ഗം. ഉന്നം പിഴച്ചുപോയ മുട്ടൻ തൊട്ടപ്പുറത്തേക്കു മാറി മൂക്കുകുത്തി. ആ വീഴ്ച്‌ചയുടെ കൂടെ പുറത്തു നാല് അടികൂടി പൊട്ടിച്ചപ്പോൾ അതിൻ്റെഉശിരു കുറച്ചൊന്നടങ്ങി. വല്ലവിധത്തിൽ ചാടിപ്പിടഞ്ഞെണീറ്റ് അതു മറ്റൊരു വഴിക്കു പോയി. ആട് വീണിടത്ത് കുറച്ചു മണ്ണ് മാറിയിരുന്നു. ഞാൻ യാദൃച്ഛിക മായി അങ്ങോട്ടു നോക്കിയപ്പോൾ അവിടെ എന്തോ ഒന്ന് ഉള്ളതുപോലെ. അതുതന്നെയല്ല, അവിടെ അടുത്തിടെയെങ്ങോ മണ്ണിളകിയതിന്റെ ഒരു ലക്ഷ ണവും. ഞാൻ മനസ്സിൽ കത്തിവന്ന ഒരാന്തലോടെ അവിടേക്കു ചെന്നു. ആ കാഴ്ച എന്നെ ഞെട്ടിച്ചു. ഞാൻ അർബാബിന്റെ വശത്തേക്കു നോക്കി. അയാൾ ബൈനോക്കുലറിൽനിന്നും കണ്ണെടുത്തു വിശ്രമിക്കുകയായിരുന്നു. ഇനി ഇത്തിരി നേരമെടുക്കും അടുത്ത ചുറ്റ് നോട്ടത്തിലേക്കു വരാൻ. ഞാൻ അവിടെ ഇരുന്ന് പതിയെ മണ്ണുമാന്താൻ തുടങ്ങി. എന്റെ മനസ്സിൽ പതഞ്ഞു വന്ന സംശയം തീർത്തും ശരിയായിരുന്നു. അതുകണ്ട് ഞാൻ ഞെട്ടി എഴു ന്നേറ്റു. അത് ഒരു മനുഷ്യന്റെ കൈപ്പത്തി ആയിരുന്നു! അഴുകി ജീർണ്ണിച്ച് എല്ലുകൾ മാത്രമായിക്കഴിഞ്ഞ ഒരു കൈപ്പത്തി!! കടുത്ത പേടിയോടെയും എന്നാൽ അടക്കാനാവാത്ത ആകാംക്ഷയോടെയും ഞാൻ ബാക്കി മണ്ണു കൂടി മാറ്റാൻ ആരംഭിച്ചു. മണ്ണിൻ്റെ ഒരു പാളി മാറിയതേയുള്ളൂ. ഒരു പൂർണ്ണ മനുഷ്യരൂപത്തിന്റെ അസ്ഥികൂടം എൻ്റെ കൺമുന്നിൽ തെളിഞ്ഞുവന്നു. ഞാൻ ശരിക്കും പേടിച്ചുപോയിരുന്നു. ഞാൻ പുറകോട്ടു നീങ്ങിയപ്പോൾ എൻ്റെ കാലിൽ എന്തോ ഒന്നു തടഞ്ഞു. അഴുകി ദ്രവിക്കാത്ത ഒരു തോൽബെൽട്ടായിരുന്നു അത്. എവിടെയോ എനിക്ക് ഒരു പരിചയം മണത്തു. പെട്ടെന്ന് എന്റെയുള്ളിൽ ഒരു വെള്ളിടി വെട്ടി! ഞാൻ അവിടെയെത്തി മൂന്നാം രാത്രി മസറയിൽനിന്നും ഓടിപ്പോയ ആ ഭീകരരൂപിയുടെ അരയിലുണ്ടായി രുന്ന ബെൽട്ടായിരുന്നു അത്!! ആടുകളെ അവിടെ ഉപേക്ഷിച്ചു ഞാൻ മസറയിലേക്ക് ഒറ്റ ഓട്ടമായിരുന്നു. ചെന്നു ഞാൻ അർബാബിൻ്റെകാല് ക്കലേക്കു വീണു. എനിക്കെവിടെയും പോകണ്ട. എനിക്കെങ്ങോട്ടും രക്ഷപ്പെടണ്ട. എന്നെ കൊല്ലാതിരുന്നാൽ മാത്രം മതി. എനിക്ക് ഇങ്ങനെയെങ്കിലും ജീവിക്കണം. എനിക്കു ചാവാൻ പേടിയാണ്. ഞാൻ കരഞ്ഞുകൊണ്ടിരുന്നു. അർബാബ് പകച്ചുപോയി. ആ കരച്ചിലിന്റെറെ കാരണം അർബാബിനു മനസ്സിലായതേയില്ല!! 151     ഇരുപത്തിയെട്ട് സന്തോഷമാകട്ടെ, ജീവിതത്തിന്റെ ഏതനുഭവത്തിനും സങ്കടമാകട്ടെ, രോഗമാകട്ടെ, ഒരു മൂർദ്ധന്യാവസ്ഥയുണ്ട്. പട്ടിണിയാവട്ടെ omഎല്ലാ ത്തിനും. അനുഭവത്തിന്റെ പാരമ്യം എന്നു ഞാനതിനെ വിളിക്കും. ആ ഒര വസ്ഥയിൽ നമ്മുടെ മുന്നിൽ പിന്നെ രണ്ടുവഴികളേയുള്ളൂ. ഒന്നുകിൽ നമ്മ ളതുമായി താദാത്മ്യം പ്രാപിക്കും. അല്ലെങ്കിൽ അതിനോട് പിണങ്ങിപ്പിരിഞ്ഞു രക്ഷപ്പെടാനുള്ള അവസാന കുതറൽ നടത്തിനോക്കും. കുതറി ജയിച്ചാൽ നമ്മൾ രക്ഷപ്പെട്ടു. ഇല്ലെങ്കിൽ ചെന്നെത്തുന്നതു സ്വാഭാവികമായും ഭ്രാന്താ ലയത്തിലോ ആത്മഹത്യയിലോ ആയിരിക്കും. ഞാൻ ഒരിക്കലും കുതറി രക്ഷപ്പെടാൻ ശ്രമിച്ചതേയില്ല. ആദ്യത്തെ ചില ശ്രമങ്ങൾ തുടക്കക്കാരന്റെ വെപ്രാളങ്ങൾ എന്നുമാത്രം കണ്ടാൽ മതി. അന്നൊക്കെ ഞാൻ ഈ പറ യുന്ന പാരമ്യത്തിൽ എത്തി എന്നു പറയാനാവില്ല. സത്യത്തിൽ അവിടെ എത്തിയപ്പോൾ ഞാനതുമായി താദാത്മ്യം പ്രാപിക്കുകയാണ് ചെയ്‌തത്. എത്ര തീക്ഷമായ വേദനയും എത്ര തീക്ഷ്‌ണമായ പ്രയാസങ്ങളും കാലം കൊണ്ട് നമ്മുടെ ജീവിതത്തിന്റെ ഭാഗമായി മാറും എന്നാണ് എൻ്റെ അനുഭവം പറയുന്നത്. ജീവിതം ഇങ്ങനെയൊക്കെ ദുരിതത്തിലൂടെ നീങ്ങി നീങ്ങി ഏതാണ്ട് ഒരുവർഷക്കാലം പിന്നിട്ടപ്പോഴേക്കും ഞാനതിന്റെ ശീല ക്കാരൻ ആയിക്കഴിഞ്ഞിരുന്നു. എനിക്കതിൻ്റെ ഒരു ഭാരവും അനുഭവപ്പെടാ തെയായി. പണ്ടൊക്കെ ഞാൻ ആശങ്കപ്പെടാറുണ്ടായിരുന്നു. എങ്ങനെയാണ് പിച്ചക്കാർ, തീരെ ദരിദ്രർ, തീരാരോഗികൾ, അന്ധർ, വികലാംഗർ ഒക്കെ അവരുടെ പതിവുകളിൽ ഇങ്ങനെ പുലരുന്നതെന്ന്. എങ്ങനെയാണ് അവരുടെ മുഖത്തു സന്തോഷവും പുഞ്ചിരിയും നിറയുന്നതെന്ന്... ഇപ്പോൾ എനിക്ക തിന്റെ ഉത്തരം കിട്ടി. മറ്റെവിടെനിന്നുമല്ല, സ്വന്തം ജീവിതത്തിൽനിന്നുതന്നെ. ഇപ്പോൾ എന്റെ ജീവിതത്തിന് എന്തെങ്കിലും പ്രയാസമുള്ളതായി എനിക്കു തോന്നാറേയില്ല. എനിക്കെന്താ - രാവിലെ ഉണരണം, ഇത്തിരി പാൽ കറ ക്കണം, ആടുകൾക്കും ഒട്ടകങ്ങൾക്കും തീറ്റ ഇട്ടുകൊടുക്കണം. ആടുകളെയും കൊണ്ടു നടക്കാൻ പോകണം, തിരിച്ചുവരണം, ഇത്തിരി ഖുബൂസ്കഴിക്കണം. പച്ചവെയിലിലും പച്ചനിലാവിലും കിടന്ന് ഉറങ്ങണം. ചിന്തകളില്ല, ആവലാതി കളില്ല, മോഹങ്ങളില്ല. പിന്നെന്തു വേണം. ഈ ലോകത്തിലെ മറ്റൊന്നും ഞാൻ അറിയുന്നതേയില്ല. ഞാനെൻ്റെ കുടുംബത്തെ, വീടിനെ നാടിനെ 152     ബെന്യാമിൻ മറന്നുകഴിഞ്ഞിരുന്നു. അവരൊക്കെ മറ്റേതോ ജന്മത്തിൽ മറ്റേതോ കാല ത്തിൽ എനിക്കൊപ്പം ജീവിച്ചിരുന്നവർ. അവരുടെ ജീവിതവും അവരുടെ ദുഃഖവും അവരുടെ വേദനകളും എന്നെ ബാധിക്കുന്നതേയില്ല. എന്റെ ജീവിതം ഇപ്പോൾ സുഖമാണ്. സുഖകരമാണ്. അങ്ങനെ ജീവിതത്തിൽ പിന്നെയും ചൂടുകാലം വന്നു, തണുപ്പുകാലം വന്നു. കാറ്റ് ന്നു. പൊടിക്കാറ്റ് വന്നു. വല്ലപ്പോഴും മഴ വന്നു. ആഴ്ചയിൽ ഒരിക്കൽ ട്രക്ക് വന്നു. എല്ലാം വന്നു. എല്ലാം പോയി. എന്റെ മസറയിൽ ഞാനും ആടുകളും അടുത്ത മസറയിൽ ഹക്കീമും ആടുകളും മാത്രം എവി ടെയും പോകാതെ അവശേഷിച്ചു. അങ്ങനെയിരിക്കെയാണ് ഞങ്ങളുടെ ഇടയിലേക്ക് മൂന്നാമത് ഒരു നിർഭാഗ്യവാൻ കൂടി വരുന്നത്. ഹക്കീമിന്റെ മസറയിലേക്കാണ് അയാളെ കൊണ്ടുവന്നത്. അവരൊന്നിച്ചായി നടപ്പും കിടപ്പും ഒക്കെ. ജീവിതത്തിൽ ആദ്യമായി ഒരു മനുഷ്യജീവിയോട് അസൂയ തോന്നുന്നത് അന്നാണ്. സത്യത്തിൽ എനിക്കു സങ്കടമായിരുന്നു. അവനു മിണ്ടാനും പറയാനും ഒരാളായല്ലോ. ഞാൻ മാത്രം ഇങ്ങനെ ആടുകളോ ടൊപ്പം മസറയിൽ മറ്റൊരു ആടായി... ഞാനെന്നെ കൂടുതൽ വെറുക്കാൻ തുടങ്ങി. IndianTer   153   ഇരുപത്തിയൊമ്പത് അപ്പുറത്തൊരു കൂട്ടുകാരനെ കിട്ടിയതോടെ ഹക്കീമിനുണ്ടായ മാറ്റങ്ങൾ omപ്രത്യക്ഷമായിരുന്നു. വന്നവൻ ആരെന്നോ ഏതു ദേശക്കാരനെന്നോ എനിക്ക റിയില്ലായിരുന്നു. പക്ഷേ അവൻ ഹക്കീമിന്റെ ജീവിതത്തിൽ വലിയ മാറ്റ ങ്ങൾ കൊണ്ടുകൊടുത്തു. അവൻ്റെ മുഖത്തു വലിയ ചിരികൾ വിടർന്നു. അവന്റെ സംസാരത്തിൽ വലിയ സന്തോഷങ്ങൾ നിറഞ്ഞു. ചുരുങ്ങി പ്പോയത് ഞാനാണ്. തികഞ്ഞ അസൂയതന്നെയായിരുന്നു അത്. ലോക ത്തിനോടു മുഴുവൻ പകയും ദേഷ്യവുമാണ് എനിക്കപ്പോഴൊക്കെ തോന്നി യത്. മസറയിലെ ആടുകൾക്കുമേലെയാണ് ഞാൻ അതെല്ലാം തീർത്തത്. പിറന്നുവീണ മുട്ടനാടുകളുടെ വരി ഞെക്കിയുടച്ചുകളഞ്ഞും കറവയുള്ള ആടുകളുടെ മുലകളിൽ കമ്പുകൊണ്ടു കുത്തിയും ചെമ്മരിയാടുകളുടെ ആസനത്തിൽ കമ്പ് കുത്തിക്കയറ്റിയുമൊക്കെയാണ് ഞാൻ ആ പക തീർത്തത്. ആദ്യമൊക്കെ ഞാൻ ആടുകളെയുംകൊണ്ട് പോകുന്ന വഴിക്കുവരാൻ ഹക്കീമിനു പേടിയായിരുന്നു. എന്നാൽ കൂട്ടുകാരനെ കിട്ടിയതോടെ ഹക്കീം കൂടുതൽ ധൈര്യവാനായി. അവൻ പതിയെ എൻ്റെ ആടുകൾ നില്ക്കുന്ന ഭാഗത്തേക്കു വരാൻ തുടങ്ങി. ഏറ്റവും അടുത്തുവന്നില്ലെങ്കിലും അല്പം ഉച്ചത്തിൽ പറഞ്ഞാൽ ശബ്ദം കേൾക്കാവുന്നത അടുത്തുവരെ അവൻ വന്നു. അതിനെച്ചൊല്ലി അവൻ്റെ അർബാബ് അവനെ പല പ്രാവശ്യം തല്ലിയെ ങ്കിലും പുതുകൂട്ടുകാരന്റെ ധൈര്യത്തിൽ അവനതെല്ലാം അവഗണിച്ചു. എനി ക്കവന്റെ കൂട്ടുകാരനെ ഒന്നു കാണണമെന്നുണ്ടായിരുന്നു. പക്ഷേ അവൻ അങ്ങനെയൊന്നും മസറ വിട്ട് പുറത്തുവരാറില്ലായിരുന്നു. പുറത്തുപോ ക്കൊക്കെ ഹക്കീമിനെ ഏല്‌പിച്ചിട്ട് അവൻ മസറയ്ക്കുള്ളിലെ പണികൾ മാത്രം ചെയ്‌തു. എന്നാൽ ഒരു ദിവസം ഹക്കീം നിർബന്ധിച്ച് അവനെ പുറത്തേക്കു കൂട്ടി ക്കൊണ്ടുവന്നു. ഒരു ആജാനുബാഹു. നല്ല നീളം. അതിനൊത്ത തടി. മൂസാ നബിയുടെ കാലത്തുനിന്ന് ഇറങ്ങിവന്ന ഒരു പ്രവാചകകഥാപാതം എന്നാണ് ഒറ്റക്കാഴ്ചയിൽ എനിക്കവനെ തോന്നിയത്. ഒരു പാക്കിസ്താനി പഠാൻ എന്നു ഞാൻ ഉറപ്പിച്ചു. അവൻ എൻ്റെ അരികിൽ വന്നു പരിചയപ്പെട്ടു: ഇബ്രാഹിം     ബെന്യാമിൻ ഖാദരി! സൊമാലിയ ദേശക്കാരൻ. ആഫ്രിക്കൻ മരുഭൂമിയിൽ കുരുത്ത ഒരു വടവൃക്ഷം! ആ വൃക്ഷത്തിനു മുന്നിൽ ഞാനും ഹക്കീമും വാടിയ ചീരച്ചെടികൾ പോലെ തോന്നിച്ചു. (ആ കണ്ടുമുട്ടലിന്റെ പേരിൽ രണ്ടു ചീരച്ചെടികൾക്കും കിട്ടി, പൊതിരെ തല്ല്!) ഒരുദിവസം ഹക്കീം അപ്പുറത്തുള്ള ഒരു മൺകൂനയുടെ മുകളിൽ കയറിനിന്ന് എന്നോടു വിളിച്ചു പറഞ്ഞു: ഞാനിവിടെ ഒരു പേപ്പർ എഴുതി വച്ചിട്ടുണ്ട്. എടുത്തു വായിക്കുക. ഹക്കീം അവൻ്റെ വഴിക്കു പോയി, ഇത്തിരി കഴിഞ്ഞപ്പോൾ ഞാൻ എൻ്റെ ആടുകളുമായി അവൻ നിന്ന മൺകൂനയുടെ ഭാഗത്തേക്കു ചെന്നു. അവിടെ ഒരു കല്ലിനടിയിൽ ഒരു പേപ്പറുകഷണം വച്ചിട്ടുണ്ടായിരുന്നു. ഞാൻ അതെടുത്തു വായിച്ചു ഇബ്രാഹിം ഖാദരി ഈ രാജ്യത്ത് മുൻപ് ഉണ്ടായിരുന്നു. എല്ലാ വഴികളും ദേശങ്ങളും അറിയാം. രക്ഷപ്പെടാൻ ആലോചിക്കുന്നു. നമ്മളെയും കൂട്ടും. എന്തെങ്കിലും ഉണ്ടെങ്കിൽ അറിയിക്കാം, കരുണാമയനായ അള്ളാഹുവിൽ വിശ്വസിക്കുക. എന്റെയുള്ളിൽ നുര പൊന്തിയ ഒരു സന്തോഷം. ഏതു വാക്കുകൾ കൊണ്ടാണ് ഞാനതു പറഞ്ഞറിയിക്കുക..?! മരുഭൂമിയിൽ ഞെട്ടിയുണർന്ന ഒരു പൂവുപോലെയായിരുന്നു അത്. എനിക്കു നാടിനെപ്പറ്റി, വീടിനെപ്പറ്റി വിചാരമേ ഉണ്ടായിരുന്നില്ല എന്നു പറഞ്ഞതൊക്കെ കള്ളമാണ്. പച്ചക്കള്ളം. എല്ലാ വിചാരങ്ങളും എനിക്കുണ്ടായിരുന്നു. പക്ഷേ അതു സാഹചര്യങ്ങളുടെ ചാരം മൂടിക്കിടക്കുകയായിരുന്നു എന്നു മാത്രം. അവസരത്തിന്റെറെ ഒരു സൂചന വന്നപ്പോഴേക്കും അതു കത്തിജ്വലിക്കുന്നതു ഞാൻ കണ്ടു. ഒരു നെഞ്ചു വേദനപോലെയാണ് എനിക്കതനുഭവപ്പെട്ടത്. സങ്കടംകൊണ്ടു തളർന്നു പോകുന്ന നെഞ്ചുവേദന. ഞാൻ കരഞ്ഞുപോയി. ഞാൻ അടുത്തു നിന്ന മേരിമൈമുനയെ കെട്ടിപ്പിടിച്ച് ഒരുമ്മ കൊടുത്തു. പോവാടീ പെണ്ണേ ഞാൻ. നിന്നെ കളഞ്ഞിട്ട് പോവാ. നിനക്കിവിടെ ഒത്തിരി അറവുറാവുത്തർമാരും മൂരിവാസുമാരും ഒക്കെയില്ലേ കൂട്ടിന്. എനിക്കാരുമില്ല. എന്റെ സൈനുവിനും ആരുമില്ല. എനിക്കവള് വേണം; അവൾക്ക് എന്നേം. ഞാൻ നിലത്തു കുമ്പിട്ടു. കരുണാമയനായ അള്ളാഹുവിന് നന്ദി പറഞ്ഞു. എന്നെ ഓർത്തതിന്. എൻ്റെ സങ്കടങ്ങൾ കേട്ടതിന്. എന്നെ വിടുവി ക്കാൻ ഇബ്രാഹിം ഖാദരി എന്ന പ്രവാചകനെ അയച്ചുതന്നതിന്. അള്ളാഹു അക്ബർ! അള്ളാഹു അക്ബർ!! പിന്നെ എന്റെ ആ ദിവസം എത്ര സന്തോഷം നിറഞ്ഞതായിരുന്നെന്നോ. എത്ര ഉത്സാഹത്തിലാണെന്നോ ഓരോ പണിയും ഞാൻ ചെ‌യ്തുതീർത്തത്. ഇവനിതെന്തു പറ്റി എന്ന് അർബാബ് ആലോചിച്ചു കാണണം. അർബാബേ. ആലോചിച്ചോ. കുറച്ചു ദിവസംകൂടിയേയുള്ളൂ. കഴിഞ്ഞു. ഞാൻ പോകും. പിന്നെ നിങ്ങൾ ആരെ തെറിവിളിക്കുകയും ആരെ ബെൽട്ടിനടിക്കുകയും ആരെ തുപ്പുകയും ചെയ്യുമെന്നു കാണാമല്ലോ. ഒറ്റയ്ക്ക് ഇവിടെക്കിടന്നു   155   ആടുജീവിതം നിങ്ങളിത്തിരി വെള്ളം കുടിക്കും. അപ്പോ മനസ്സിലാവും നിങ്ങൾക്ക് ഈ നജീബിന്റെ വില. ആ വിടുതൽ ഇപ്പോൾതന്നെ സംഭവിക്കുമെന്നായിരുന്നു എന്റെറെ പ്രതീക്ഷ. പക്ഷേ അന്നൊന്നും സംഭവിച്ചില്ല. അതിനടുത്ത ദിവസവും കൊതിയോടെ കാത്തിരുന്നു. അന്ന് ആദ്യത്തെ ദിവസത്തേക്കാൾ പ്രതീക്ഷയായിരുന്നു. പക്ഷേ അന്നും ഒന്നും സംഭവിച്ചില്ല. അതിനടുത്ത ദിവസം പ്രതീക്ഷയുണ്ടാ യിരുന്നു, പക്ഷേ അതിൻ്റെ തീവ്രത ഇത്തിരിയോളം കുറഞ്ഞിരുന്നു. എന്നാൽ അത് സംഭവിക്കാനുള്ള ധൃതി അതുപോലെയുണ്ടായിരുന്നു. പിന്നെ ദിവസങ്ങൾ കഴിയുന്തോറും ആ ആഗ്രഹത്തിൻ്റെതിര പതിയെ താഴോട്ടിറ ങ്ങാൻ തുടങ്ങി. ഒടുവിൽ കഠിനമായ നിരാശയിലും സ്വയം വെറുപ്പിലുമാണ് അതുചെന്ന് അവസാനിച്ചത്. എന്നെ പറഞ്ഞു പറ്റിച്ച ഇബ്രാഹിം ഖാദരി യോടും ഹക്കീമിനോടും എല്ലാം എനിക്കു വെറുപ്പായിരുന്നു. രണ്ടു ദിവസ ത്തേക്ക് ആ വെറുപ്പ് അങ്ങനെത്തന്നെ നിന്നു. പിന്നെ എനിക്കു സംശയമാ യിരുന്നു. എന്നെ ഒറ്റയ്ക്കാക്കിയിട്ട് അവന്മാരു രണ്ടുംകൂടി ഇനി കടന്നു കള ഞ്ഞേക്കുമോ..? അങ്ങനെയൊന്ന് എനിക്കാലോചിക്കൻപോലും വയ്യായിരുന്നു. എങ്കിൽ അതേദിവസം ഞാനിവിടെ ആത്മഹത്യ ചെയ്‌ത്‌ അവന്മാരോടു പ്രതികാരം ചെയ്യുമെന്നുവരെ ഞാൻ ആലോചിച്ചുറപ്പിച്ചു വച്ചിരുന്നു. എന്നും കാലത്ത് ആടുകളെയുംകൊണ്ടു പോകുമ്പോൾ ആകാംക്ഷയോടെയാ യിരുന്നു ഞാൻ അപ്പുറത്തു ഹക്കീമിൻ്റെ ഭാഗത്തേക്കു നോക്കിയിരുന്നത്. അവർ അവിടെ ഇപ്പോഴും ഉണ്ടെന്നറിയുമ്പോൾ എന്റെ മനസ്സ് എന്തെന്നി ല്ലാത്ത ഒരു കുളിർമ്മ അനുഭവിച്ചിരുന്നു. അതു ഞാൻ ഒറ്റയ്ക്കായിപ്പോയി ട്ടില്ല എന്ന അറിവിൻ്റെ കുളിർമ്മ ആയിരുന്നു. പിന്നെ എന്റെ വിധിയെല്ലാം ഇങ്ങനെയൊക്കെത്തന്നെ എന്ന ചിന്തയായി.. ആരെയെങ്കിലുമൊക്കെ വിട്ട് കള്ളവാക്കു പറയിച്ച് വെറുതെ മോഹിപ്പിക്കുക എന്നത് അള്ളാവിനൊരു കൗതുകം. കളിയാക്കിക്കോട്ടെ. പറ്റിച്ചോട്ടെ. എല്ലാ ത്തിനും നിന്നുകൊടുക്കാൻ ഒരു നജീബുണ്ടല്ലോ. അള്ളാ, എന്നാലും എന്നോടു വേണ്ടായിരുന്നു ഇപ്പണി. എന്നൊരു സങ്കടം പറച്ചിലിൽ എന്റെ നിരാശ ഒടുക്കി. തികഞ്ഞ നിസ്സംഗതയുടെ ദിവസങ്ങളാണ് പിന്നെ കുറച്ചു ദിവസത്തേക്ക് ഉണ്ടായത്. എന്നെ രക്ഷിക്കാൻ ഒരു ഖാദരീം ഇല്ല പോതരീം ഇല്ല. ഇവിടെ ജീവിച്ച് ഇവിടെ ഒടുങ്ങാനാണ് എന്റെ വിധി. ഏറ്റവും ഒടുവിൽ സാധാരണയിലേക്ക് ഒരു മടക്കം. പ്രതീക്ഷിക്കാൻ ഒന്നു മില്ലാത്ത ദിവസങ്ങൾ. സ്വപ്നം കാണാൻ ഒന്നുമില്ലാത്ത ദിവസങ്ങൾ. വെറും ആടുജീവിതം! 156    മുപ്പത് തീരെ നിനച്ചിരിക്കാത്ത ഒരു ദിവസമാണ് അതുണ്ടായത്. ഹക്കീം omഒരാടി നെയും ആട്ടിത്തെളിച്ചുകൊണ്ട് എൻ്റടുത്തേക്ക് ഓടിവന്നു. മറ്റെന്നാൾ ഒരു സംഭവമുണ്ട്. തയ്യാറായിരിക്കുക! അത്രയും പറഞ്ഞിട്ട് അവൻ തിരിച്ചോടി ക്കളഞ്ഞു. എൻ്റെ മനസ്സിലേക്ക് ഒരു തീക്കഷണം കോരിയിട്ടിട്ടാണ് അവൻ പോയത്. ഒരു സംഭവം. എന്താവാം അത്..? എന്നാൽ തയ്യാറായിരിക്കുക എന്നതിൽ ഒരു സൂചനയുണ്ട്. അതു ഭാഗ്യസൂചനയാണ്. പക്ഷേ അന്നേരം എനിക്കുണ്ടായ ഒരു പേടി. രക്ഷപ്പെടാനാണ് പദ്ധതിയെങ്കിൽ ഇനി എങ്ങോട്ടും പോകണമെന്നേ എനിക്കുണ്ടായിരുന്നില്ല. കൂട്ടിലിട്ടു വളർത്തിയ ഒരാടിനെ അഴിച്ചുവിട്ടാലും അതു കുറച്ചു കഴിയമ്പോൾ താനേ തിരിച്ചുവരും. അതുപോലെ ആയിക്കഴി ഞ്ഞിരുന്നു ഞാനും. ഈ രൂപവും ഈ വേഷവും വച്ചുകൊണ്ട് എനിക്കെ ങ്ങോട്ടും പോകാനില്ല. ഞാൻ ഒരാടാണ്. എന്റെ ജീവിതം ഈ മസറയിൽ തന്നെ. ഒന്നുകിൽ ജീവിതാന്ത്യം വരെ അല്ലെങ്കിൽ എന്തെങ്കിലും രോഗം പിടിപെട്ട് പെട്ടെന്നു ചാവുന്നതുവരെ. എൻ്റെ ഈ വൃത്തികെട്ട രൂപം, വൃത്തി കെട്ട മുഖം, വൃത്തികെട്ട ജീവിതം ആരെയും കാണിക്കാൻ ഞാൻ ആഗ്ര ഹിക്കുന്നില്ല. എന്റേത് ആടുജീവിതമാണ്. ഒരവസരത്തിനായി കാത്തിരിക്കുക. അവസരം വരുമ്പോൾ അതുപയോ ഗിക്കാൻ താത്പര്യമില്ലാതെ നിസ്സംഗനാവുക. ജീവിതം വല്ലാത്ത വൈരുദ്ധ്യ ങ്ങൾ നിറഞ്ഞതുതന്നെ. ആ രണ്ടു നാളുകളിൽ ഞാനായിട്ട് ഒരു തയ്യാറെ ടുപ്പും നടത്തിയില്ല. പ്രത്യേകിച്ച് ഒരുത്സാഹം തോന്നിയതുമില്ല. ഇതുപോലെ എത്രയെത്ര രക്ഷപ്പെടൽ സാഹചര്യങ്ങളിലേക്കു ഞാനെന്റെ മനസ്സിനെ കുളിപ്പിച്ചൊരുക്കി നിറുത്തിയതാണ്. പക്ഷേ എല്ലാ പ്രാവശ്യവും വരൻ മുങ്ങി മുടങ്ങിപ്പോയ കല്യാണത്തിലെ വധുവിനെപ്പോലെ തേങ്ങിക്കരയാനായിരുന്നു എന്റെ വിധി. അതുകൊണ്ടുതന്നെ ഒരു പ്രാവശ്യംകൂടി അണിഞ്ഞൊരുങ്ങി നില്ക്കാൻ എനിക്കു മനസ്സില്ലായിരുന്നു. തന്നെയുമല്ല, എന്തെങ്കിലും നടക്കും എന്നതിന്റെ് യാതൊരു സൂചനയും അന്നു വൈകുന്നേരം വരെ എനിക്കു ലഭിച്ചതുമില്ല. ആ ഇബാഹിം ഖാദരി, ആഫ്രിക്കൻ കള്ളൻ എന്തോ പറഞ്ഞതു കേട്ട് ഹക്കീം വെറുതേ തുള്ളുകയാണെന്നു മനസ്സുകൊണ്ട് ശപിക്കുകയും ചെയ്തു. 157     ആടുജീവിതം എന്നാൽ അന്നു വൈകുന്നേരം ഒരു നാലഞ്ചുമണിയായപ്പോൾ പതിവി ല്ലാതെ അർബാബ് എന്നെ കൂടാരത്തിലേക്കു വിളിച്ചു. അകത്തു കയറിയിരി ക്കാൻ പറഞ്ഞു. ഞാൻ അദ്ഭുതപ്പെട്ടു. ഇന്നു രാത്രി നമ്മുടെ മൂത്ത അർബാങ്ക ബിന്റെ മകളുടെ കല്യാണമാണ്. അതുകൊണ്ട് ഞങ്ങൾ രണ്ടും ഇവിടെ കാണില്ല. നീ ഉറങ്ങാതെ കിടന്ന് ആടുകളെ നോക്കിക്കോണം. കുറുക്കൻ വരും. പാമ്പുകൾ വരും. കള്ളന്മാർതന്നെയും വന്നേക്കും. എല്ലാം നീ നോക്കി ക്കോണം. രാവിലെ ഞാൻ വരുമ്പോൾ നിനക്കു തിന്നാൽ ഖുബൂസും ബിരി യാണിയും മജ്ബുസും കൊണ്ടുത്തരാം. കേട്ടല്ലോ. നീ എന്റെ വിശ്വസ്‌ത സേവകനാണ്. നിന്നെപ്പോലെ ഒരു നല്ല വേലക്കാരനെ എനിക്കിന്നേ വരെ കിട്ടിയിട്ടില്ല. ബാക്കി വന്നവന്മാരെല്ലാം പണിക്കള്ളന്മാരായിരുന്നു. നി നല്ലവ നാണ്. നിന്നെ എനിക്ക് ഇഷ്ടമാണ്. നിന്നെ അള്ളാഹു കാക്കും. എല്ലാം ഞാൻ തലകുലുക്കി കേട്ടു. അപ്പോൾ ഇതാണ് ഹക്കീം പറഞ്ഞ ആ സംഭവം! എങ്കിൽ കാത്തിരുന്ന ആ സുദിനം ഇന്നുതന്നെ! സന്തോഷം കൊണ്ട് എൻ്റെ മനസ്സ് ശലഭച്ചിറകുപോലെ ഒന്നു പിടഞ്ഞു. പക്ഷേ ഞാനതു പുറത്തു കാണിച്ചില്ല. നിസ്സംഗത പാലിച്ചുതന്നെ ഞാൻ കൂടാരത്തിനു പുറ ത്തേക്കു പോന്നു. അത്രയും കാലത്തെ കഠിനാധ്വാനത്തിനു കിട്ടിയ പ്രതി ഫലമായിരുന്നു അത്രയും വാക്കുകൾ! അതെ അത്രയും വാക്കുകൾ മാത്രം. മറ്റൊന്നും എനിക്കു കിട്ടിയിട്ടില്ല. രാത്രിയായപ്പോൾ അന്നുവരെ കണ്ടിട്ടില്ലാത്ത ഒരുത്തൻ ഒരു വണ്ടിയിൽ വന്നു. അവൻ ധരിച്ചിരുന്ന വസ്ത്രത്തിന്റെ വെളുപ്പും വൃത്തിയും കണ്ടപ്പോ ഴാണ് ഞാനെൻ്റെ അവസ്ഥയിലേക്ക് ഒന്നു തിരിഞ്ഞുനോക്കുന്നത്. ഹോ. എത്ര പരിതാപകരമായിരുന്നു അത്. വൃത്തികേടിന്റെ്റെ ദൈവമായിട്ടാണ് ഞാൻ എന്നെ കണ്ടത്. അവൻ അർബാബിനെയും കയറ്റി ദൂരേക്കു വണ്ടിയോടിച്ചു പോയി. അതു വരെ ഇല്ലാതിരുന്ന ഒരുത്സാഹം എന്നിൽ വന്നുനിറഞ്ഞു. മാതാപിതാക്കൾ വിരുന്നിനു പോകുമ്പോൾ കളിക്കാനവസരം കിട്ടുന്ന കുട്ടികൾക്കെന്ന പോലത്തെ ഒരു സന്തോഷം. ഉന്മാദംകൊണ്ട്ഞാൻ മസറയ്ക്ക് ചുറ്റും ഓടി നടന്നു. വിളിച്ചുകൂവി. ഉച്ചത്തിൽ ചിരിച്ചു. തുള്ളിച്ചാടി. ഞാൻ ഹക്കീമിന്റെ മസറയിലേക്ക് ഓടി. അവിടെ ഹക്കീമും വലിയ സന്തോഷത്തിലായിരുന്നു. എന്നെക്കണ്ടതും അവൻ ഓടി എൻ്റെ അരികിലേക്കു വന്നു. എന്നെ കെട്ടിപ്പി ടിച്ചു. എന്നെ ഉമ്മവച്ചു. ഞങ്ങൾ കെട്ടിപ്പിടിച്ചു കരഞ്ഞു. ഇക്കാ, എനിക്കെൻ്റെ ഉമ്മയെ കാണണം. പ്പാനെ കാണണം. ന്റെ പെങ്ങൾ ഷാഹിനേം കാണണം. ഇനി എനിക്കു സഹിക്കാൻ വയ്യിക്കാ. അവൻ സങ്കടത്തോടെ പറഞ്ഞു. സാധിക്കും മോനേ. എല്ലാം സാധിക്കും. അള്ളാ നമ്മളെ ഇവിടെവരെ എത്തിച്ചില്ലേ... ഇനി കുറച്ചു മണിക്കൂറുകൾ മാത്രം. നമ്മോടൊപ്പം പടച്ചോ നുണ്ട്. നീ ധൈര്യമായിരിക്ക്. 158    ബെന്യാമിൻ ഞാനവന്റെ കവിളിൽ തലോടി ആശ്വസിപ്പിച്ചു. ഇബ്രാഹിം ഒരു കട്ടിലിൽ ഇരിപ്പുണ്ടായിരുന്നു. നമ്മൾ പോകുകയല്ലേ? ആകാംക്ഷയോടെ ഞാനവൻറെ അടുത്തേക്കു ചെന്നു. അവൻ തലചരിച്ച് എന്നെ ഒന്നു നോക്കി. പിന്നെ മോണ കാട്ടി ചിരിച്ചു. ഒരു കുഞ്ഞിന്റെ ചിരി പോലെ നിഷ്കളങ്കമായിരുന്നു ആ ചിരി. ഇത്ര നാളും സഹിച്ചില്ലേ നജീബ്, അവൻ എഴുന്നേറ്റ് എൻ്റെ തോളിൽ തൊട്ടു. ഇനി ഇത്തിരി നേരം കൂടി. അർബാബുമാർ എത്തേണ്ടിടത്ത് എത്തട്ടെ. തിരിച്ചുവരാൻ ഏറെ സമയം എടുക്കുന്നത്രയും ദൂരത്ത്. നമ്മൾ കാല്നടക്കാരാണെന്നു മറക്കേണ്ട. നീ ഇപ്പോ മസറയിലേക്കു പോയ്ക്കോളൂ. പോകാൻ നേരം ഞങ്ങൾ വന്നു വിളിക്കാം. അവൻ പറഞ്ഞു. അങ്ങനെ എന്റെ കഷ്ടപ്പാടുകളുടെ കറുത്ത ദിനങ്ങൾ അവസാനിക്കാൻ പോകുന്നു. ഞാൻ ആ ആട്ടിൻതൊഴുത്തിൽനിന്നു രക്ഷപ്പെടാൻ പോകുന്നു. നാളെ എന്തെന്ന് എനിക്കറിയില്ല. പക്ഷേ അതെന്തായാലും ഇത്ര കഷ്ടം നിറഞ്ഞതായിരിക്കില്ലെന്ന് എനിക്കുറപ്പുണ്ട്. പരമകാരുണികനായ അള്ളാഹുവേ എല്ലാ സ്‌തുതിയും നിനക്ക്. എല്ലാ വാ ം നിനക്ക് ഞാൻ മസറയിലേക്കു തിരിച്ചോടി. എന്റെ കട്ടിലിന്റെ തലയിണയ്ക്കിട യിൽ എന്റെ ബാഗ് ഇരിപ്പുണ്ടായിരുന്നു. വെയിലും മഴയും തണുപ്പും കാറ്റും മണ്ണുംകൊണ്ട് ജീർണ്ണിച്ചുപോയ ഒരു ബാഗ്. അതിന്റെ മുകളിൽ ഒരു നൂറ്റാണ്ടുകാലത്തെ പൊടി കട്ടപിടിച്ചിരിപ്പുണ്ട്. വല്ലവിധത്തിലും പൊടി തട്ടി ക്കളഞ്ഞ് അതിന്റെ സിബ്ബ് ഒന്നു തുറക്കാൻ നോക്കി. അത് അനങ്ങുന്നുണ്ടാ യിരുന്നില്ല എന്നുമാത്രമല്ല, എൻ്റെ ബലംപിടിത്തംകൊണ്ട്ബാഗിന്റെ ചട്ട കീറിവരികയും ചെയ്തു. അതിനുള്ളിൽനിന്നും ഒരു കെട്ട ഗന്ധം പൊങ്ങി വന്നു. ഇക്കാലമത്രയും ഞാനതു തുറന്നിട്ടേ ഉണ്ടായിരുന്നില്ല. അതിൻ്റെ ആവശ്യം വന്നിട്ടില്ലതന്നെ. നാട്ടിൽനിന്ന് സൈനു സ്നേഹത്തോടെ തന്നയച്ച അച്ചാർ അതിനുള്ളിൽ അപ്പോഴും ഇരിപ്പുണ്ടായിരുന്നു. ഉണങ്ങിക്കരിഞ്ഞ് എന്താണെന്നു മനസ്സിലാവാത്ത ഒരു സാധനം. ആദ്യത്തെ കുറേക്കാലം ഖുബൂസിനു തൊട്ടുകൂട്ടിയതിന്റെ ബാക്കിയായിരുന്നു അത്. സൈനുവിന്റെ സ്നേഹവും മണവും എന്റെ അരികിൽനിന്നു നഷ്ടപ്പെടാതിരിക്കാൻ വേണ്ടി ഞാനതു തിന്നുതീർക്കാതെ, കളയാതെ ബാഗിൽ സൂക്ഷിച്ചിരിക്കുകയായി രുന്നു. പിന്നെ ഇനിയൊരിക്കലും സൈനുവിനെ കാണാനാവില്ലെന്നു ചിന്തിച്ചു തുടങ്ങിയതോടെ ഞാനതു മറന്നതായിരിക്കണം. പോരുമ്പോൾ പുതിയതായി തയ്യ്പിച്ച ഒരു പാൻ്റും ഷർട്ടും ബാഗിനു ള്ളിൽ ഉണ്ടെന്ന് എനിക്കറിയാം. ഞാനത് എടുത്തു. മരുഭൂമിക്ക് കരണ്ടു തിന്നുന്ന ഒരു ഇരട്ടവാലൻ്റെ സ്വഭാവമുണ്ടെന്നു തോന്നും അതുകണ്ടാൽ. ഒരിക്കൽപ്പോലും ധരിച്ചിട്ടില്ലാത്ത ആ വസ്ത്രങ്ങൾ അത്രയും ദ്രവിച്ച് ഉപയോഗശുന്യമായിപ്പോയിരുന്നു!   159 ആടുജീവിതം   കടലുപ്പിനേക്കാൾ ദ്രവീകരണശേഷിയുള്ള മരുക്കാറ്റിന്റെ കരുത്തായി രുന്നു അത്. ഇക്കാലംകൊണ്ട് ആ കാറ്റ് എന്നെ എത്രമാത്രം ദ്രവിപ്പിച്ചിരി ക്കുമെന്നു ഞാൻ അതിശയപ്പെട്ടുപോയി. തിരിച്ചു കൊണ്ടുപോകാൻ മറ്റൊന്നും എന്റെ കയ്യിൽ ഉണ്ടായിരുന്നില്ല. വെറും കയ്യോടെ ഒരു മടക്കം. ആ ബാഗ് ഞാൻ ദൂരേക്കു വലിച്ചെറിഞ്ഞു. എന്റെ പുറപ്പാട് മണത്തറിഞ്ഞിട്ടെന്നപോലെ, മസറയ്ക്കുള്ളിൽ ആടുകൾ അസ്വസ്ഥരാവുന്നതു ഞാൻ കണ്ടു. ഞാൻ മസറയ്ക്കുള്ളിലേക്കു കയറി ച്ചെന്നു. അവ എനിക്കു ചുറ്റും വന്നുകൂടി. അവകളുടെ മുഖത്ത് ആകാംക്ഷ നിഴലിച്ചിട്ടുണ്ടായിരുന്നു. നീ പോയാൽപ്പിന്നെ ഞങ്ങൾക്കാര് എന്ന ചോദ്യ മായിരുന്നു ആ ആകാംക്ഷയ്ക്കു പിന്നിലുണ്ടായിരുന്നത്. ജീവിതത്തിൽ ഇനി ഒരിക്കലും കണ്ടുമുട്ടാൻ ഇടയില്ലാത്ത ആ ആടുകളുടെ അരികിലേക്ക് ഞാൻ ചെന്നു. എന്റെ പ്രിയപ്പെട്ട സഹോദരന്മാരേ ഞാൻ പോകുന്നു. ഞാനിനിയും ഇവിടെ നിന്നാൽ മരിച്ചുപോകും. എനിക്കിവിടുന്നു രക്ഷപ്പെടണം. ഒരിക്കലും നിങ്ങളിൽനിന്നല്ല, എന്റെ സ്വന്തം വിധിയിൽനിന്ന്. നിങ്ങളെ ഓരോരുത്ത രെയും എനിക്കിഷ്ടമാണ്. നിങ്ങളില്ലായിരുന്നെങ്കിൽ ഞാൻ എന്നേ മരിച്ചു പോകുമായിരുന്നു. നിങ്ങളാണ്, നിങ്ങളുടെ സ്നേഹമാണ് എന്നെ ഇതുവരെ ജീവിപ്പിച്ചത്. ഞാൻ ലോകത്തിൽ എവിടെ ആയിരുന്നാലും എന്റെ കഷ്ട കാലങ്ങളിൽ എനിക്കൊപ്പമുണ്ടായിരുന്ന സഹോദരങ്ങളെ എന്നപോലെ ഞാൻ നിങ്ങളെ ഓർമ്മിക്കും. സ്നേഹിക്കും. ഈ മസറയിലെ ദുർവിധിയിൽ എന്നെ എത്തിച്ചത് അള്ളാഹുവാണ്. ഇപ്പോൾ എന്നെ വിടുവിക്കുന്നതും അവൻതന്നെ. നിങ്ങളെയും ഈ വിധിയിൽനിന്നും രക്ഷിക്കാൻ ഞാൻ അവനോടു പ്രാർത്ഥിക്കും. ആടുകളേ. എൻ്റെ ചങ്ങാതികളേ, എൻ്റെ സഹോ ദരന്മാരേ, എൻ്റെ രക്തമേ നിങ്ങൾക്കു വിട. ആടുകൾ ഓരോരുത്തരായി എൻ്റെ അടുത്തേക്കു വന്നു. അറവുറാവുത്തർ ആയിരുന്നു മുന്നിൽ. ഞാൻ അവൻ്റെ കവിളിൽ തലോടി. എനിക്കു പകരം വരാനിടയുള്ള നിർഭാഗ്യവാനോട് (അങ്ങനെ ഒരാൾ ഒരിക്കലും ഉണ്ടാവാ തിരിക്കട്ടെ) നീ കാരുണ്യപൂർവ്വം ഇടപെടണമെന്നും അവനെ ഇടിച്ചിട്ട് കയ്യൊടിക്കാതെ നോക്കണമെന്നും ഞാനവനെ ഉപദേശിച്ചു. അവൻ തല കുലുക്കി. അടുത്തതു പോച്ചക്കാരി രമണിയായിരുന്നു. അവൾ കരഞ്ഞു. ഞാനും. പിന്നെ മേരിമമുന. ഞാനവളെ ചുംബിച്ചു. അവൾ എന്നെയും. നിന്റെ ബാക്കിയായ പ്രണയം അടുത്തവന് കൊടുക്കാൻ ഞാനവളോടു പറഞ്ഞു. അവൾ വിഷാദത്തിൽ തല കുനിച്ചു. പിന്നെ ഇണ്ടിപ്പോക്കർ, ഞണ്ടുരാഘവൻ, പരിപ്പുവിജയൻ, ചക്കി, അമ്മിണി, കൗസു, റൗഫത്ത്. എല്ലാവരോടും ഞാൻ യാത്ര ചോദിച്ചു. കുട്ടികളുടെ മസറയിൽ ചെന്നപ്പോഴാണ് എനിക്കു ശരിക്കും കരച്ചിൽ വന്നത്. ദേശം വിട്ടുപോകുന്ന ഒരു പേറ്റിച്ചി തന്റെ കൈകളിലേക്കു പിറന്നു 160     ബെന്യാമിൻ വീണ കുഞ്ഞുങ്ങളെ അവസാനനോക്ക് കാണുന്ന അനുഭവമായിരുന്നു അത്. അവയിൽ മിക്കവയും എൻ്റെ കൈകളിലേക്കു തന്നെയാണ് പിറന്നു വീണത്. അന്നുമുതൽ അവയുടെ അമ്മയും ഞാൻതന്നെയാണ്. അവയെ പാൽ കുടിപ്പിച്ചതും അവയ്ക്കു തീറ്റകൊടുത്തതും ഞാൻതന്നെ. ഒരു നിമിഷ ത്തേക്കു ഞാൻ നബീലിനെ ഓർത്തു. അവൻ്റെ നഷ്ടം ഓർത്തു. എൻ്റെ മനസ്സ് വിങ്ങി. പിങ്കിയെയും അമ്മുവിനെയും റസിയയെയും താഹിറയെയും ഞാൻ കയ്യിലെടുത്തു താലോലിച്ചു. മുൻപാണെങ്കിൽ ഞാൻ പിടിക്കാൻ ചെല്ലുമ്പോൾ കുതറിച്ചാടിയിരുന്നതുപോലെ അവ ചാടിയില്ല. എന്റെ കയ്യി ലേക്കും മാറിടത്തിന്റെ ചൂടിലേക്കും അവ നൂണു കയറി. മക്കളേ വളരു മ്പോൾ നിങ്ങളുടെ വിധി എനിക്കറിയാം. ചന്തയിലേക്കും അറവുശാലയി ലേക്കും വലിച്ചിഴയ്ക്കപ്പെടാനുള്ളവരാണ് നിങ്ങൾ. ആ വലിയ വിധിക്കു മുന്നിൽ ശക്തിയോടെ പിടിച്ചുനിയ്ക്കാൻ ഞാൻ അള്ളാഹുവിനോടു പ്രാർത്ഥിക്കാം. അതേ ഈ പാവം നജീബിനു കഴിയൂ. ഈ ഭൂമിയിലെ ഏറ്റവും നിസ്സാരനായ ജീവി ഞാനാണ്. കരഞ്ഞുകൊണ്ട് ആ മസറ യിൽനിന്നും ഞാൻ ഇറങ്ങിപ്പോന്നു. ഞാൻ ഒട്ടകങ്ങളുടെ മസറയിലേക്കു ചെന്നു. എന്റെ്റെ പുറപ്പാടറിഞ്ഞ് അവ വ്യസനിച്ചു. എനിക്കധികം പങ്കപ്പാടുകൾ തരാത്ത ജീവികളായിരുന്നു ഒട്ടക ങ്ങൾ. അവ തനിയേ പോകും തനിയേ വരും. വന്നാൽ ഇത്തിരി പോച്ചയും വെള്ളവും കൊടുക്കണം. അവ തൃപ്‌തരാണ്. എങ്കിൽപ്പോലും അവ എന്നെ എത്ര മനസ്സിലാക്കുകയും സ്നേഹിക്കുകയും ചെയ്തിരുന്നു എന്ന് ഇപ്പോ ഴത്തെ അവയുടെ ഭാവങ്ങളിൽനിന്ന് എനിക്കുഹിക്കാൻ കഴിയുന്നുണ്ട്. അവയുടെ കണ്ണുകളിൽനിന്നും സ്നേഹം ഉരുകിയൊലിക്കുന്നതു ഞാൻ കണ്ടു. ഞാൻ ഒട്ടകങ്ങളെയും അവ എന്നെയും കെട്ടിപ്പിടിച്ചു കരഞ്ഞു. എനിക്ക് ഇവിടെ യാത്രാമൊഴി ചോദിക്കാൻ മറ്റൊരു മനുഷ്യജീവിയില്ല. എനി ക്കുള്ളതു നിങ്ങൾ മാത്രമാണ്. ഇത്രനാളും നിങ്ങളാണെൻ്റെ ജീവൻ പിടിച്ചു നിറുത്തിയത്. ഞാൻ അള്ളാഹുവിനോടെന്നപോലെ എന്നും നിങ്ങളോടും കടപ്പെട്ടിരിക്കും. ഞാൻ പിന്നെയും കരഞ്ഞു. ഏറ്റവും ദുരിതാവസ്ഥയിൽനിന്നാണെങ്കിൽപ്പോലും ആരെയെങ്കിലും ഒരാളെ വേർപെട്ടു പോകുക എന്നതു വല്ലാത്ത വേദനാജനകംതന്നെയാണ്. രക്ഷപ്പെടലിന്റെ ആ സന്തോഷവേളയിലും കടുത്ത ദുഃഖമാണ് എനിക്കു ണ്ടായിരുന്നത്. ദൂരെ ഹക്കീമിന്റെ വിളി ഉയർന്നു! ഞാൻ മറയിൽനിന്നു പുറത്തു കടന്നു. ആടുകൾ കൂട്ടത്തോടെ നിലവിളിച്ചു. ഞാൻ തിരിഞ്ഞുനോക്കിയില്ല. തിരിഞ്ഞുനോക്കിയിരുന്നെങ്കിൽ ഞാൻ ഒരുപക്ഷേ അവിടംവിട്ട് പോരുമായി രുന്നില്ല. വഴിയിൽ ഹക്കീമും ഇബ്രാഹിം ഖാദരിയും കാത്തുനില്ക്കുപുണ്ടായി രുന്നു. ഞങ്ങൾ പുറപ്പെട്ടു. പുതിയൊരു ലോകത്തിലേക്ക്, പുതിയ ജീവിത ത്തിലേക്ക്.   161   മുപ്പത്തിയൊന്ന് ആകാശത്തിനു തീപിടിച്ചിട്ടെന്നപോലെ രാത്രി മുഴുവൻ ഞങ്ങൾom എരി പിരി ഓട്ടമായിരുന്നു. മസറയിലേക്കു പ്രത്യേകിച്ച് വഴിയൊന്നുമില്ല. മരുഭൂ മിയിലൂടെ സ്ഥിരമായി വണ്ടിയോടിയോടി തെളിഞ്ഞുവന്ന ഒരു മൺപാത യുണ്ട്. വഴി തെറ്റാതിരിക്കാൻ അതിനെ പിൻപറ്റിയാണ് ഞങ്ങൾ ഓടി ത്തുടങ്ങിയത്. ആ വഴി എങ്ങോട്ടാണ് നീളുന്നത് എന്നൊന്നും ഞങ്ങൾക്കി റിയില്ലായിരുന്നു. കണ്ണെത്താദൂരത്തോളം നീണ്ടുകിടക്കുന്ന മൺകൂനകൾ ക്കിടയിലൂടെ വളഞ്ഞുപുളഞ്ഞ് ആ വഴി അപ്പുറത്ത് ഒരു കുന്നിൽ ചെരിവി ലേക്കു മറയുകയാണ്. അതിനും അപ്പുറത്തു വണ്ടികൾ പോകുമ്പോൾ ഉയ രുന്ന പൊടിപടലം മാത്രമേ ഞാൻ കണ്ടിട്ടുള്ളൂ. എന്തായാലും ആ വഴി എവിടെയെങ്കിലും ഒരു ഹൈവേയിൽ ചെന്നെത്തുമെന്ന് ഞങ്ങൾക്കുറപ്പാ യിരുന്നു. അത് എത്ര അകലെയാണ് എന്നു മാത്രമേ ഞങ്ങൾക്കു സംശയ മുണ്ടായിരുന്നുള്ളൂ. രാത്രി നല്ല നിലാവുണ്ടായിരുന്നതിനാൽ ഓട്ടം ഒരു പ്രയാസമേ ആയി രുന്നില്ല. അള്ളാഹുവും പ്രകൃതിയും ഒരുപോലെ ഞങ്ങൾക്കൊപ്പമു ണ്ടെന്നു തോന്നിപ്പോയി. വഴിയിൽ വർത്തമാനമില്ല, ചിലയ്ക്കലില്ല, പര സ്പരം ഒരു നോട്ടംപോലുമില്ല. ഓട്ടം മാത്രം. എത്ര ദൂരം ഓടിയിട്ടും ഇനി ഒരിക്കലും പിടിക്കപ്പെടാത്ത അകലത്തിൽ എത്തിയിട്ടില്ല എന്നൊരു തോന്നൽ. ആരോ ഞങ്ങളെ പിന്തുടരുന്നുണ്ടെന്ന ഒരു ഭീതി. ഓരോ കാറ്റൊ ച്ചയും ഇരമ്പവും അർബാബിന്റെ വണ്ടിയുടേതെന്നു ഞങ്ങൾ ആശങ്കപ്പെട്ടു. അതുകൊണ്ടുതന്നെ ഓരോ നിമിഷവും ഓട്ടത്തിൻ്റെ വേഗം കൂടിയതല്ലാതെ ഒട്ടും കുറഞ്ഞില്ല. അങ്ങനെ കുറേദൂരം കുറേനേരം ഓടിക്കഴിഞ്ഞപ്പോൾ ആ വണ്ടിപ്പാത രണ്ടിടത്തേക്കു നീളുകയാണ്. ഇടത്തോട്ടും വലത്തോട്ടും. എങ്ങോട്ടു। പോയാലാണ് ഹൈവേയിലെത്തുക എന്നൊരു വലിയ സംശയത്തിന്റെ കൂനാംകുരുക്കിലാണ് അതു ഞങ്ങളെ കൊണ്ടു ചെന്നു നിറുത്തിയത്. ഏറെ സന്ദേഹങ്ങൾക്കും സംശയം പറച്ചിലുകൾക്കും ഒടുവിൽ ഇടത്തോട്ടു പോകാൻ ഞങ്ങൾ തീരുമാനിച്ചു. അങ്ങനെ ഞങ്ങൾ വീണ്ടും ഓട്ടം തുടങ്ങി. വീണ്ടും കുറേനേരം കൂടി ഓടിക്കഴിഞ്ഞപ്പോൾ അകലെയൊരു 162    ബെന്യാമിൻ വെളിച്ചത്തിൻറെ തുണ്ട് ഞങ്ങൾക്കു പ്രത്യക്ഷപ്പെട്ടു. ശ്രദ്ധിച്ചപ്പോൾ മനസ്സി ലായി അതൊരു വണ്ടിയുടേതാണ്. അതങ്ങനെ ആടിക്കുലുങ്ങി പതിയെ നീങ്ങുകയാണ്. എന്റെ മനസ്സ് കുളിർത്തു. അതാ ഹൈവേ. അതാ ഞങ്ങ ളുടെ രക്ഷയിലേക്കുള്ള അവസാനമാർഗ്ഗം. പെട്ടെന്ന് ഇബ്രാഹിം ഞങ്ങളെ ഒരു മൺകൂനയ്ക്കു പിന്നിലേക്കു വലിച്ചുമാറ്റി. ആ വണ്ടി ഞങ്ങൾ നിന്നി രുന്ന ഭാഗത്തേക്കാണ് വന്നുകൊണ്ടിരുന്നത്. ഒരു ഭാഗ്യപരീക്ഷണം വേണ്ട. ചിലപ്പോഴത് നമ്മുടെ അർബാബ്‌തന്നെയാകാം. അല്ലെങ്കിൽ മറ്റേതെങ്കിലും പരിചയക്കാരായ അറബികൾ. എങ്കിൽ അവർ നമ്മളെ കൊണ്ടുചെന്നു നിറുത്തുന്നത് അർബാബിന്റെ കല്യാണമുറ്റത്താവും. ഞങ്ങൾ വഴിയിൽ നിന്ന് ദൂരേക്കു മാറി ഒരു മൺകൂനയ്ക്കു പിന്നിൽ ഒളിച്ചിരുന്നു. ആ വണ്ടി ഇഴഞ്ഞു നിരങ്ങി ഞങ്ങളെക്കടന്നുപോയി. ശരിക്കും ഞങ്ങളെ മറികടന്ന് ശേഷമാണ് അതൊരു മിനിലോറിയായിരുന്നു എന്നു ഞങ്ങൾ കാണുന്നത്. അതോടിച്ചിരുന്നത് ഞങ്ങളുടെ മസറയിലേക്കു കച്ചിയുമായി വരാറുള്ള ഒരു പഠാനായിരുന്നു. ഹോ. അവനെന്റെ പരിചയക്കാരനാണ്. ഇബ്രാഹിം നെഞ്ചത്തടിച്ചു. അവൻ നമ്മളെ രക്ഷിക്കും. ഞങ്ങൾ മൂന്നുപേരും അലറി വിളിച്ചുകൊണ്ട് ആ വണ്ടിയുടെ പിന്നാലെ ഓടിച്ചെന്നു. പക്ഷേ ഞങ്ങൾ വഴിയിലെത്തിയപ്പോഴേക്കും ആ വണ്ടി ഏറെ ദൂരം മുന്നിലെത്തിക്കഴിഞ്ഞി രുന്നു! അപ്പോഴുണ്ടായ ഒരു നിരാശയും സങ്കടവും. എന്നെയും എൻ്റെ വിധി യെയും പടച്ചോനേം ഞാൻ ശപിച്ചുപോയി. ഭാഗ്യം കൺമുന്നിലൂടെ കടന്നു പോകുന്നതിൽപ്പരം സങ്കടം മറ്റെന്തുണ്ട്. ദേഷ്യംകൊണ്ടു ഞാൻ തലമുടി പിടിച്ചുവലിക്കുകയും നെഞ്ചത്തടിക്കുകയും ചെയ്‌തു. പോയതു പോയി. ഇനി ഒരിക്കലുമതു തിരിച്ചുപിടിക്കാനാവില്ല. അതിൽ വിഷമിച്ചിട്ടെന്തു കാര്യം. അടുത്ത വഴി നോക്കുക. ഇബ്രാഹിം ഖാദരി പറഞ്ഞു. അവിടെത്തന്നെ നിന്ന് അടുത്ത ഒരു വണ്ടിക്കുവേണ്ടി ഭാഗ്യം പരീക്ഷിക്കാൻ ഞങ്ങൾ തീരുമാനിച്ചു. അങ്ങനെ പ്രതീക്ഷയോടെ കുറേ നേരം നിന്നു. മരുഭൂമി വിജനമായും ശൂന്യമായും ചത്തുമലർന്നു കിടന്നു. ഞാൻ മനസ്സുരുകി പ്രാർത്ഥിച്ചു. അള്ളാ - ഏതെങ്കിലും ഒരു വണ്ടിക്കാരന്, ഏതെങ്കിലും ഒരു പരിചയക്കാരന് ഞങ്ങളുടെ വഴിക്കുവരാൻ തോന്നണേ... അന്നു പക്ഷേ ഒരു വണ്ടിയും ഞങ്ങളുടെ വഴിക്കു വന്നില്ല. അങ്ങനെ ഏറെനേരം ഞങ്ങളുടെ ജീവിതത്തെ ഒരു ഭാഗ്യപരീക്ഷണ ത്തിനു വിട്ടുകൊടുക്കാൻ സാധ്യതയില്ലായിരുന്നു. ഇപ്പോൾ തിരിഞ്ഞുനോക്കു മ്പോൾ അവിടെത്തന്നെ നിന്നാൽ മതിയായിരുന്നു എന്നു തോന്നും. പക്ഷേ അന്നേരത്തെ സാഹചര്യത്തിൽ ഞങ്ങൾക്കതിനു യാതൊരു നിർവ്വാഹവും ഉണ്ടായിരുന്നില്ല. അപ്പോഴത്തെ ചിന്തയിൽ ഏറ്റവും വലിയ മണ്ടത്തരമായി രുന്നു ആ കാത്തുനില്‌പ്. എത്രയും പെട്ടെന്ന് ഞങ്ങൾക്ക് എത്രയും അകലത്ത് എത്തേണ്ടതുണ്ടായിരുന്നു. നേരം വെളുത്താൽ ഭൂമിയിൽ സൂര്യൻ്റെ പ്രകാശം പതിച്ചാൽ മരുഭൂമി മലർക്കെ തുറന്നുകിടക്കും. പിന്നെ   163 In     പരസ്‌പരം നാട്ടു പോലുമില്ല.ഓട്ടം മതം.എന ദൂരം ഓടിയിട്ടുംഇനി ഒരിക്കയെ പിടിക്കപ്പെടാത്ത അകലത്തിൽ എത്തിയിട്ടില്ല എന്നൊരു തോന്നൽ.   ബെന്യാമിൻ ഞങ്ങൾക്ക് ഒളിക്കാനൊരു ഇടമില്ല. കാലത്ത് അർബാബ് മസറയിലെത്തു മ്പോൾ ഞങ്ങളവിടെയില്ല എന്നറിയുന്നതോടെ അയാൾ ബൈനോക്കുലറും തോക്കുമെടുത്ത് ഇറങ്ങും. മരുഭൂമിയിൽ എവിടെയാണെങ്കിലും അയാൾ ഞങ്ങളെ കണ്ടെത്തും. പിന്നത്തെ ഞങ്ങളുടെ വിധി ഭീകരരൂപിയുടേതു തന്നെ. അതിനവസരം കൊടുക്കരുത്. ഏതായാലും രക്ഷപ്പെടാൻ തീരുമാ നിച്ചു. ഇനി രക്ഷപ്പെട്ടേ ആകണം. പിന്നെയും ഞങ്ങൾ ഓട്ടം തുടങ്ങി. ഇപ്പോൾ ഞാനൊരു കാര്യം പറ യട്ടെ. നിങ്ങൾ സത്യമായും നിർഭാഗ്യത്തിന്റെ നടുവിലാണെങ്കിൽ പിന്നെ നിങ്ങൾ ചെയ്യുന്നതെല്ലാം ഒന്നാന്തരം മണ്ടത്തരങ്ങളായിരിക്കും. ഇതെന്റെ അനുഭവമാണ്. സത്യത്തിൽ ഞങ്ങൾ ബുദ്ധിപൂർവ്വം ചിന്തിച്ചിരുന്നെങ്കിൽ അന്നേരം സ്വാഭാവികമായും ഓടേണ്ടത് വണ്ടിപോയ അതേ ദിശയിലേ ക്കാണ്. പക്ഷേ, അന്നേരത്തെ വെപ്രാളത്തിൽ ഞങ്ങളോടിയത് എതിർദിശ യിലേക്കാണ്. ഭീതിയും വെപ്രാളവും നമ്മുടെ ബുദ്ധിയെ മുക്കാലും കെടുത്തിക്കളയുന്നു എന്നതിന് മകുടോദാഹരണമായിരുന്നു ആ മണ്ടത്തരം. പിന്നെ ഇതൊക്കെ എൻ്റെ ജീവിതത്തിൽ സംഭവിക്കേണ്ടതായിരുന്നു. ആ നിയോഗത്തിലേക്കു ഞാൻ സ്വയം ഓടിച്ചെന്നുകയറി എന്നുമാത്രമേ ഇപ്പോൾ ആശ്വസിക്കാൻ കഴിയൂ. വഴിയുടെ അരികുപിടിച്ച് ഞങ്ങൾ ആവുന്നത്ര വേഗത്തിൽ ഓട്ടം തുടങ്ങി. അർബാബിനു വണ്ടിയുണ്ട്. ഞങ്ങൾ കാലോട്ടക്കാരും. ഞങ്ങൾ ഒരു മണിക്കൂർകൊണ്ട് ഓടുന്ന ദൂരം അർബാബിന് അഞ്ചുമിനിറ്റുകൊണ്ട് എത്താം. അതുകൊണ്ട് ഒരുരാത്രികൊണ്ട് കഴിയാവുന്നത ദൂരെ എത്തുക. സുരക്ഷിതമായ ഒരു ഒളിത്താവളം കണ്ടെത്തുക. അങ്ങനെ ഓടുമ്പോൾ ഞങ്ങൾക്കൊരു കാര്യം മനസ്സിലായി. ഈ മസറഭൂമിയിൽ ഞങ്ങൾ തനി ച്ചായിരുന്നില്ല. ഏറെ ദൂരെ മാറി വേറെയും മസറഭൂമികൾ ഉണ്ട്. ഞങ്ങളെ പ്പോലെ നിർഭാഗ്യവാന്മാർ അവിടെയും ആടുകൾക്കു കാവൽ കിടപ്പുണ്ട്. വഴിയരികിൽ ഞങ്ങൾ അങ്ങനെ ഒന്നുരണ്ട് മസറകൾ കണ്ടു. അതൊരു വലിയ അപകടമായിരുന്നു. കാരണം എല്ലാ മസറയിലെയും അർബാബുമാ രുടെ മകളുടെ കല്യാണം ഇന്നല്ലല്ലോ. അവരവിടെ കാണും. ഞങ്ങളെക്ക ണ്ടാൽ ഏതു പൊട്ടക്കണ്ണൻ അർബാബിനും മനസ്സിലാവും ഞങ്ങൾ ഓടി പ്പോന്നവരാണെന്ന്. അങ്ങനെയാണല്ലോ ഞങ്ങളുടെ രൂപവും പടുതിയും. അതുകൊണ്ട് ഞങ്ങൾ വഴിവിട്ട് കൂടുതൽ ദൂരെ മാറിയാണ് ഓടിക്കൊണ്ടി രുന്നത്. അങ്ങനെ ഓടുമ്പോൾ മറ്റൊരു പ്രശ്‌നം. നല്ല നിലാവുണ്ട്. തീർത്തും നിരപ്പായ പ്രദേശത്തുകൂടി ഓടിയാൽ എത്ര ദൂരെനിന്നും ആർക്കും ഞങ്ങ ളെകാണാം. മൂന്നു വിരൂപജീവികൾ മരുഭൂമിയിലെ ജിന്നുകളാണെന്ന് ആരെങ്കിലും വിചാരിക്കണമെങ്കിൽ അവനത പേടിത്തൂറി ആയിരിക്കണം. അതുകൊണ്ട് കഴിയാവുന്നത്ര മറവുപറ്റാൻ പാകത്തിൽ കുന്നുകളുടെയും മൺകൂനകളുടെയും അരികുചേർന്നാണ് ഞങ്ങൾ ഓടിക്കൊണ്ടിരുന്നത്. അതു ഞങ്ങളെ ഒരു വലിയ അപകടത്തിലേക്കാണ് കൊണ്ടുചെന്നെത്തിച്ചത്.   165   ആടുജീവിതം ഞങ്ങളുടെ കൺമുന്നിൽ അപ്പോൾ ഭേദപ്പെട്ടൊരു കുന്നായിരുന്നു. ഞങ്ങളാ കുന്നുകയറി താഴേക്ക് ഓടിയിറങ്ങിച്ചെന്നത് മറ്റൊരു മസറയുടെ മുന്നിലേക്കാണ്. ഞങ്ങൾക്ക് ഒളിക്കാൻ സമയം കിട്ടിയില്ല. അതിനു മുൻപ് അവിടെ ആരോ ഞങ്ങളെ കണ്ടു. എന്നുമാത്രമല്ല ആ ഓട്ടത്തിനിടെ നിലത്ത് ഉറങ്ങിക്കിടന്ന ഒരുത്തൻ്റെ ദേഹത്ത് ഹക്കീം ചവിട്ടുകയും ചെയ്തു. അവൻ ചാടിപ്പിടഞ്ഞണീറ്റു നോക്കുമ്പോൾ അവന്റെ മുന്നിലൂടെ രണ്ടുമൂന്നു ഭീകര ജീവികൾ ഓടിപ്പോകുന്നു. അവൻ കള്ളൻ... കള്ളൻ എന്നു നിലവിളിക്കാൻ തുടങ്ങി. അവനവിടെ ഏകാംഗപ്പട്ടാളം ആയിരുന്നില്ല. അവന്റെ നിലവിളി കേട്ട് അവിടവിടെ മറ്റു മസറജീവികളും എഴുന്നേറ്റു. അവന്മാർ ഞങ്ങളെ ഓടിച്ചിട്ടു പിടിക്കാൻ നോക്കി. ഞങ്ങൾ കുതറിയോടി. അപ്പോഴേക്കും അവ രുടെ അർബാബ് എഴുന്നേറ്റിരിക്കണം. അറബിയിൽ എന്തൊക്കെയോ അലറ ലുകൾ ഞങ്ങൾ കേട്ടു. ഞങ്ങൾ കുതിച്ചോടി. പെട്ടെന്ന് എന്നെ ആരോ പിന്നിൽനിന്ന് ഒരുന്ത്. ഞാൻ നിലത്തേക്കു കമിഴ്നടിച്ചുവീണു. അടുത്ത നിമിഷം ഞങ്ങൾക്കു പിന്നിൽ ഒരു വെടിപൊട്ടി. ഞാൻ അന്നേരം താഴെ വീണില്ലായിരുന്നെങ്കിൽ അതെന്റെ പുറംതുളച്ചുകൊണ്ട് അപ്പുറത്തെത്തി യേനെ. എഴുന്നേല്ക്കരുത്. നിലത്തു പറ്റിക്കിടന്നുകൊണ്ടു ഇബ്രാഹിം പറഞ്ഞു. അവർ നോക്കുമ്പോൾ മുന്നിലോടിയിരുന്ന മൂന്നുപേരെ പെട്ടെന്നു കാണാനില്ല. അവർ അന്തിച്ചു നിന്നെന്നു തോന്നുന്നു. ഞങ്ങൾ ശരിക്കും ജിന്നുകൾ ആയിരുന്നിരിക്കാം എന്ന് അവർ വിചാരിച്ചിരിക്കണം. ഞങ്ങൾ മൂന്നു പേരും പതിയെ ഇഴയാൻ തുടങ്ങി. ആശങ്കയോടെ കുറച്ചുകൂടി പിന്തുടർന്നു വന്നിട്ട് നാലുവശത്തേക്കും ചുമ്മാ ഓരോ റൗണ്ട് വെടികൂടി വച്ചിട്ട് അവർ മടങ്ങിപ്പോയി. ഞങ്ങൾ ഇഴഞ്ഞ് ഒരു മൺകൂനയ്ക്കു പിന്നിൽ ഒളിച്ചു. അവർ പോയിക്കഴിഞ്ഞു എന്നു പൂർണ്ണമായും ഉറപ്പുവന്നതിനുശേഷമാണ് പിന്നെ ഞങ്ങൾ എഴുന്നേറ്റ് ഓട്ടം തുടങ്ങിയത്. ആ ഓട്ടത്തിനിടയ്ക്ക് അന്നേരം എന്നെ നിലത്തേക്കു തള്ളിയിടാൻ തോന്നിയ ഇബ്രാഹിമിന്റെ മനസ്സിനും ബുദ്ധിക്കും ഞാൻ നന്ദി പറഞ്ഞു. അവൻ അതിശയപ്പെട്ടു. ഞാനോ..?! ഞാൻ നിന്നെ കൈതൊടാവുന്ന അകല ത്തിലായിരുന്നില്ല. തന്നെയുമല്ല, അപ്പോഴൊരു വെടി ഞാൻ പ്രതീക്ഷിച്ചതു മില്ല. എങ്കിൽ ഹക്കീമായിരിക്കണം. അവൻ പറഞ്ഞു അല്ല, ഞാനല്ല. ഞാനെ ങ്ങനെ വീണു എന്നാണ് ഞാനാലോചിച്ചുകൊണ്ടിരിക്കുന്നത്. പിന്നെ ആര്..? ഞങ്ങൾ പരസ്‌പരം സംശയത്തോടെ നോക്കി. അപ്പോൾ മാത്രമാണ് ആ ഓട്ടത്തിനിടയിലെ ആ നാലാമന്റെ അദൃശ്യസാന്നിദ്ധ്യം ഞങ്ങൾക്കു ബോധ്യ പ്പെടുന്നത്. നന്ദികൊണ്ട് എൻ്റെ കണ്ണുകൾ നിറഞ്ഞൊഴുകാൻ തുടങ്ങി. 166     മുപ്പത്തിരണ്ട് മലയും മണ്ണും കുന്നും കുഴിയും ചാടിക്കടന്ന് തട്ടിയും തടഞ്ഞും വീണും omഎഴുന്നേറ്റും വെടികൊണ്ട പന്നിയെപ്പോലെ പ്രാണൻതല്ലിയുള്ള ആ ഓട്ടം അവസാനിപ്പിച്ചത് ഏതാണ്ട് നേരം പുലരാറായപ്പോഴാണ്. രാത്രിയിലെ പ്പോഴോ നിലാവ് ഇരുട്ടിന്റെ ഗുഹകളിലേക്കു വറ്റിപ്പോയിരുന്നു. എന്നിട്ടും ആ വന്യഭൂമിയിലൂടെ ഞങ്ങൾ ഭ്രാന്തമായി ഓടിക്കൊണ്ടിരുന്നു. മതി. എനി ക്കിനി വയ്യ. ഹക്കീമാണ് ആദ്യം നിന്നത്. ഇനി കുറച്ചിരുന്നിട്ട് ഓടാം. അവൻ നിലത്തേക്കു കിതച്ചുവീണു. ഉടനെയൊന്നും പിടിക്കപ്പെടാത്ത അകലത്തിൽ എത്തിപ്പെട്ടിരിക്കുന്നു എന്ന് ഞങ്ങൾക്കുറപ്പായിക്കഴിഞ്ഞിരുന്നു. ആ ഉറപ്പിന്മേൽ ഞാനും അവ നൊപ്പം ഇരുന്നു. ഇരിക്കുകയായിരുന്നില്ല. ശരിക്കും ഒടിഞ്ഞുവീഴുകയായി രുന്നു. കാലുകഴച്ച് പുളച്ചുകയറുന്നുണ്ടായിരുന്നു. ഉലകം ചുറ്റിവന്ന നായയെ പ്പോലെ കിതപ്പും. നാവെടുത്ത് ഒരു വാക്കെങ്കിലും മിണ്ടാനാവാത്തവിധം അണ്ണാക്ക് വറ്റിപ്പോയിരുന്നു. നെഞ്ചിൻകൂട് പൊളിച്ചുകൊണ്ട് ഇപ്പോൾ പുറ ത്തുവരും എന്ന മട്ടിൽ ചങ്ക് അതച്ചത്തിൽ മിടിക്കുന്നു. കണ്ണുകളിൽ ശരിക്കും ഇരുട്ട് കയറുന്നതുപോലെ. അല്പനേരം ഇരുന്നപ്പോൾ കിടക്കണ മെന്നു തോന്നി. പാമ്പുണ്ടാകുമെന്നോ പഴുതാരയുണ്ടാകുമെന്നോ ഒന്നും ആലോചിച്ചില്ല. കിടക്കുക. തളർച്ചയാറ്റുക. അത്രമാത്രം. അവിടെത്തന്നെ കൈവിരിച്ചു കിടന്നു. എന്നാൽ ഇബ്രാഹിമിന് ആ ഓട്ടം ഒരു തരിമ്പു ക്ഷീണംപോലും വരുത്തി യിട്ടില്ലെന്ന് അവന്റെ ഭാവം തെളിയിച്ചു. അവനും ഞങ്ങൾക്കൊപ്പം വന്നിരുന്നു. ചെറിയൊരധ്വാനം കഴിഞ്ഞ് കാറ്റുകൊള്ളാനിരിക്കുന്നപോലെ. അവന്റെ വലിയ കരുത്തിനുമുന്നിൽ ഞങ്ങൾ രണ്ടു നായ്ക്കളെപ്പോലെ ചുരുണ്ടുകൂ ടിക്കിടന്നു... പിറ്റേന്ന് പ്രഭാതത്തിലേക്ക് സൂര്യൻ ഉദിച്ചു. സ്വാതന്ത്യത്തിൻ്റെ പുതിയ ഒരു സൂര്യൻ. പുതിയൊരു ജീവിതത്തിലേക്ക് ഉദിച്ചുവന്ന സൂര്യൻ. ഇബ്രാഹിമിന്റെ വിളി കേട്ടാണ് ഞാൻ കണ്ണുതിരുമ്മി എഴുന്നേ ന്നത്. ഞങ്ങളെപ്പോഴോ ശരിക്കും ഉറക്കത്തിൻ്റെ നീർക്കയങ്ങളിലേക്കു വീണു പോയിരുന്നു. ഒരു നിമിഷം ഞാൻ മസറയിലാണെന്നു വിചാരിച്ചുപോയി.   167   ആടുജീവിതം വിളിച്ചത് അർബാബാണെന്നു ശങ്കിച്ചുപോയി. പക്ഷേ കണ്ണുമിഴിച്ചുനോക്കു മ്പോൾ എന്റെ മുന്നിൽ മസറയില്ല, ആടുകൾ ഇല്ല, ഒട്ടകങ്ങളില്ല. അർബാ ബില്ല. കൂടാരമില്ല. ഹക്കീം അടുത്ത് ചുരുണ്ടുകൂടിക്കിടപ്പുണ്ട്. പെട്ടെന്നാണ് സ്ഥലബോധമുണ്ടാകുന്നത്. പിടഞ്ഞെണീറ്റ ഞാൻ ഹക്കീമിനെ തട്ടിവിളിച്ചു. ഹക്കീമേ നീയിതു കണ്ടോ നമ്മളെവിടെയാണെന്ന്. നരകത്തിൻ്റെയും യാതനയുടെയും ദിവസങ്ങൾ കഴിഞ്ഞെടാ... ഇനി നമ്മൾ എന്നെന്നേക്കും സ്വതന്ത്രർ. അള്ളാഹുവേ നന്ദി. സർവ്വ ചരാചരങ്ങളുടെയും ഉടയവനേ നിന്റെ കാരുണ്യം വലുത്. നിന്റെ സ്നേഹം അളവില്ലാത്തത്. ഞാൻ ആകാശ ത്തേക്കു നോക്കി കരഞ്ഞു. ഞാൻ പിന്നെയും ഹക്കീമിനെ കുലുക്കി വിളിച്ചു. അവൻ എന്റെ കൈ തട്ടിമാറ്റി തിരിഞ്ഞുകിടന്നു. ഒരുപക്ഷേ ഏറെക്കാല ത്തിനുശേഷമാവാം അവൻ അങ്ങനെയൊരു സ്വാതന്ത്ര്യം ആസ്വദിക്കുന്നത്. ഉറക്കം തീരുവോളം കിടക്കുക എന്ന സ്വാതന്ത്ര്യം. ഞാനവനെ അവന്റെ ഉറക്കത്തിനു വിട്ടുകൊടുത്തു. ഞാൻ മൂരി നിവർത്തിക്കൊണ്ട് ചുറ്റും നോക്കി. ചുറ്റോടുചുറ്റും ചെറുകുന്നുകളും മൺകൂനകളുമുള്ള ഒരു വെളിമ്പ്രദേശ മായിരുന്നു അത്. അതുകൊണ്ട് അത്ര അകലത്തേക്ക് ഒന്നും കണ്ടുകൂടാ. ഞാൻ ഇബ്രാഹിം ഖാദരിയെ അന്വേഷിച്ചു. അയാൾ കുറച്ചപ്പുറത്തുള്ള ഒരു മൺകൂനയുടെ മുകളിൽ കയറി ദൂരേക്കു നോക്കി നിലക്കുകയായി രുന്നു. ഇബ്രാഹിം, എന്താ അവിടെ നിന്നാ വഴിവല്ലതും കാണുമോ..? ഞാൻ വിളിച്ചു ചോദിച്ചു. മറുപടി ഒന്നും പറയാതെ അയാൾ എന്നെ അങ്ങോട്ട് കയ്യാട്ടി വിളിച്ചു. എന്തതിശയമാണ് അവിടെ കാണാനുള്ളത് എന്ന് ആകാംക്ഷയോടെ ഞാൻ ആ മൺകൂനയുടെ മുകളിലേക്കു കയറിച്ചെന്നു. ആ കാഴ്‌ച കണ്ട് ഞാൻ ശരിക്കും അന്ധാളിച്ചുപോയി! മരുഭൂമി! ശരിക്കും മരുഭൂമി! മുന്നിലും പിന്നിലും ഇടത്തും വലത്തും കണ്ണെത്താദൂരത്തോളം അനന്തമായ മണൽപ്പരപ്പ്. ചക്രവാളം മുതൽ ചക്രവാളം വരെ തിരയിളകി ക്കിടക്കുന്ന ഒരു മണൽക്കടൽ! ഇടയ്ക്ക് കാഴ്ചയെ തടസ്സപ്പെടുത്തുവാൻ ഒന്നുമില്ല. ഒരു മരം. ഒരു ചെടി. ഒരു കുന്ന്. ഒന്നുമില്ല, ഒന്നും. അപ്പോൾ മാത്രമാണ് എത്തിപ്പെട്ടിരിക്കുന്ന ഇടത്തെപ്പറ്റി ഒരു സാമാന്യ ബോധം എനിക്കുണ്ടാവുന്നത്. രാതിയിലെ ഓട്ടത്തിനിടയിൽ കാലുകൾക്ക് കട്ടിമണ്ണിന്റെ സ്പ‌ർശം നഷ്ടമാവുന്നുതും പാദങ്ങൾ പൂഴിയിൽ കുഴയുന്നതും ശ്രദ്ധിച്ചില്ല. ഒരു തണുത്ത ഭീതി എന്റെ മനസ്സിലേക്കു പെരുമ്പാമ്പിനെപ്പോലെ ഇഴഞ്ഞെത്തി. ഞാൻ ഇബ്രാഹിം ഖാദരിയുടെ മുഖത്തേക്കു നോക്കി. അവന്റെ മുഖത്തും ആശങ്ക സ്പഷ്ടമായിരുന്നു. ഹക്കീമിനു മാത്രം ആ ഭീകരതി ഇനിയും മനസ്സിലായിട്ടില്ല. അവൻ അപ്പോഴും നല്ല ഉറക്കത്തിലായിരുന്നു. ഞാനും ഇബ്രാഹിമും മുഖത്തോടു മുഖം നോക്കി. അള്ളാ എവിടെയാണ് ഞങ്ങൾ എത്തിപ്പെട്ടിരിക്കുന്നത്..? എവിടുന്നാണ് ഞങ്ങൾ വന്നത്..? എങ്ങോട്ടാണ് ഇനി പോകേണ്ടത്..? എവിടെയാണ് ഞങ്ങൾ തേടിപ്പുറപ്പെട്ട 168     ബെന്യാമിൻ ലോകം..? കിഴക്കോ പടിഞ്ഞാറോ തെക്കോ വടക്കോ..? എങ്ങോട്ടു നടന്നാ ലാണ് ലക്ഷ്യത്തിലെത്തുക..? ആർക്കറിയാം. ചുറ്റും മണൽ മാത്രം. മണൽ ക്കുനകൾ മാത്രം. മറ്റൊരവസരത്തിലായിരുന്നെങ്കിൽ ഒരു സങ്കല്‌പ ചിത്ര ത്തിലെന്നവണ്ണമുള്ള ആ മണൽക്കാടിന്റെ വിശാലത എന്നെ കാല്പനിക മായി കൊതിപ്പിച്ചേനെ. പക്ഷേ, അന്നേരം ആ കടൽ എന്നെ ശരിക്കും പേടിപ്പിക്കുകയാണ്ചെയ്തത്. ഒരു ചെറുവള്ളമോ ബോട്ടോ പോരാ. ശരിക്കും ഒരു വലിയ കപ്പൽതന്നെ വേണം ഇതു മുറിച്ചു കടക്കാൻ. അങ്ങനെയെ ങ്കിൽ പടച്ചോനേ ഞങ്ങളെങ്ങനെ വെറുംകൈയ്യോടെ ഈ കടൽ നീന്തിക്ക ടക്കും..? ഒരു തുള്ളിവെള്ളമില്ലാതെ, ഒരു തരി ആഹാരമില്ലാതെ എത്ര സമയ യംകൊണ്ട്..? നേരം ഇത്തിരികൂടി പുലർന്നാൽ സൂര്യൻ അതിന്റെ ചൂടു മുഴുവൻ ഇവിടേക്ക് ഊതാൻ തുടങ്ങും. അതിനു മുൻപ് ഞങ്ങളെക്കൊണ്ട് അതിനു സാധിക്കുമോ...? പടച്ചോനേ, നീയേ തുണ. നിന്നിലുള്ള അനന്ത മായ വിശ്വാസം ഞങ്ങളെ രക്ഷിക്കട്ടെ. ഇബ്രാഹിം, നീ ഓർക്കുന്നോ നമ്മൾ പടിഞ്ഞാറു ദിശയിലേക്കാണ് രാത്രി ഓടിയത്. ഇനിയും അങ്ങോട്ടുതന്നെ പോകുക. നമ്മൾ ഒരു പൊതുവഴിയി ലെത്താതിരിക്കില്ല. ഞാൻ പറഞ്ഞു. അവൻ മറുപടി ഒന്നും പറയാതെ ആശങ്കാകുലനായി കുറേ അങ്ങോട്ടും ഇങ്ങോട്ടും നടന്നു. ഏറെ നേരത്തെ ആലോചനയ്ക്കൊടുവിൽ അവനാണ് തീരുമാനിച്ചത്. നഗരം കിഴക്കാണ്. നമ്മൾ അതു ലക്ഷ്യംവച്ചു നടക്കുന്നു. ഞങ്ങൾ ഹക്കീമിനെ തട്ടിവിളിച്ചുണർത്തി. അവനും പൊടിതട്ടി എഴു ന്നേറ്റു. അന്നേരം ഞാൻ ശ്രദ്ധിച്ച ഒരു കാര്യമുണ്ട്. ഹക്കീമിന് ഒരു വല്ലാത്ത മുശടു വാട. ഞാനാദ്യമായി മസറയിൽ എത്തിയപ്പോൾ അനുഭവിച്ച അതേ വാട. ഇത്രകാലം അതെന്റെ മൂക്കിന് അപ്രാപ്യമായിരുന്നു. പക്ഷേ, മസറ വിട്ടു പുറത്തുവന്നപ്പോൾ അതെനിക്കു തിരിച്ചറിയാനായി. സത്യത്തിൽ എനിക്കും ഉണ്ടായിരുന്നു അതേ വാട. എന്നാലതു സ്വയം മണത്തുതുടങ്ങാൻ പിന്നെയും ദിവസങ്ങൾ എടുത്തു. ഞങ്ങൾ നടന്നുതുടങ്ങി. ശരിക്കും സന്തോഷംകൊണ്ട് തുള്ളിച്ചാടേണ്ട നിമിഷങ്ങൾ, മസറയിൽനിന്നും രക്ഷപ്പെടുക എന്ന മോഹം അവസാനം സഫലമായിരിക്കുന്നു. അർബാബിപ്പോൾ മടങ്ങി വന്ന് ഞങ്ങളെ അന്വേ ഷിക്കുകയാവാം. ഞങ്ങൾ മൂന്നുപേരും ഒറ്റയടിക്കു രക്ഷപ്പെട്ടിരിക്കുന്നു എന്ന അറിവ് അർബാബിനെ ഭ്രാന്തുപിടിപ്പിക്കും തീർച്ച. വണ്ടിയെടുത്ത് എങ്ങോട്ടാവും അയാൾ പുറപ്പെട്ടിരിക്കുക. എന്തായാലും അർബാബേ നിങ്ങ ളന്വേഷിക്കുന്ന വഴിയിലെങ്ങും ഞങ്ങളില്ല. നിങ്ങൾക്കു കയ്യത്തിപ്പിടിക്കാ വുന്നതിൽ നിന്നും ഏറെ ദൂരയായിക്കഴിഞ്ഞിരിക്കുന്നു ഞങ്ങൾ. പക്ഷേ, ശരിക്കും രക്ഷപ്പെട്ടു എന്ന് ഇനിയും പറയാറായോ. ഈ മരുഭൂമി കടക്കണം, എവിടെയെങ്കിലും ഹൈവേ കണ്ടുമുട്ടണം. വല്ല വണ്ടിക്കാരും ഞങ്ങളോട് കരുണകാട്ടി ഞങ്ങളെ നഗരത്തിലെത്തിക്കണം. അതുവരെ രക്ഷപ്പെട്ടു എന്നു   169   ആടുജീവിതം പറയാനാവില്ല. അതിനിടെ വല്ല അറബികളുടെയും കണ്ണിൽപ്പെട്ടുപോയാൽ പിന്നെ തീർന്നു. ഞങ്ങൾ മസറവിട്ട് ഓടുന്നവരാണെന്നു വേഷവും രൂപവും കണ്ടാൽ ഒറ്റനോട്ടത്തിൽ ആർക്കും മനസ്സിലാക്കാവുന്നതേയുള്ളൂ. ആഹ്ലാദ്യ ത്തേക്കാളേറെ ആശങ്കകളായിരുന്നു മനസ്സുനിറയെ. എന്നിട്ടും പ്രതീക്ഷയിൽ വിങ്ങി ഞങ്ങൾ നടന്നുതുടങ്ങി. തലേന്നത്തെ രാത്രിയിലെ ക്ഷീണവും കിതപ്പുമൊക്കെ മാറി ഞങ്ങൾ കൂടുതൽ ഊർജ്ജസ്വലരായിക്കഴിഞ്ഞിരുന്നു. ഞങ്ങൾ ഇപ്പോൾ ആരുടെയും അടിമകളല്ല, സ്വതന്ത്രരാണ് എന്ന വിശ്വാസം ഞങ്ങൾക്കു കൂടുതൽ ഉന്മേഷം പകർന്നു നല്കി. ഞങ്ങൾ യാത്ര തുടർന്നു. എന്നാൽ ഒരു വലിയ മണൽയാത്രയിലേക്കാണ് ഞങ്ങൾ ചുവടുവയ്ക്കുന്ന തെന്ന് അന്നേരം ഞാൻ ഊഹിച്ചതേയില്ല..!! Indian Terminal.c 170     മുപ്പത്തിമൂന്ന് നടപ്പ്. തലേന്നത്തെ മരുഭൂമിയുടെ ആധികളൊന്നുമില്ലാതെ ചൂടിനൊന്നും ഞങ്ങളെ നല്ല ഉന്മേഷത്തിലാണ് തൊടാൻ ഞങ്ങളുടെ om കഴിഞ്ഞിട്ടില്ല. എത്രയോ നാളുകളായി ഞങ്ങൾ ഇതു നിത്യവും അനുഭവിക്കുന്നു. ഈ ചൂടും ഈ ദാഹവും ഞങ്ങൾക്കു സാധാരണമാണ്. വർഷങ്ങളോളം മസറയിൽ കഴിഞ്ഞ ഒരുവനെ തോലിക്കാൻ മരുഭൂമിക്ക് അത്രവേഗമൊന്നും സാധ്യ മല്ല. മണിസൗധങ്ങളിൽ വസിച്ച് വല്ലപ്പോഴും വിനോദത്തിനുവേണ്ടിയും കൗതുകത്തിനുവേണ്ടിയും മാത്രം മരുഭൂമിയിലേക്ക് ഇറങ്ങുന്നവരാണ് അതിൻ്റെ ചൂടിൽ തളർന്നു ക്ഷീണിച്ചു പോകുന്നത്. മരുഭൂമി അതിനു ശ്രമം തുടങ്ങുമ്പോഴേക്കും ഞങ്ങൾ എത്തേണ്ടിടത്ത് എത്തിയിരിക്കും. ഞങ്ങൾ ക്കൊപ്പം അള്ളാഹുവുണ്ട്. അപ്പോഴത്തെ ആ വിശ്വാസവും തൻ്റേടവുമായി രുന്നു ആ കറ തീർന്ന മരുഭൂമിയിലൂടെ ഞങ്ങളെ നടത്തിയത്. മരുഭൂമിയിലെ ഓരോന്നും കണ്ടും ആസ്വദിച്ചും അറിഞ്ഞുമാണ് ഞങ്ങൾ നടന്നത്. ശരിക്കും ഒരു ഉത്സവത്തിനുപോകുന്ന പ്രതീതി. അത്രയുമേ ആ നടപ്പിന് ഞങ്ങൾക്കു തോന്നിയുള്ളൂ. ഏറ്റവും ഉത്സാഹത്തിൽ ഹക്കീമായി രുന്നു. ഓരോന്നും എന്താണെന്നും എന്തുകൊണ്ടാണെന്നും എങ്ങനെയാ ണെന്നും അവന് അറിയണമായിരുന്നു. ഒരു കൊച്ചുകുട്ടിയുടെ നിഷ്കളങ്കത യോടെ അവൻ അതൊക്കെ ഇബാഹിമിനോടു ചോദിച്ചുകൊണ്ടിരുന്നു. എല്ലാം അതിന്റെ ലാളിത്യത്തിൽ ഇബാഹിം വിവരിച്ചുകൊടുക്കുകയും ചെയ്തു. മരുഭൂമിയെപ്പറ്റിയുള്ള അവൻ്റെ അറിവ് അപാരമായിരുന്നു. അങ്ങനെ നടന്നു നടന്ന് ഒരിടത്ത് എത്തിയപ്പോൾ ഞങ്ങൾ ശരിക്കും അതിശയപ്പെട്ടുപോയി. നിരന്തരമായ മണൽക്കാറ്റിലൂടെ മണ്ണുപറ്റിപ്പറ്റി ഫോസിലായിപ്പോയ ഒരു വന ഭൂമിയുടെ താഴ്വാരമായിരുന്നു അത്! സങ്കല് പതതിൽപ്പോലും കണ്ടിട്ടും കേട്ടി ട്ടുമില്ലാത്ത ഒരിടം. മരങ്ങളുടെ രൂപത്തിൽ ആ താഴ്വാരം നിറയെ നിരവധി മണൽപ്പുറ്റുകൾ ഹക്കീം കൗതുകത്തോടെ ആ താഴ്വാരത്തിലേക്ക് ഇറ ങ്ങിച്ചെന്ന് അതിലൊന്നിൽ തൊട്ടുനോക്കി. അതിൽനിന്നും മണ്ണ് അടർന്നു വീഴാൻ തുടങ്ങി. എത്ര നൂറ്റാണ്ടിലെ മണൽക്കാറ്റാവാം ഈ വനഭൂമിയിലെ വൃക്ഷലതാദികളെ ഇങ്ങനെ മണൽപ്പുറ്റുകളാക്കി തീർത്തിരിക്കുക എന്നു ഞാൻ അതിശയപ്പെട്ടുപോയി. ഈ മരുഭൂമിയത്രയും നിബിഡവനമായിരുന്ന ഒരു കാലത്തെപ്പറ്റിയും അതിനെ പതിയെ പൊടിക്കാറ്റ് തിന്നുതീർത്തതിനെ 171     ആടുജീവിതം പ്പറ്റിയും ഞാൻ പേടിയോടെ ഓർത്തു. അധികം നേരം ഇവിടെ നില്ക്കണ്ട. ഇതു വല്ലാത്ത അപകടം പിടിച്ച ഒരിടമാവാൻ ഇടയുണ്ട്. പ്രതീക്ഷിച്ചിരി ക്കാതെയാവും ഇവിടെ പൊടിക്കാറ്റ് അടിക്കുക. പിന്നെ രക്ഷപ്പെട്ടെന്നേ വരില്ല. ഇബ്രാഹിം പറഞ്ഞു. പിന്നെ ഞങ്ങൾ ഒരു പത്തു ചുവടു നടന്നില്ല. പെട്ടെന്നു കൺമുന്നിൽ എന്തോ ഒരു ചലനം പ്രത്യക്ഷപ്പെട്ടു. വെള്ളം കാട്ടിക്കൊതിപ്പിക്കുന്ന മരീചി കയാണെന്നാണ് ആദ്യം വിചാരിച്ചത്. പിന്നെന്തോ ഒരു സീൽക്കാരശബ്ദം കേട്ടു. ഇബ്രാഹിം പറഞ്ഞതുപോലെ മണൽക്കാറ്റാണോ എന്നു സംശയിച്ചു. കണ്ണുവിരിച്ചു നോക്കിയപ്പോൾ കാറ്റത്തു തലയാട്ടി നില്ക്കുന്ന പൂന്തോട്ടം പോലെ എന്തോ ഒന്ന് കൺമുന്നിൽ ആടിക്കളിക്കുന്നു. തന്നെയുമല്ല അതു പതിയെ മുന്നോട്ടു നീങ്ങുകയുമാണ്. ഇബ്രാഹിം ഭീതികൊണ്ടു ഞരങ്ങി. പാമ്പുകൾ! അപ്പോഴാണ് ശരിക്കും കാണുന്നത്. തലയാട്ടി തലയാട്ടി മുന്നോട്ടു നീങ്ങിനീങ്ങിവരുന്ന ഒരുകൂട്ടം പാമ്പുകളാണത്. ഒന്നും രണ്ടുമല്ല, ഒരുപക്ഷേ അഞ്ഞൂറോ ആയിരമോ പാമ്പുകൾ ഒന്നിച്ച്. ഞാനൊരിക്കലും കാണുകയോ സങ്കല്പിക്കുകയോ ചെയ്യാത്ത മറ്റൊരു കാഴ്ച! ഒരു വലിയ സൈന്യത്തിന്റെ പടപ്പുറപ്പാടുപോലെ മരുഭൂമിയിലെ പൊടി ഇളക്കിമറിച്ചാണ് അവയുടെ വരവ്. മുന്നിൽ സൈന്യാധിപനെപ്പോലെ ഒരു നെടുവിരിയൻ തല ഉയർത്തിപ്പിടിച്ച്. പിന്നാലെ മറ്റനേകം ഭടന്മാർ! മണലിൽ തലപൂഴ്ത്തി അനങ്ങാതെ കിട ന്നോളൂ. മറ്റൊന്നും ചെയ്യാൻ നമുക്കില്ല. ഇബ്രാഹിം പറഞ്ഞു. ഞങ്ങൾ ഒട്ടക പ്പക്ഷികളെപ്പോലെ മണലിൽ തലതാഴ്ത്തിവച്ച് അനങ്ങാതെ കിടന്നു. അല്പം കഴിഞ്ഞപ്പോൾ സീൽക്കാരം പതിയെപ്പതിയെ ഞങ്ങളെ സമീപിച്ചു. പേടികൊണ്ട് എൻ്റെ ശരീരം ശരിക്കും വിറയ്ക്കുന്നുണ്ടായിരുന്നു. ആ ആയിര ത്തിൽ ഏതെങ്കിലും ഒന്നിൻ്റെ പല്ല് എന്റെ ദേഹത്ത് എവിടെയെങ്കിലും ഒന്നു പൂളിയാൽ പിന്നെ പത്തുനിമിഷങ്ങൾ മതി എല്ലാം അവസാനിക്കാൻ. മനസ്സിൽ അത്യുച്ചത്തിൽ അള്ളാഹുവിനെ വിളിച്ചു കിടന്നു. അവ ഞങ്ങ ളുടെ മുകളിലൂടെ ഇഴഞ്ഞിഴഞ്ഞു മുന്നോട്ടുപോയി. ഓരോന്നു സ്‌ർശിക്കു മ്പോഴും ഒരു തീക്കൊള്ളികൊണ്ടു തൊടുന്നപോലെ എന്റെ ദേഹം പൊള്ളി. അവ എല്ലാം കടന്നുപോയി എന്ന് ഉറപ്പായപ്പോൾ ഞങ്ങൾ പതിയെ തല പൊന്തിച്ചുനോക്കി. ഞങ്ങളുടെ ശരീരത്തിലെ വിവസ്ത്രമായ ഇടങ്ങളിലെല്ലാം ചാട്ടകൊണ്ട് അടിച്ചതുപോലെ തിണർത്തു പൊന്തിയിരുന്നു. മരുഭൂമിയിൽ നിങ്ങൾ ആദ്യമായിട്ടാണെങ്കിൽ ഈ മരുഭൂമി ഒരു വെറും മരുഭൂമിയേയല്ലെന്നു നിങ്ങൾ വേഗം അതിശയപ്പെട്ടേക്കും. മരുഭൂമി ഒരു കാടാണ്. ജീവജാലങ്ങളുടെ വലിയ ഒരു ആവാസവ്യവസ്ഥ നിങ്ങൾക്കവിടെ കണ്ടെത്താൻ കഴിയും. പാമ്പുകൾ, പഴുതാരകൾ, പല്ലികൾ, ചിലന്തികൾ, പൂമ്പാറ്റകൾ, കഴുകന്മാർ, ചെന്നായ്ക്കൾ, മുയലുകൾ, കീരികൾ അങ്ങനെ എന്തെല്ലാം എന്തെല്ലാം. അവയ്ക്കെല്ലാം അവയുടെ സ്വന്തം വഴികൾ, സ്വന്തം പട്ടണങ്ങൾ, സ്വന്തം നിയമങ്ങൾ, സ്വന്തം രാജ്യങ്ങൾ. മനുഷ്യനും അവൻ്റെ നിയമങ്ങൾക്കും ജീവിതത്തിനും അവിടെ യാതൊരു പ്രസക്തിയുമില്ല. 172     ബെന്യാമിൻ മനുഷ്യന്റെ അതിരുകൾക്കും അവ വില കല്പിക്കുന്നില്ല. അവരാണ് ഈ മരുഭൂമിയുടെ അവകാശികൾ. അള്ളാഹു അവർക്കായി പതിച്ചുകൊടുത്തി താണ് ഈ ഭൂമി. അവരെ അവിടെ ജീവിക്കാൻവേണ്ടി ജനിപ്പിച്ചുവിട്ടിരിക്കുന്നു. ഞാനോ അവിടെ അനധികൃതമായി കടന്നുചെന്നവൻ. എൻ്റെ ശരീരത്തി നേറ്റ ചെറിയ തിണർപ്പുകൾ അവയുടെ ചെറിയ ശിക്ഷകൾ മാത്രം! പകൽ അത്ര പ്രശ്നമൊന്നുമില്ല. രാത്രിയാണ് ഏറെ സൂക്ഷിക്കേണ്ടത്. എവിടെയെങ്കിലും പൊത്തുകളിൽ ഒളിഞ്ഞിരിക്കുന്നവയെല്ലാം രാത്രി ഇര പിടിക്കാൻ പുറത്തിറങ്ങും. പാമ്പുകളാവട്ടെ ഉഗ്രവിഷമുള്ളവ. അതുതന്നെ അൻപതിൽപ്പരം തരമുണ്ട്. മരുഭൂമിയിലൂടെ നടക്കുമ്പോൾ പൊഴിഞ്ഞു കിടക്കുന്ന എത്ര പടങ്ങൾ ഞങ്ങൾ കണ്ടെന്നോ. ഓരോന്നും കയ്യിലെടുത്ത് ഇബ്രാഹിം അത് ഏതു പാമ്പിന്റേതെന്നു കൃത്യമായി പറയും. ആ പാമ്പ് കടിച്ചാൽ എത്ര സെക്കന്റുകൾക്കുള്ളിൽ മരിക്കുമെന്നും. എന്തിന് മരുഭൂമി യിലെ ഒരു ചിലന്തിയുടെയോ പഴുതാരയുടെയോ കടിയേറ്റാൽ മതി ചാവാൻ. മരുഭൂമിയിലും ആമകൾ ഉണ്ടെന്നു നിങ്ങൾക്കറിയാമോ..? കടലാമകളുടെ അത്രയും വലിപ്പമില്ലെങ്കിലും സാമാന്യം വലിപ്പമുള്ളവതന്നെ. ഏറെ ചൂടി ല്ലാത്ത നേരത്താണ് അവ പുറത്തിറങ്ങുക. നൂറുവയസ്സുവരെ ജീവിച്ചിരിക്കുന്ന ആമകളുടെ ശരീരത്തിന്റെ നാല്‌പതു ശതമാനവും വെള്ളമാണ്. നമ്മൾ മരു ഭൂമിയിലെ കപ്പലെന്നു വിളിക്കുന്ന ഒട്ടകങ്ങൾക്കുപോലും മൂന്നുദിവസം കൂടു മ്പോൾ വെള്ളം കുടിക്കേണ്ടിവരുന്നു. എന്നാൽ ആറുമാസത്തേക്കു വേണ്ട വെള്ളം ശേഖരിച്ചുവയ്ക്കാനുള്ള കഴിവാണ് ആമകളുടെ മരുഭൂമിയിലെ കരുത്ത്. ഞാൻ മരുഭൂമിയിൽ കാണാൻ ആഗ്രഹിച്ചതും കാണാൻ കഴിയാതെയ പോയതുമായ ഒരു ജീവി ഒട്ടകപ്പക്ഷിയാണ്. അതു മരുഭൂമിയിൽ തല പൂഴ്ത്തി നില്ക്കുന്ന കാഴ്ച എനിക്കിന്നും ഒരു സ്വപ്‌നം മാത്രമാണ്. ഇരുപത്തഞ്ചു കിലോമീറ്റർ വേഗത്തിൽ ഓടുന്ന ഒട്ടകത്തിന്റെ പള്ളയിൽ പറ്റിപ്പിടിച്ചിരുന്ന് അതിന്റെ വയറുമുഴുവൻ കാർന്നു തിന്നും, ഒരു അത്താഴ പ്പാത്രത്തിന്റെറെ അത്രയും വലുപ്പമുണ്ട് എന്നൊക്കെയാണ് ഞാൻ ഒട്ടകച്ചിലന്തി കളെക്കുറിച്ചു കേട്ടിട്ടുള്ളത്. കേട്ടിട്ടുള്ള കഥകളൊക്കെ വെറും അതിശയോ ക്തിയെന്നു കണ്ടപ്പോൾ മനസ്സിലായി. ഞങ്ങൾ മരുഭൂമിയിലൂടെ കാലുവലിച്ചു നടക്കുമ്പോൾ ഇബ്രാഹിമാണ് എനിക്കതിനെ കാട്ടിത്തന്നത്. ഇത്ര ചെറുതോ, വല്ല കുഞ്ഞുങ്ങളും ആയിരിക്കും എന്ന് കുഞ്ഞുദിനോസറുകളെ മനസ്സിൽ സങ്കല്പിച്ചു ഞാൻ അതിശയപ്പെട്ടു. ഇബ്രാഹിം ചിരിച്ചു. വെറുതേ പാവത്തിനെപ്പറ്റി ആരോ മെനഞ്ഞുണ്ടാക്കിയ കള്ളക്കഥകൾ. ഒട്ടകത്തിനെ പ്പോലെ കടുത്ത മരുഭൂമിയിലാണ് ഇതിന്റെയും ധീരത നിറഞ്ഞ ജീവിതം എന്നതൊഴിച്ചാൽ മറ്റെല്ലാം അതിശയോക്തികൾ മരുഭൂമിയിൽ ഞങ്ങൾ കണ്ട മറ്റൊരദ്ഭുതം പറക്കുന്ന ഓന്തുകളാണ്. ഉച്ചവെയിലിലൂടെ ഇങ്ങനെ നടക്കുമ്പോൾ പെട്ടെന്നു കൺമുന്നിലൂടെ എന്തോ   173   ആടുജീവിതം ഒരു സുവർണ്ണനിറം മിന്നിമായുന്നതു കാണാം. ജിന്നുകളെപ്പോലെയോ ഭൂത ങ്ങളെപ്പോലെയോ ആണ് അവ. എവിടേക്കാണെന്നറിയില്ല പെട്ടെന്ന് അവ അപ്രത്യക്ഷമാവും. ചൂടിറങ്ങി ജലം വറ്റി ക്ഷീണം തൂങ്ങിയ കണ്ണുകളുടെ മായക്കാഴ്ചകളാണോ വെളിച്ചത്തിന്റെ ആധിക്യംകൊണ്ടുള്ള പിരുപിരുപ്പു കളാണോ എന്നൊക്കെ സംശയമുണ്ടായിരുന്നു. പെട്ടെന്നു മണലിലെവിടെ യെങ്കിലും അവ പ്രത്യക്ഷമാവും. പേടിച്ചരണ്ടപോലെ കണ്ണുകൾ ഇടത്തോട്ടും വലത്തോട്ടും വെട്ടിച്ചു നമ്മെ മിഴിച്ചുനോക്കിക്കൊണ്ടിരിക്കും. ചിലപ്പോൾ ആ കാഴ്ച കുറേ ദൂരത്തേക്കു പറന്നു ചെല്ലുന്നതുകാണാം. ശരിക്കും പിന്നിൽ നിന്ന് ഒരാൾ കല്ലെടുത്തെറിഞ്ഞതാണെന്നാണ് തോന്നുക. പലവട്ടം ആ വിചാരത്തിൽ ഞാൻ തിരിഞ്ഞു നോക്കിയിട്ടുമുണ്ട്. മണൽമടക്കിൽ എവിടെ നിന്നെങ്കിലും ചാടിച്ചീറി ഒരു പറക്കലാണ്. അപ്പോഴൊന്നും അത് ഓന്തായി രിക്കുമെന്നു നിനച്ചില്ല. പിന്നെ എപ്പോഴോ ഒരു മണൽക്കുനയ്ക്കു മുകളിൽ കയറിയപ്പോൾ അതിൻ്റെ തലഭാഗത്ത് അവകൾ പറന്നുകളിക്കുകയാണ്. സുവർണ്ണ നിറങ്ങളുടെ ചാടിക്കളി. കണ്ടാൽ ഒരു മരച്ചില്ലയിൽ ചാടിക്കളി ക്കുന്ന അടയ്ക്കാകുരുവികളാണെന്നേ തോന്നൂ. ഒരു പത്തുനൂറെണ്ണം ആ മണൽത്തടാകത്തിൽ കിടന്നു ചാടി മദിക്കുകയാണ്. അവയ്ക്കു ചിറകുകൾ ഉണ്ടോ അതോ വെറും കാലുകൾകൊണ്ടാണോ പറക്കുന്നത് എന്നൊക്കെ അറിയാൻ പിടിച്ചു നോക്കണമെന്നുണ്ടായിരുന്നു. പക്ഷേ പിടിക്കാൻ പോയിട്ട് അടുത്തൊന്നു കാണാൻപോലും ഒന്നിനെയും എനിക്കു കിട്ടിയില്ല. അത വേഗത്തിലാണ് അവയുടെ പറക്കലും മണ്ണിനടിയിലേക്കുള്ള നൂണുപോകലും. ഈ ഓന്തുകൾ ഒരിക്കലും വെള്ളം കുടിക്കാറില്ല.. ഇബ്രാഹിം ഖാദരി യുടെ അറിവാണ്. ഓന്തുകളേ, എൻ്റെ യാതന നിറഞ്ഞ ഈ യാത്രയുടെ ഒരു നിമിഷത്തെ മനോഹരമായ കാഴ്ചകൊണ്ടു സന്തോഷിപ്പിച്ച സുവർണ്ണി ഓന്തുകളേ, നിങ്ങൾക്കു വെള്ളം കുടിക്കാതെ ഒരു ജന്മം മുഴുവൻ ജീവിച്ചു തീർക്കാൻ കഴിയുമെങ്കിൽ അതിലൊരല്പ്‌പം ജീവിതം എനിക്കും തരണേ. എൻ്റെഈ യാത്ര എവിടെയെങ്കിലും ഒന്ന് പൂർത്തിയാക്കുംവരെയെങ്കിലും. ഉച്ച മയങ്ങിയതും പൊടിപിടിച്ചതുമായിരുന്നു. ഒരു പത്തുവാരയ്ക്കപ്പുറം ഒന്നും കാണാൻ പറ്റാത്തെ അവസ്ഥ. അതു പിന്നീടുള്ള ഞങ്ങളുടെ നടത്തം കൂടുതൽ ദുഷ്ക്കരമാക്കി. എന്നിട്ടും ഞങ്ങൾ നടന്നു. ആകാശം വെയിലല്ല തീയാണ് പെയ്യിക്കുന്നതെന്നു തോന്നിപ്പോയി. ചൂട് ഏറുന്നതിനനുസരിച്ച് ഞങ്ങളുടെ ശരീരം പതിയെ വാടിത്തുടങ്ങി. കാലത്തു നടത്തം തുടങ്ങിയ പ്പോഴുണ്ടായിരുന്ന ഉത്സാഹമൊക്കെ പതിയെ അപ്രത്യക്ഷമായി. എന്നാൽ അപ്പോഴൊക്കെ ഇബ്രാഹിം ഞങ്ങളെ പ്രോത്സാഹിപ്പിച്ചുകൊണ്ടിരുന്നു. ചിലപ്പോൾ ഒരു മൈൽ, അപ്പോഴേക്കും ഞങ്ങളൊരു ഹൈവേയിൽ എത്തിയിരിക്കും. പ്രതീക്ഷയാണല്ലോ മനുഷ്യനെ മുന്നോട്ടു നടത്തുന്നത്. ഞങ്ങൾ നടന്നു. പക്ഷേ കൺമുന്നിൽ പിന്നെയും പിന്നെയും പിന്നെയും മരുഭൂമി മാത്രം. മണൽ മണൽ മണൽ മാത്രം. അങ്ങനെ ആ നടത്തം അപരാഹ്നവും മദ്ധ്യാഹ്നവും പിന്നിട്ടു സായാഹ്നമായി. എന്നിട്ടും ഞങ്ങൾ 174     ബെന്യാമിൻ പ്രതീക്ഷിച്ചതെന്തോ അതു മാത്രം കണ്ടില്ല. ഞങ്ങൾക്കു മുകളിലൂടെ ഇഴ ഞ്ഞിഴഞ്ഞു പടിഞ്ഞാട്ടു നീങ്ങിയ സൂര്യൻ ഞങ്ങളെ മരുഭൂമിയിൽ തനിച്ചാ ക്കിയിട്ട് ഒറ്റയ്ക്കു ചക്രവാളത്തിൻ്റെ സ്വപ്നങ്ങളിലേക്കു താഴ്ന്നുപോയി. നാവിൽ ഒരിറ്റുവെള്ളം പോലും വീഴാത്ത ഒരു മുഴുപ്പകലിനുശേഷം രാതി വന്നെത്തി. ഞങ്ങൾ കിതച്ചും തളർന്നും മണലിൽ ഇരുന്നു. ഒരു പകൽ മുഴുവൻ നടന്നിട്ടും എവിടെയും എത്താത്തതിൻ്റെ സങ്കടത്തിൽ ഞാൻ കരഞ്ഞുപോയി. ഹക്കീമും എനിക്കൊപ്പം ആ കരച്ചിലിൽ പങ്കുചേർന്നു. ഇവിടെ എത്തിയ ആദ്യദിവസങ്ങളിൽ, എന്തായാലും മരുഭൂമിയിൽ എത്തി; എന്നാൽപ്പിന്നെ ഇത്തിരി കാണാൻ കൊള്ളാവുന്ന നല്ല മരുഭൂമി യിൽ ജീവിക്കാനായെങ്കിൽ കടൽ പോലെ മണൽ നിരന്നുകിടക്കുന്ന മരു ഭൂമി കാണാനായെങ്കിൽ എന്നൊക്കെ ആഗ്രഹിച്ചിട്ടുണ്ട്. ഈയൊരു ദിവസം കൊണ്ടു മരുഭൂമി ഞങ്ങളെ ശരിക്കും പേടിപ്പിച്ചിരിക്കുന്നു. മരുഭൂമി മുറിച്ചു കടക്കേണ്ടിവന്നവരുടെ ഒത്തിരി കഥകൾ നാം എപ്പോഴൊക്കെയോ കേട്ടിട്ടുണ്ട്. വായിച്ചിട്ടുണ്ട്. അവർ നേരിട്ടിട്ടുള്ള സാഹസങ്ങൾ വായിച്ചു നാം കോരിത്തരിച്ചിട്ടുണ്ട്. എന്നാൽ അവർക്കൊക്കെ നല്ല കരുത്തുള്ള ഒട്ടകങ്ങ ളുടെ നടപ്പുസഹായമുണ്ടായിരുന്നു. മരുഭൂമിയെ സ്വന്തം കൈവെള്ളയിലെ വരകൾപോലെ അറിയാവുന്ന ബദുക്കൾ അവർക്കു സഹായത്തിനുണ്ടായി രുന്നു. അവരുടെ ഭാണ്ഡങ്ങൾ നിറയെ ആഹാരവും അവരുടെ തുകൽ സഞ്ചി കൾ നിറയെ വെള്ളവും ഉണ്ടായിരുന്നു. അതൊന്നുമില്ലാതെ ഈ മരുഭൂമി മുറിച്ചുകടക്കാൻ ശ്രമിച്ചവരൊക്കെ സ്വന്തം അനുഭവകഥ പറയാൻ ബാക്കി നില്ക്കാതെ ഈ മണലിൽ കുഴഞ്ഞുവീണ് ഇല്ലാതായിട്ടുണ്ടാവണം. അതു പോലെത്തന്നെയാണോ അള്ളാ ഞങ്ങളും. കൗതുകത്തിനു മരുഭൂമി തേടി യിറങ്ങിയവരല്ല ഞങ്ങൾ. പരീക്ഷണത്തിനുമായിരുന്നില്ല. ജീവിക്കുവാൻ. ജീവിച്ചിരിക്കുവാൻ. ഞങ്ങളെ സ്നേഹിക്കുന്നവരുടെ പ്രിയപ്പെട്ട മുഖങ്ങൾ ഒരിക്കൽക്കൂടി കാണുവാൻ. ഞങ്ങളെയോർത്ത് അവരുടെ കവിളിലൂടെ ഒലി ച്ചിറങ്ങുന്ന കണ്ണുനീർ ഒന്നൊപ്പുവാൻ. അതിനുവേണ്ടിയുള്ള ശ്രമത്തി നിടയിൽ അബദ്ധത്തിലാണ് ഞങ്ങളിവിടെ എത്തിപ്പെട്ടുപോയത്. അള്ളാ. നീ മാത്രം. നിൻ്റെ മാത്രം ബലം, നിൻ്റെ മാത്രം വഴി. നിൻ്റെ മാത്രം സുര ക്ഷിതത്വം. അള്ളാ നീ ഞങ്ങളെ ഈ മരുഭൂമിയിൽ ഇട്ടു ചുട്ടുകൊല്ലരുതേ... 175     മുപ്പത്തിനാല് പിറ്റേന്നു നേരം പുലരുന്നതിനും ഏറെ മുൻപേ ഇബ്രാഹിം ഖാദരി omഞങ്ങളെ വിളിച്ചുണർത്തി. ചൂടേറും മുൻപേ വാ നടക്കാം. എഴുന്നേറ്റപ്പോൾ കാലിനു മന്തുപിടിച്ചപോലെ ഭാരം തോന്നി. നല്ല നീരും വച്ചിരിക്കുന്നു. എന്നിട്ടും അതു വകവയ്ക്കാതെ കാലുവലിച്ച് ഞങ്ങൾ ആ പൂഴിമണ്ണിലൂടെ നടന്നു. ഇത്തിരിനേരം നടന്നപ്പോഴേക്കും സൂര്യൻ കിഴക്കേച്ചെരുവിൽ പ്രത്യ ക്ഷമായി. അന്നും മണലു കത്തിക്കാനാണ് പദ്ധതിയെന്നു കാലത്തുതന്നെ ഞങ്ങൾക്കു മനസ്സിലായി. അതിരുകൾ നരച്ച ഒരു നീലക്കൊട്ട ഞങ്ങൾക്കു മുകളിൽ കമഴ്ത്തി വച്ചിരിക്കുന്നപോലെയാണ് ആ നടത്തിനിടയിൽ എനിക്ക് ആകാശത്തെ പ്പറ്റി തോന്നിയത്. മരുഭൂമിയുടെ ഏതോ ഒരു കോണിൽ ആ കൊട്ടയുടെ ഒരു വശം ആരംഭിക്കുന്നു. അതു പതിയെ ഉയർന്നുപൊങ്ങി എൻ്റെ ശിര സ്സിന്റെ മുകളിലെത്തുമ്പോൾ ഏറ്റവും ഉയർന്നു പതിയെ താഴ്ന്ന പോയി മറ്റൊരു കോണിൽ അവസാനിക്കുന്നു. ആ കൊട്ടയ്ക്കുള്ളിൽ അടയ്ക്കപ്പെട്ടു പോയ കോഴിക്കുഞ്ഞുങ്ങളാണ് ഞങ്ങൾ. എങ്ങനെയും അതു പൊക്കി പുറത്തു കടക്കണം. അതിന് ആ അതിരുവരെയെങ്കിലും എത്തണ്ടെ. എത്ര നടന്നാലും എത്താത്ത ഒരു അതിര്. എത്ര നടന്നാലും അവസാനിക്കാത്ത ഒരു അനന്തത. വെറും നീലയും കത്തുന്ന സൂര്യനുമല്ലാതെ മറ്റൊന്നും എന്റെ കാഴ്ച‌ചയിൽ പതിക്കുന്നില്ല. പിന്നെയുള്ളതു മണൽ. വെറും മണൽ. എനിക്കു ശരിക്കും പേടി തോന്നി. പേടിക്കാനൊന്നുമില്ല. ഇബ്രാഹിം ഞങ്ങളെ ആശ്വസിപ്പിച്ചു. നമ്മുടെ കാഴ്ചയുടെ ചക്രവാളത്തിനു വെറും രണ്ടര മൈലിന്റെ ദൂരെമേയുളളൂ. ഒരു പക്ഷേ അതിന് തൊട്ടപ്പുറത്തു നമ്മൾ തേടുന്ന വഴി കണ്ടക്കാം. അതു കൊണ്ട് തളരാതെ, പ്രതീക്ഷയോടെ നടക്കുക. ഒരിക്കൽ തളർന്നുപോയാൽ പിന്നെ ആ ദിവസം മുഴുവൻ നമ്മളീ വെയിലത്തു കിടന്നുപോകും. അതു കൊണ്ട് ആവുന്നതുപോലെ നടക്കുക. എത്രയും വേഗം ഒരു സുരക്ഷിത സ്ഥാനത്ത് എത്തുവാൻ പ്രയത്നിക്കുക. നടന്നുനടന്ന് ഞങ്ങൾ കുറേ ചെന്നപ്പോൾ പണ്ടെന്നോ ഒരിക്കൽ മരു ഭൂമിയിലേക്ക് ഉറഞ്ഞുപോയ ഒരു പുഴയുടെ പാടുകൾ മണലിൽ തിണർത്തു 176     ബെന്യാമിൻ കിടക്കുന്നതു കണ്ടു. ഞാൻ അതിശയപ്പെട്ടുപോയി. ഈ മണൽക്കാടിനു നടുവിലൂടെ, ഈ മരുച്ചൂടിന്റെ അടിയിലൂടെ ഒരുകാലത്ത് ഒരു നദി ഒഴുകി യിരുന്നു എന്നു വിശ്വസിക്കാൻതന്നെ പ്രയാസം. പക്ഷേ അതിൻ്റെ വടിവു കൾ ഇപ്പോഴും വ്യക്തവും സുദൃഢവും ആയിരുന്നു. ഒരുപക്ഷേ പണ്ടെങ്ങോ ഒരിക്കൽ ഒരു പ്രാചീനമനുഷ്യൻ ഈ നദിക്കരെയിൽ വന്നു നില്ക്കുന്നതും അതു മുറിച്ചുകടക്കാൻ ശ്രമിക്കുന്നതിനിടെ വെള്ളം കുടിച്ചു മരണപ്പെടു ന്നതും ഞാൻ സങ്കല്പിച്ചു. അയാൾ വെള്ളം കുടിച്ചു മരിച്ച അതേ നദിക്കര യിൽ ഒരു തുള്ളിവെള്ളം കിട്ടാതെ തൊണ്ടപൊട്ടി ഞാൻ വലയുന്നു. രണ്ടു പേരും നില്ക്കുന്നത് ഒരേ നദിക്കരയിൽ. കാലത്തിൻ്റെ അങ്ങേങ്ങക്കോണിൽ സംഭവിച്ചിരിക്കാൻ ഇടയുള്ള ആ നിമിഷവും ഈ ഞാനും തമ്മിൽ എന്തൊരു അന്തരം. അതിനിടയിൽ എന്തൊക്കെ സംഭവിച്ചിരിക്കാം. നദി പതിയെ പതിയെ വറ്റിവരളുന്നതും അതിൽ വസിച്ചിരുന്ന ജീവിവർഗ്ഗം പതിയെ ചത്തൊടുങ്ങുന്നതും എനിക്കു കാണാം. അതിന്റെ കരയിൽ നിന്നിരുന്ന വൃക്ഷലതാദികൾ വെള്ളത്തിനുവേണ്ടി നിലവിളിക്കുന്നതും എനിക്കിപ്പോൾ കേൾക്കാം. കാലമേ നിൻ്റെ മുഖമെത്ര വിചിത്രം..!! ഞങ്ങളുടെ നാവ് വെള്ളം തൊട്ടിട്ട് അപ്പോഴേക്കും രണ്ടു രാത്രിയും ഒന്നര പകലും കഴിഞ്ഞിരുന്നു. ദാഹവും ക്ഷീണവും കാരണം കണ്ണുകൾ നല്ല പോലെ തെളിയുന്നൊന്നുമില്ല. ഒരർദ്ധമയക്കത്തിലാണ് നടപ്പതയും. പിടിച്ചു നില്പിന്റെ അവസാനനിമിഷവും ഞങ്ങൾ പിന്നിട്ടു. ഹക്കീം വെള്ളം ചോദിച്ചു കരയാൻ തുടങ്ങി. അനാവശ്യമായി വെള്ളം ഭോഗിച്ചു ശീലിച്ചതിന്റെ കേടാണിത്. ഒരു മനുഷ്യന് പതിനാലു ദിവസം വരെ ആഹാരവും വെള്ളവുമില്ലാതെ നിഷ്പ്രയാസം ജീവിക്കാനാവും. അള്ളാഹുവിനെ ധ്യാനിച്ചു നടക്കാൻ നോക്ക്. ഇബ്രാഹിം അവനെ ശാസിച്ചു. എന്നാൽ വഴിയിലുടനീളം അവൻ വെള്ളം വെള്ളം എന്നു പുലമ്പി കരഞ്ഞുകൊണ്ടേയിരുന്നു. കുറെ നടന്ന പ്പോൾ അവൻ എന്റെ കയ്യിൽ കടന്നുപിടിച്ചു. വയ്യ ഇക്കാ. എനിക്കിനി വയ്യ. നിങ്ങൾ നടന്നോ ഞാനിവിടെ കിടന്നോളാം. ഞാനും അവനെ ശാസിച്ചു. ഹക്കീമേ തളരരുത്. വീഴരുത്. നടക്ക്. അള്ളാഹു അക്ബർ. അള്ളാഹു അക്ബർ. ഞാനവനു വിളിച്ചുകൊടുത്തു. അവൻ അതേറ്റു വിളിച്ചു. അള്ളാഹു അക്ബർ. ആ വിളിയും അതിൻ്റെ മുഴക്കവും ഞങ്ങൾക്ക് ഒരു ശക്തി കൊണ്ടു ത്തരുന്നതുപോലെ. അതിന്റെ ബലത്തിൽ ഞങ്ങൾ കുറെ നടന്നു. എന്നാൽ പതിയെ നടപ്പിൻ്റെ ഊർജ്ജസ്വലതയും ഉത്സാഹവും ഒക്കെ ഞങ്ങൾക്കു നഷ്ടപ്പെട്ടു. നടന്നു തളർന്ന കാലിന് ഞങ്ങളെ അത ദൂരം കൊണ്ടുപോകാനേ പിന്നെ ശേഷിയുണ്ടായിരുന്നുള്ളൂ. അതു പെരുപ്പായും കഴപ്പായും വേദന യായും അതിൻ്റെ ക്ഷീണം കാണിച്ചുതുടങ്ങി. തന്നെയുമല്ല, മണലിന്റെ ചൂടേറ്റ് കാല് അവിടവിടെ പൊട്ടാനും കീറാനും തുടങ്ങിയിരിക്കുന്നു. ഹക്കീ മിന്റെ കാലിനാണെങ്കിൽ സാമാന്യം നീരും വച്ചിട്ടുണ്ട്. എന്നിട്ടും പരമാവധി 177     ആടുജീവിതം കരുത്തെടുത്ത് കാലുവലിച്ചു കുറേക്കൂടി നടന്നുനോക്കി. പക്ഷേ ഒട്ടും സാധി ക്കില്ലെന്ന് അടുത്ത കുറച്ചു നിമിഷങ്ങൾക്കുള്ളിൽ ഞങ്ങൾ ഭീതിയോടെ മനസ്സിലാക്കി. ഹക്കീം തളർന്നു മണലിലേക്കു വീണു. അവൻ വീഴാൻ കാത്തിരുന്നതു പോലെ ഞാനും അവൻ്റെ അരുകിലേക്കു ചാഞ്ഞു. ഇബ്രാഹിം ഞങ്ങളെ വഴക്കു പറഞ്ഞു - എഴുന്നേല്ക്ക്. ഈ കിടപ്പ് നിങ്ങളെ തളർത്തുകയേയുള്ളൂ. ഒരിക്കലും ക്ഷീണം മാറാൻ ഇതു സഹായി ക്കില്ല. നിങ്ങളുടെ ദേഹത്തെ അവസാനതുള്ളി വെള്ളവും ഈ വെയിൽ ഊറ്റിയെടുക്കും. ദേഹത്തെ ഇങ്ങനെ മണലിലിട്ടു പൊരിക്കാതെ കുറച്ചു നേരം കൂടി കാത്തിരിക്കൂ. മണൽ വേഗം തണുക്കും. മരുഭൂമി വേഗം തണുക്കും. അപ്പോൾ നിങ്ങൾക്കു കിടക്കാമല്ലോ. ഇത നേരം നമ്മൾ സഹി ച്ചില്ലേ ഇനി ഇത്തിരി നേരം കൂടി. നീ പോടാ പട്ടി. ഹക്കീം ദേഷ്യംകൊണ്ടു കരഞ്ഞു. നീ ഞങ്ങളെ കൊല്ലാൻ കൊണ്ടിറങ്ങിയതാണോ..? ഇതാണോ നീ ഞങ്ങൾക്കു വാഗ്ദാനം ചെയ്തത്..? ഇതിനേക്കാൾ എത്രയോ ഭേദമായിരുന്നു ആ മസറ. ഇതിനേ ക്കാൾ എത്രയോ ഭേദമായിരുന്നു ആ അർബാബ്. എനിക്കു വയ്യ. തളരുന്നെ ങ്കിൽ തളരട്ടെ. ചാവുന്നെങ്കിൽ ചാവട്ടെ. നീ വേണമെങ്കിൽ രക്ഷപ്പെട്ടോ. ആ യാത്രയിൽ ആദ്യമായി ഇബ്രാഹിം ഖാദരിയുടെ കണ്ണുകൾ നിറയു ന്നതു ഞാൻ കണ്ടു. അവൻ നി ഹായതയോടെ ആകാശങ്ങളിലേക്കു കൈകൾ ഉയർത്തി. പിന്നെ മുട്ടുകുത്തിനിന്നു പ്രാർത്ഥിച്ചു. മരുഭൂമി തിളക്കുകയായിരുന്നു. അള്ളാഹുവിന്റെ്റെ വറവുചട്ടിയിലാണ് കിടക്കുന്നതെന്ന് എനിക്കു തോന്നിപ്പോയി. എങ്കിൽപ്പോലും അത്രനേരത്തെ നടപ്പിനുശേഷമുള്ള ആ കിടപ്പ് എനിക്ക് ആശ്വാസമാണ് കൊണ്ടുത്തന്നത്. ആദ്യത്തെ കുറച്ചുനേരം ചൂട് അസഹ്യമായിരുന്നു. മുകളിലും ചൂട്, മണ്ണിനും ചൂട്. കുറച്ചുനേരം അങ്ങനെ കിടന്നപ്പോൾ സത്യത്തിൽ എനിക്കൊരു സുഖ മാണ് തോന്നിയത്. അന്നേരത്തേക്ക് എനിക്കും മരുഭൂമിക്കും വെയിലിനും ഒരേ ചൂട് ആയിക്കഴിഞ്ഞിരുന്നു. പിന്നെ അവശേഷിച്ചത് ഒടുങ്ങാത്തി ദാഹമാണ്. അത് അകറ്റാൻ മറ്റൊരു മാർഗ്ഗവും ഇല്ലായിരുന്നു. വായിലെ അവസാനതുള്ളി തുപ്പലും എപ്പോഴേ അണ്ണാക്കിലേക്കു വറ്റിപ്പോയിക്കഴിഞ്ഞി രുന്നു. ഒരു കുപ്പിയിലോ ഒരു പാത്രത്തിലോ ഇത്തിരി വെള്ളം എടുത്ത കൊണ്ട് ഓടാൻ തോന്നാതിരുന്ന മണ്ടത്തരത്തിനെ ഞാനന്നേരം നെഞ്ച ത്തടിച്ചു ശപിച്ചു. എല്ലാ ബുദ്ധിയും ചോർന്നുപോയ ഒരു നിമിഷമാണ് ഞങ്ങൾ ഇറങ്ങിപ്പുറപ്പെട്ടത്. ഇനി നേരിടുകതന്നെ. അല്ലാതെ എന്തുചെയ്യാൻ? ഇബ്രാഹിം പറഞ്ഞതു സത്യമാണെന്നു ഞങ്ങൾക്കു തോന്നി. കാരണം കിടക്കുന്തോറും ദേഹം തളരുന്നതല്ലാതെ ഒട്ടും ആരോഗ്യം അതിനു കിട്ടു ന്നില്ല. എന്നുതന്നെയല്ല അതു പതിയെ എന്നെ ഒരു മയക്കത്തിലേക്കു തള്ളി ക്കൊണ്ടുപോയി. ഒരു ഇരുട്ട് എന്റെ കണ്ണിലേക്കു കയറിവന്നു. പിന്നെ 178     ബെന്യാമിൻ അതൊരു തലകറക്കമായി. ഞാൻ രണ്ടുതവണ ഛർദ്ദിച്ചു. ഇത്തിരി കഴിഞ്ഞ പ്പോൾ ഹക്കീമും ഛർദ്ദിച്ചു. ഇബ്രാഹിം അവൻ്റെ വസ്ത്രമുരിഞ്ഞു ഞങ്ങൾ ക്കൊരു തണലുണ്ടാക്കാൻ നോക്കി. അതുപക്ഷേ തീരെ അപര്യാപ്‌തമായി രുന്നു. അവൻ ഞങ്ങളെ എഴുന്നേല്പിച്ചിരുത്താൻ നോക്കി. ഞങ്ങൾ വീണു പോയി. ശരിക്കും ഞാൻ മയങ്ങിപ്പോയി. മരുഭൂമിയിൽ രണ്ട് അനാഥശവ ങ്ങളെപ്പോലെ ഞാനും ഹക്കീമും വീണുകിടന്നു. അന്നേരം വേണമെങ്കിൽ ഞങ്ങളെ ഉപേക്ഷിച്ച് ഇബ്രാഹിമിനു രക്ഷയുടെ വഴി തേടാമായിരുന്നു. പക്ഷേ അവൻ പിന്നെ ഞങ്ങൾ രാത്രി കണ്ണുതുറക്കുന്നതുവരെ ഞങ്ങൾക്കു കാവലിരുന്നു. രാത്രി കണ്ണുതുറക്കുമ്പോൾ ദാഹംകൊണ്ട് എൻ്റെ തൊണ്ട പൊട്ടുകയാ യിരുന്നു. പക്ഷേ എവിടെ വെള്ളം..?! അള്ളാ - ഞാനെത്ര വെള്ളം നാട്ടിൽ വച്ച് ധൂർത്തടിച്ചു കളഞ്ഞിരിക്കുന്നു. ഇപ്പോൾ ഒരു തുള്ളി വെള്ളത്തിനായി യാചിക്കുന്നു. എൻ്റെ നാടിൻ്റെ വിലയും മഹത്ത്വവും ഞാനിപ്പോൾ മാത്ര മാണ് അറിയുന്നത്. ആ ധൂർത്തിനുള്ള ശിക്ഷയാണോ അള്ളാ ഇത്. മാപ്പ്! വെള്ളം അതെത്ര അമൂല്യമാണെന്നു ഞാനിപ്പോൾ അറിയുന്നു. IndianTermi 179     മുപ്പത്തിയഞ്ച് എല്ലാ ഭാഷയിലേയും എല്ലാ മതത്തിലേയും എല്ലാ എഴുത്തുകാരുംom മരു ഭൂമിയെ ബോധോദയത്തിൻ്റെയും ആത്മീയ ഉണർവ്വിന്റെയും ഇടമായിട്ടാണ് കണ്ടിട്ടുള്ളത്. എഴുതിയിട്ടുള്ളത്. മരുഭൂമിയിലെ ജീവിതവും അലച്ചിലും തല ച്ചോറിൽ ജ്ഞാനത്തിന്റെറെ വിസ്ഫോടനം സൃഷ്ടിക്കുന്നു എന്ന് അവർ പറ യുന്നു. എന്നാൽ മരുഭൂമി എനിക്കൊരു ഉണർവ്വം ഉണ്ടാക്കിയില്ല. മൂന്നു വർഷ ക്കാലത്തിലധികം ഞാൻ മരുഭൂമിയിൽ ഉണ്ടായിരുന്നു. പിന്നതു മുറിച്ചുകട ക്കാൻ ഒരു ശ്രമം നടത്തി. അപ്പോഴൊക്കെ തികഞ്ഞ ദുഃഖവും നിരാശയുമ ല്ലാതെ മറ്റൊന്നും മരുഭൂമി എനിക്കു സമ്മാനിച്ചില്ല. ആത്മീയ ജ്ഞാനം തേടി വരുന്നവർക്കു മാത്രമാവാം മരുഭൂമി അതു സമ്മാനിച്ചിട്ടുള്ളത്. ഞാൻ ഒന്നും തേടിച്ചെന്നവനല്ലല്ലോ, അകപ്പെട്ടുപോയവനല്ലേ. എനിക്കൊന്നും നല്കുവാ നില്ലെന്ന് അതു തീരുമാനിച്ചുകാണും. പിന്നെയും രണ്ടുദിവസം കൂടി ഞങ്ങൾ മരുഭൂമിയിൽ കിടന്നു ദിക്കറി യാതെ വല്ലാതെ അലഞ്ഞു. ഞങ്ങൾ എവിടെയും എത്തിയില്ല. ആരും ഞങ്ങളെ രക്ഷിച്ചില്ല. അപ്പോഴേക്കും ഞങ്ങൾ ശരിക്കും തളർന്നു കഴിഞ്ഞി രുന്നു. പഴുത്ത മണലിൽ നടന്ന് ഞങ്ങളുടെ കാല്‌പാദങ്ങൾ പൊട്ടിയൊ ലിച്ചു തുടങ്ങിയിരുന്നു. നീര് കയറിക്കയറി മുട്ടുവരേക്കും എത്തിയിരിക്കുന്നു. സഹിക്കാൻ വയ്യാത്ത നീറ്റൽ. വേദന. കഴപ്പ്. അന്ന് ഏതാണ്ട് ഉച്ച നേര മായിക്കാണും. അതുവരെ ശാന്തനായി നടന്നിരുന്ന ഹക്കീം പെട്ടെന്നു ഹാലി ളകിയതുപോലെ വെള്ളം വെള്ളം എന്നാർത്തത്തുവിളിച്ചുകൊണ്ടു മുന്നോട്ട് ഓടി. അള്ളാ വെള്ളമോ.. മനസ്സിൽ പൊന്തിവന്ന ഒരാന്തലോടെ അവൻ ഓടിയ ദിക്കിലേക്കു ഞാൻ മിഴിച്ചു നോക്കി. അതുപക്ഷേ ഒരു സാധാരണ മരീചിക മാത്രമാണെന്നും അത്രയും ദിവസത്തെ മരുഭൂമിജീവിതം കൊണ്ട് എനിക്കുഹിക്കാൻ കഴിയുമായിരുന്നു. ഞാനവനെ മടക്കി വിളിച്ചു. എന്നാൽ ഹക്കീം അതൊന്നും കേൾക്കാതെ മതിഭ്രമം ബാധിച്ചവനെപ്പോലെ വെള്ളം വെള്ളം എന്നലറി വിളിച്ചുകൊണ്ടു മുന്നോട്ടുതന്നെ ഓടി. ഞാനും ഇബ്രാഹിമും കൂടി അവനെ ഓടിച്ചിട്ടു പിടിച്ചു നിറുത്തി. നോക്കിയപ്പോൾ അവന്റെ വായിൽനിന്നും നുരയും പതയും വരുന്നു. മൂക്കിൽനിന്നും ചോര ഒലിക്കുന്നു. ഞാനത് എൻ്റെ കുപ്പായത്തിൽ തുടച്ചുകൊടുത്തു. ഞങ്ങളവനെ നിർബന്ധിച്ചു നിലത്തിരുത്തി. തല കറങ്ങുന്നെന്ന് അവൻ എപ്പോഴോ 180     ബെന്യാമിൻ എന്നോടു പറഞ്ഞു. ഇത്തിരി കഴിഞ്ഞപ്പോൾ അവൻ വല്ലാത്ത ചേഷ്ടകൾ ഒക്കെ കാണിക്കാൻ തുടങ്ങി. ഒരുമാതിരി പേപിടിച്ചതുപോലെ. അതിനിടെ അവൻ പെട്ടെന്നു ചാടി എഴുന്നേറ്റു മണലിലൂടെ വീണ്ടും ഓടാൻ തുടങ്ങി. ഞങ്ങളവന്റെ പിന്നാലെ ഓടി. ഇത്തിരിദൂരം മുന്നോട്ടു ചെന്ന് അവൻ തളർന്നു വീണു. പിന്നെ തൊണ്ടപൊട്ടി കരഞ്ഞു. പിടിച്ചെഴുന്നേല്പ്പിക്കാൻ ചെന്ന ഞങ്ങളെ അവൻ കുടഞ്ഞറിഞ്ഞു. അവന്റെ ചേഷ്ടകൾ ഭ്രാന്തമായിത്തു ടങ്ങി. അതിനിടയിൽ അവൻ ചൂടുമണൽ വാരിത്തിന്നാൻ തുടങ്ങി. ഞാനും ഇബ്രാഹിമും കൂടി അവനെ തടയാൻ നോക്കിയെങ്കിലും എന്തോ ഭ്രാന്തമായ ഒരു കരുത്തിൽ അവൻ ഞങ്ങളെ തട്ടി മാറ്റി ചൂടുമണൽ വാരിവാരി തിന്നു കൊണ്ടിരുന്നു. പിന്നെ അലറി ഛർദ്ദിക്കാൻ തുടങ്ങി. എനിക്കും ഇബ്രാഹി മിനും ഒന്നും ചെയ്യാനുണ്ടായിരുന്നില്ല. അല്ലെങ്കിൽ എന്തെങ്കിലും ചെയ്യാനാ വാത്തവിധം ഞങ്ങൾ നിസ്സഹായരായിരുന്നു. ഛർദ്ദിച്ചു ഛർദ്ദിച്ച് ഹക്കീം ചോര തുപ്പാൻ തുടങ്ങി. അവൻ മണലിൽ കിടന്ന് അടികൊണ്ട പാമ്പിനെ പ്പോലെ പുളഞ്ഞു. അവന്റെ കണ്ണുകൾ പുറത്തേക്കുന്തി. അവന്റെ മൂക്കിൽ നിന്നും വായിൽ നിന്നും നുരയ്ക്കും പതയ്ക്കും ഒപ്പം കൂടുതൽ ചോര ഒലി ക്കാൻ തുടങ്ങി. ഇബ്രാഹിം... എന്തെങ്കിലും ഒന്നു ചെയ്യ്... എൻ്റെ ഹക്കീം.. എൻ്റെ ഹക്കീം.. അവനിപ്പോൾ ചാവും.. വേവലാതിയോടെ ഞാൻ കെഞ്ചിക്കരഞ്ഞു. അള്ളാ.. എൻ്റെ പടച്ചോനേ.. സർവ്വ ചരാചരങ്ങളുടെയും ഉടയവനേ.. ഒന്നും വരുത്തല്ലേ.. എന്റെ ഹക്കീമിന് ഒന്നും വരുത്തല്ലേ... അവനെ നീ കാക്കണേ.. ഞാൻ നെഞ്ചത്തടിച്ചു പ്രാർത്ഥിച്ചു. ഞാൻ ആകാശത്തേക്കു നോക്കി. കത്തിജ്വലിക്കുന്ന സൂര്യൻ മാത്രം. ഞാൻ വീണ്ടും കരഞ്ഞുകൊണ്ട് ഇബ്രാഹിമിൻ്റെ അരികിലേക്കു ചെന്നു. എന്തെങ്കിലും ഒന്നു ചെയ്യ് ഇബ്രാഹിം... നിശ്ചലനായി ഇരിക്കുന്ന അവനെ അന്നേരത്തെ സങ്കടത്തിന് ഞാൻ അടിക്കുകയും തൊഴിക്കുകയും തുപ്പുകയും ശപിക്കുകയും ചെയ്തു. ഹക്കീമിനെ അള്ളാഹുവിന്റെ നിശ്ചയത്തിനു വിട്ടുകൊടുക്കാനല്ലാതെ മറ്റൊന്നും ചെയ്യാൻ നമുക്കാവില്ല.. അവൻ കരച്ചിൽ സ്വരത്തിൽ മന്ത്രിച്ചു. അത്രയും നിസ്സഹായനായി ഇബ്രാഹിമിനെ ഒരിക്കലും ഞാൻ കണ്ടിട്ടില്ല. ഞാൻ അപ്പാടേ തകർന്നുപോയി.. ഞാൻ കണ്ണുകളടച്ചു നിലത്തു കുത്തി യിരുന്നു. ഹക്കീമിന്റെ ആ പിടച്ചിൽ എനിക്കു കാണാനാവുമായിരുന്നില്ല. കുറച്ചുനേരം കൂടി അവന്റെ മുരൾച്ചയും പിടച്ചിലും ഞാൻ കേട്ടു. പിന്നത് നിശ്ശബ്ദമായപ്പോൾ ഞാൻ പതിയെ കണ്ണുതുറന്ന് അവനെ ഒന്നു നോക്കി. അവൻ എന്നെത്തന്നെ തുറിച്ചുനോക്കി കിടക്കുകയാണ്. എന്തോ പറയാൻ ശ്രമിക്കുന്നുണ്ട്. ഞാൻ ഓടി അവൻ്റെ അടുക്കൽ ചെന്നു. പൊന്നുമോനേ ഹക്കീം.. ഒന്നുമില്ലെടാ ഒന്നും.. ഞാനവനെ എടുത്തു മടിയിലേക്കു കിടത്തി. അവൻ കണ്ണുകൾ ഒന്നു ചലിപ്പിച്ചു. പിന്നതു പതിയെ നിശ്ചലമായി. എന്റെ   181   Ine mal.comകണ്ണുതുറക്കുമ്പോൾ ഇബ്രാഹിം ഖാദരിയുടെ തോളിൽ ഞാൻ ഒരു വേതാളത്തെപ്പോലെ തൂങ്ങിക്കിടക്കുകയാണ്.     ബെന്യാമിൻ തലച്ചോറിനുള്ളിൽ ഒരു ഇരുൾപ്പാട വന്നു മൂടുന്നതു ഞാനറിഞ്ഞു. എന്റെ ശരീരത്തിനെ ഒരു തളർച്ച ബാധിച്ചു. ഞാൻ നിലത്തേക്കു കുഴഞ്ഞു വീണു. പിന്നെ കണ്ണുതുറക്കുമ്പോൾ ഇബ്രാഹിം ഖാദരിയുടെ തോളിൽ ഞാൻ ഒരു വേതാളത്തെപ്പോലെ തൂങ്ങിക്കിടക്കുകയാണ്. മരുഭൂമിയാണെങ്കിൽ ശൗര്യത്തോടെ ചീറി അടിക്കുന്നു. അതും അക്ഷരാർത്ഥത്തിൽ തീ നിറച്ച മണൽക്കാറ്റ്. ഒറ്റച്ചുവടുപോലും മുന്നോട്ടു വയ്ക്കാനാവാത്ത അവസ്ഥ. എന്നിട്ടും ഇബ്രാഹിം എന്നെയും എടുത്തുകൊണ്ട് പരമാവധി വേഗത്തിൽ ഓടുകയാണ്. എന്തിനാണ് അവനിങ്ങനെ ഓടുന്നതെന്ന് എനിക്കു മനസ്സി ലായതേയില്ല. എന്നാൽ ആ തോളിൽനിന്ന് ഇറങ്ങാനാവാത്തവിധം ഞാൻ തളർന്നുപോയിരുന്നു. ആ കിടപ്പിൽ കിടന്നുനോക്കിയപ്പോൾ മുന്നിലെ മണൽക്കുനയ്ക്ക പിന്നിൽ എന്തോ ഒരു അനക്കം. എനിക്കതിശയമായി. ഞാൻ ഒന്നുകൂടി ശ്രദ്ധിച്ചുനോക്കി. പെട്ടെന്ന് എനിക്കു ബോധ്യമായി മണൽക്കുനയ്ക്കു പിന്നിലല്ല മണൽക്കുന തന്നെയാണ് ചലിക്കുന്നത്. കടലിന്റെ അങ്ങേ ക്കോണിൽനിന്ന് ഒരു തിരമാല ഉയിർകൊണ്ടുവരുന്നതുപോലെ ഒരു മണൽത്തിരമാല മരുഭൂമിയുടെ അറ്റത്തുനിന്നു നീങ്ങിനിരങ്ങി വരികയാണ്. അതിന്റെ പിന്നാലെ കൂറ്റൻ തിരമാലകൾ വേറെയും. മരുഭൂമിയിലല്ല ഒരു കടൽത്തീരത്താണ് ഞാൻ നില്ക്കുന്നത് എന്നു തോന്നിപ്പോയ നിമിഷ് ങ്ങൾ. അതു കൺമുന്നിൽ അതുവരെ കണ്ടുവച്ച എല്ലാ ദൃശ്യങ്ങളെയും മാറ്റിവരയ്ക്കുകയാണ്. മണൽക്കുനകളുടെ ശിഖരങ്ങൾ മുന്നിൽ മുറിഞ്ഞു വീഴുന്നു. മണൽക്കൂനകൾ തന്നെ അന്തരീക്ഷത്തിൽ ലയിച്ച് ഇല്ലാതെയാ വുന്നു. കണ്ണുകൾ ഇറുകെ അടച്ചോളൂ. ഇബ്രാഹിം ഖാദരി അലറിവിളിച്ചു. അവൻ എന്നെ നിലത്തുനിറുത്തി ചേർത്തുപിടിച്ചു. അനങ്ങരുത്. ഞങ്ങൾ കെട്ടിപ്പിടിച്ചു നിന്നു. ഇത്തിരി നിമിഷങ്ങൾക്കകം ആ തിരമാലയുടെ മുനമ്പ് ഞങ്ങളെ വന്നുതൊട്ടു. മുഖത്തെയും ദേഹത്തെയും കൈകളെയും ചൂടു പിടിച്ച മണൽത്തരികൾ പൊള്ളിച്ചുകൊണ്ട് പോകുന്നത് എനിക്കനുഭവി ക്കാൻ കഴിഞ്ഞു. എത്രനേരം ആ മൺഗുഹയിൽ അങ്ങനെ നില്ക്കേണ്ടി വന്നെന്നറിയില്ല. കാറ്റൊന്നടങ്ങി എന്നറിഞ്ഞപ്പോൾ പതിയെ കണ്ണുകൾ തുറന്നുനോക്കി. എന്നെ കെട്ടിപ്പിടിച്ചു നില്ക്കുന്ന ഒരു മൺരൂപം! അന്ത രീക്ഷമാകെ ചുവന്നു കലങ്ങിയിരുന്നു. ഇത്തിരിപോലും ദൂരേക്ക് ഒന്നും കാണാനില്ല. എങ്ങും മൂടൽമണ്ണ് മാത്രം. ഞങ്ങൾ ഏതാണ്ട് അരയ്ക്ക താഴേക്കു മണ്ണിൽ പൂഴന്നു പോയിരുന്നു. അതിലുപരി എന്നെ അതിശയി പ്പിച്ച സംഗതി, നേരെ കൺമുന്നിൽ ഉണ്ടായിരുന്ന ഒരു മണ്ണുമല അവിടെ കാണാനേ ഇല്ലായിരുന്നു. പകരം ഞങ്ങൾ ഓടിയ ഇടത്ത് ഒരു വലിയ മണൽമല രൂപംകൊണ്ടിരിക്കുന്നു! നമ്മുടെ മുന്നിൽ ഒരു വലിയ ഭൂപടം മാറ്റിവരച്ചതുപോലെ. സങ്കടംകൊണ്ടു ഞാൻ വലിയ വായിൽ നിലവിളിച്ചു. എൻ്റെഹക്കീമിനെ ആ മണൽമല എന്നെന്നേക്കുമായി മൂടിക്കളഞ്ഞിരുന്നു!   183   മുപ്പത്തിയാറ് വില്ലവിധത്തിലും മണൽക്കൂനയിൽനിന്നും ഇബ്രാഹിം വലിഞ്ഞുകയറി. omഎന്നെയും വലിച്ചു കയറ്റി. അവൻ എന്നെയും എടുത്തു വീണ്ടും നടക്കാ നുള്ള ശ്രമമായിരുന്നു. ഞാൻ അവന്റെ തോളിൽനിന്നു പിടഞ്ഞിറങ്ങി. എന്നെയും ഇവിടെ ഉപേക്ഷിച്ചിട്ട് എവിടെയെങ്കിലും പോയി രക്ഷപ്പെട്ടോളു ഇബ്രാഹിം... ഹക്കീമില്ലാതെ എനിക്കെവിടെയും പോകണ്ട. എവിടെയും രക്ഷ പ്പെടണ്ട. ഞങ്ങളൊന്നിച്ചു വന്നവർ. അവനില്ലാതെ എനിക്കു നാട്ടിൽ ചെല്ലാ നാവില്ല. അവന്റെ ഉമ്മയുടെ ചോദ്യത്തെ, അവൻ്റെ പെങ്ങടെ നോട്ടത്തെ എനിക്കു നേരിടാനാവില്ല. എന്നെ ഇവിടെ കളയൂ. എനിക്കവനൊപ്പം പോണം. എനിക്കവനൊപ്പം പോണം. ഹക്കീമിന്റെ ശരീരത്തെ മൂടിക്കളഞ്ഞ മണൽമലയിലേക്ക് ഓടാൻ ഞാനൊരു ശ്രമം നടത്തി. നിന്നെ ഇങ്ങനെ കളഞ്ഞിട്ടുപോകാനല്ല അള്ളാഹു എന്നെ ആ മസറയിലേക്കു പറഞ്ഞയച്ചത്. ഹക്കീമിനെ രക്ഷിക്കാൻ എനി ക്കായില്ല. ഞാൻ മരിച്ചിട്ടേ നിന്നെയെങ്കിലും മരിക്കാൻ ഞാൻ അനുവദിക്കൂ. അവൻ എന്നെ കടന്നുപിടിച്ചു. പിന്നെ നിർബന്ധപൂർവ്വം തോളിലേക്കു വലി ച്ചിട്ടു. അവനെ ചെറുക്കാനുള്ള ശക്തി എനിക്കില്ലായിരുന്നു. വാടിയ കൊഴു ന്തണ്ടുപോലെ ഞാനവൻ്റെ തോളത്തു വീണുകിടന്നു. ഞാൻ ഒരു കൊച്ചു കുട്ടിയെപ്പോലെ ഏങ്ങലടിച്ചു കരഞ്ഞുകൊണ്ടിരുന്നു. എന്നെയും ചുമന്ന് അവൻ ആ മണൽക്കാട്ടിലൂടെ നടന്നു. ദാഹവും ഭീതിയും വിശപ്പും. കൺപോ ളകളിൽ സൂചികുത്തുന്നതുപോലെ വേദന. അപ്പോഴും സ്വന്തം ഹൃദയമി ടിപ്പ് എനിക്ക് അനുഭവിക്കാനാവുന്നുണ്ട്. നിമിഷം കഴിയുന്തോറും അതു നേർത്തുവരുന്നു. എൻ്റെ ശ്വാസംപോലും നേർത്തുവരികയാണ്. നാക്ക് ചലി പ്പിക്കാനേ ആകാത്തവിധത്തിൽ വറ്റിക്കീറിപ്പോയിരിക്കുന്നു. എനിക്കുചുറ്റും ലോകം ഇരുണ്ടു കറങ്ങുന്നതുപോലെ. തലയിൽനിന്നും ചൂട് ആവിപോലെ പുറത്തുപോകുന്നു. അതെൻ്റെ ബോധത്തെ കൂടുതൽ കലക്കുകയാണ്. ഹക്കീമിന്റെ അവസ്ഥയിലേക്കാണ് ഞാൻ നീങ്ങുന്നതെന്ന് എനിക്കു മന സ്സിലായി. ഈ ഭൂമിയിൽ എനിക്ക് ഇനി അധികം നേരംകൂടി ബാക്കിയില്ല. വിടപറയാൻ നേരമായിരിക്കുന്നു. എന്നെ സ്നേഹിച്ചവരെയും ഞാൻ സ്നേഹിച്ചവരെയും ഓർത്തെടുക്കാൻ ഞാൻ ഒരു ശ്രമം നടത്തിനോക്കി. 184     ബെന്യാമിൻ അധികം മനുഷ്യമുഖങ്ങളൊന്നും ചൂടുപിടിച്ച എന്റെ ശിരസ്സിൽ നിന്നും പുറ ത്തേക്കു വന്നില്ല. ഉമ്മ, സൈനു, ഹക്കീം.. എന്നാൽ എൻ്റെ മസറയിലെ ആടുകൾ ഓരോരുത്തരായി എന്റെ കൺമുന്നിൽ വന്നു നിറഞ്ഞു. നബീൽ, അറവുറാവുത്തർ, പോച്ചക്കാരി രമണി, മേരിമൈമുന, ഇണ്ടിപ്പോക്കർ, ഞണ്ടുരാഘവൻ, പരിപ്പുവിജയൻ, ചക്കി, അമ്മിണി, കൗസു, റൗഫത്ത്, മനുഷ്യരേക്കാൾ എന്നെ സ്നേഹിച്ചത് ആ ആടുകൾ ആയതുകൊണ്ടാവാം അത്. എല്ലാവരും എനിക്കു യാത്രാമംഗളങ്ങൾ പറയുന്നു... സന്ധ്യ വന്നു. രാത്രി വന്നു. ഞങ്ങൾ മണലിൽ വീണ്ടും തളർന്നു കിടന്നു. പരസ്പരം ഒരു വാക്കുപോലും ഉരിയാടാത്ത ഒരു മുഴുരാത്രി ഞങ്ങളെ കടന്നു പോയി. ഞാൻ ആ രാത്രി പിന്നിടുമെന്ന് എനിക്കൊരു ഉറപ്പും ഉണ്ടായിരു ന്നില്ല. എന്നാൽ, ആ രാത്രിയെയും ഞാൻ അതിജീവിച്ചു. പിറ്റേന്നു കാലത്തും എനിക്കു ജീവൻ ഉണ്ടായിരുന്നു. Indian Terminal 185     മുപ്പത്തിയേഴ് കാറ്റടങ്ങി, പ്രഭാതം വല്ലാതെ പ്രശാന്തമായിരുന്നു. മണൽക്കുനകളിലേക്ക് omഞങ്ങൾ കണ്ണുമിഴിച്ചു. ഇളകാതെ കിടക്കുന്ന കടൽപോലെ മണൽ കട്ട പിടിച്ചു കിടക്കുന്നു. ഞങ്ങൾ പതിയെ എഴുന്നേറ്റു. പരസ്‌പരം മിണ്ടാട്ടമൊന്നു മില്ല. പ്രതീക്ഷയും ആശയും ഒക്കെ നശിച്ചിരിക്കുന്നു. ഇനി എവിടെയെങ്കിലും എത്തിയാൽ എത്തി. എത്തണമെന്നുതന്നെയില്ല. എത്രയും പെട്ടെന്നു മരി ച്ചാൽ മതി. ആ ദാഹവും ചൂടും സഹിക്കാൻ ഇനി വയ്യ. അള്ളാ ഈ നരക ത്തിൽനിന്നും ഹക്കീമിനെ നീ രക്ഷിച്ചുകൊണ്ടുപോയതുപോലെ എന്നെയും എത്രയും പെട്ടെന്നു രക്ഷിക്കണേ... ഞങ്ങൾ മണലിലൂടെ നടന്നു. എൻ്റെ കാല് കൃത്യമായി നിലത്ത് ഉറ യ്ക്കുന്നൊന്നുമില്ല. പാതി മരിച്ചവനെപ്പോലെയാണ് എൻ്നടപ്പ്. നിന്നെ ഞാനെന്റെ തോളിലെടുക്കാം എന്ന് ഇബ്രാഹിം പലവട്ടം പറഞ്ഞതാണ്. ഞാൻ സമ്മതിച്ചില്ല. എനിക്കറിയാം ഈ പകലിൽ ഞാൻ മരിക്കുമെന്ന്. അതിനുമാത്രം ജീവനേ ഇനി എന്റെ ശരീരത്തിൽ അവശേഷിച്ചിട്ടുള്ളൂ. നട ന്നാൽ അതൈതയും പെട്ടെന്ന് ഉണ്ടാകുമെന്ന ആശയിലാണ് ഞാൻ നടക്കാൻ തന്നെ തീരുമാനിച്ചത്. കുറേ നടന്നപ്പോൾ മണലിൽ എന്തൊക്കെയോ ജീവികളുടെ കാല്‌പാടു കൾ. രാത്രി സഞ്ചാരത്തിന് ആരോരുമറിയാതെ വന്നുമടങ്ങിയതിന്റെ നേർത്ത അടയാളങ്ങൾ! അവ എങ്ങോട്ടാണ് നീങ്ങുന്നതെന്ന് ഇബ്രാഹിം പിന്തുടർന്നു നോക്കി. അവ നീണ്ടുനീണ്ടു വന്യതയിൽ ഒടുങ്ങുകയാണ്. അതാവാം മരു ഭൂമിയുടെ കടുത്ത പ്രദേശങ്ങൾ എന്നുറച്ച് അവൻ എന്നെ മറുദിശയിലേക്കു നയിച്ചു. ഏതാണ്ട് അന്നും ഉച്ചവരെ നടന്നുകാണും. പെട്ടെന്ന് ഞങ്ങളുടെ മുന്നിൽ മണലിൽ മുഴുത്ത ഒരു പല്ലി! പല്ലി..!! അലറിവിളിച്ചുകൊണ്ട് ഇബ്രാഹിം അതിന്റെ പിന്നാലെ കുതി ച്ചോടി. ഞാൻ പക്ഷേ അതിൽ വലിയ അതിശയമൊന്നും കണ്ടില്ല. ഞാൻ അർദ്ധമയക്കത്തിൽ ആടിനില്ക്കുകയാണ്. എപ്പോൾ വീഴുമെന്നാശിച്ച്... നജീബ് നീ കണ്ടോ..? സത്യമായും അതൊരു പല്ലിതന്നെ! അതു പറയു മ്പോൾ ഇബ്രാഹിമിന്റെ സ്വരത്തിൽ ഒരാഹ്ലാദം വന്നു നിറയുന്നതു ഞാൻ കണ്ടു. 186    അതിന്..?! ഞാൻ മുഖം ചുളിച്ചു. ബെന്യാമിൻ മരുഭൂമിയിൽ ഒരു പല്ലി എന്നാൽ.. നിനക്കറിയുമോ.. തൊട്ടടുത്ത വിടെയോ ജലസാന്നിദ്ധ്യം എന്നാണ് അതിനർത്ഥം. അവൻ ആഹ്ലാദത്തോടെ പറഞ്ഞു. സത്യം..?! പെട്ടെന്ന് ഞാനെൻ്റെ അവസാന പ്രതീക്ഷയിലേക്ക് ഉണർന്നു. അതെയെന്ന് അവൻ തലയാട്ടി.. ഇനി വളരെ സൂക്ഷിച്ചാവണം നമ്മുടെ ഓരോ ചുവടും. യാതൊരു കാരണവശാലും മരുഭൂമിയിലേക്കു തിരിഞ്ഞുപോകാതെ സൂക്ഷിക്കണം. ഇതു നമ്മുടെ അവസാന അവസരമാണ്. ഇബ്രാഹിം മുന്നറിയിപ്പു തന്നു. അതുകൊണ്ടുതന്നെ വളരെ സൂക്ഷിച്ചായിരുന്നു ഞങ്ങളുടെ നടപ്പ്. ഓരോ ചുവടിലും ഞങ്ങൾ കൂടുതൽ പല്ലികളെ തേടി. അതു പായുന്ന ഇടങ്ങളി ലേക്കു ഞങ്ങൾ ചുവടുവച്ചു. അങ്ങനെ ഇത്തിരി നടന്ന് ഒരു മണൽ ക്കുനയ്ക്ക് മുകളിലെത്തിയതും... ഞാൻ വ്യക്തമായും കണ്ടു. ദൂരെ പച്ച ത്തലപ്പുകൾ! ഈന്തപ്പനകൾ. ചെറിയ കുറ്റിച്ചെടികൾ. ജലസാമീപ്യം!! പിന്നെ ഞാൻ ഓടുകയായിരുന്നോ പറക്കുകയായിരുന്നോ എന്നൊന്നും അറി യില്ല. അതുവരെയുണ്ടായിരുന്ന എല്ലാ ക്ഷീണവും മറന്നു ഞാനവിടെ എത്തി. എന്റെ കാലുകൾക്ക് ഒരാനക്കാലിന്റെ ഭാരമുണ്ടായിരുന്നെങ്കിലും അതും വലി ച്ചാണ് ഞാനോടിയത്. എൻ്റെ കാലുകൾ മുറിഞ്ഞു ചോര ഒലിക്കുന്നുണ്ടാ യിരുന്നെങ്കിലും അതു വകവയ്ക്കാതെ കല്ലുകൾക്കു മുകളിലൂടെ ഞാൻ പറന്നു. ഇബ്രാഹിം ഖാദരി എൻ്റെ പിന്നാലെയും. മരണത്തെ ആശിച്ചു നടന്ന ആ നിമിഷത്തിലും ഉള്ളിൻ്റെയുള്ളിൽ എൻ്റെ ചോദനയ്ക്കു ജീവി ക്കാനുള്ള കൊതി എത്രമാത്രമായിരുന്നു എന്നു ഞാനിപ്പോൾ അതിശയി ക്കുന്നു. ഒരുപക്ഷേ ആ കൊതി ആയിരുന്നിരിക്കണം എന്റെ ജീവൻ അവസാനം വരേയും പിടിച്ചുനിറുത്തിയത്. അവിടെ എവിടെയോ ഒരു ജല സാന്നിദ്ധ്യം എനിക്കുറപ്പായിരുന്നു. തിങ്ങിക്കൂടി നില്ക്കുന്ന ചെടികൾക്കിട യിലൂടെ ഞാൻ ഭ്രാന്തമായി ഓടി. എന്റെ തലയ്ക്കു ചുറ്റും ഒരായിരം തേനീ ച്ചകൾ ഇരമ്പുന്നതുപോലെയുള്ള ശബ്ദം. എന്റെ കണ്ണുകളിൽനിന്നും ഒര യിരം വെളുത്ത വളയങ്ങൾ പറന്നുയരുന്നു. ഹക്കീം അവന്റെ അവസാന നിമിഷങ്ങളിൽ കാണിച്ച വെപ്രാളങ്ങളുടെ അർത്ഥം ഞാൻ സ്വയം മനസ്സി ലാക്കുകയായിരുന്നു. ദാഹിച്ചു ഭ്രാന്തനാവുക. ഞാൻ അതിലേക്കു നീങ്ങി ക്കഴിഞ്ഞിരുന്നു. ഞാൻ പിന്നെയും നാലുപാടും ഓടി. എന്നാൽ ഇബാഹിം ശാന്തനായി അവിടെ അന്വേഷിച്ചു. എവിടെയാണ് കൂടുതൽ പച്ചപ്പ് എന്നു നോക്കി. എവിടെയാണ് മണ്ണിന് നനവു കൂടുതൽ എന്നു പരതി. ഒടുവിൽ അവൻ സത്യമായും കണ്ടെത്തി, ചെടിക്കൂട്ടങ്ങൾക്കിടയിൽ ഒരിടത്ത് ഒരു ചെറിയ കുളം. അവൻ ആകാശത്തിലേക്കു കൈകൾ ഉയർത്തി വിളിച്ചു പറഞ്ഞു, അള്ളാഹു അക്ബർ!! വെള്ളം! വെള്ളം! വെള്ളം! അള്ളാഹു അക്ബർ!! 187     ആടുജീവിതം ശിരസ്സിൽ തീയാളുകയായിരുന്ന എന്റെ കാതിൽ ആ ശബ്ദം പതിച്ചു. ഞാൻ ഭ്രാന്തനെപ്പോലെ അങ്ങോട്ടോടിച്ചെന്നു. ഞാൻ കണ്ടു. എൻ്റെി തുറന്ന കണ്ണുകൾകൊണ്ടു കണ്ടു. ചെടിക്കൂട്ടങ്ങൾക്കിടയിൽ ഒരിടത്ത് ഒരു ചെറിയ ഉറവ. ജലസമൃദ്ധി! ദാഹാർത്തിമൂലം ഞാൻ ആ വെള്ളത്തിനരി കിലേക്കു വീണു. പെട്ടെന്ന് ഇബ്രാഹിം എന്നെ പിടിച്ചുമാറ്റി. കുടിക്കരുത്. അവൻ അലറി. എന്റെ കണ്ണുകൾ തിളച്ചു. എന്റെ ചോരയ്ക്ക്ഭ്രാന്തുപിടിച്ചു. ഞാൻ എന്റെ സർവ്വശക്തിയുമെടുത്ത് അവന്റെ പിടലിക്ക് അടിച്ചു. അപ്രതീക്ഷിതമായ ആ അടിയിൽ അവൻ വേച്ചുപോയി. ഞാൻ പിന്നെയും വെള്ളത്തിനരികിലേക്കു നീങ്ങി. പെട്ടെന്ന് ഇബ്രാഹിം എന്റെ കാലിൽ പിടിച്ചു വലിച്ചുകൊണ്ട് ദൂരെ കൊണ്ടുപോയി കിടത്തി. നായേ വിടടാ. എനിക്കു ദാഹിക്കുന്നു. എനിക്കു വെള്ളം കുടിക്കണം. ഞാൻ ചീറി. പക്ഷേ അവൻ പിടി വിട്ടില്ല. ഞാൻ നെഞ്ചത്തടിച്ചു കരഞ്ഞു. എൻ്റെ പട ച്ചോനെ നിങ്ങൾ എന്നെ എന്തിനിങ്ങനെ കൊതിപ്പിക്കുന്നു. എന്നെ വെള്ളം കുടിക്കാൻ സമ്മതിക്കാത്ത ഈ ദുഷ്ടനെ നീ മിന്നലയച്ചു കൊന്നുകള. ദുഷ്ടൻ. ഇവന്റെ കൂടെയാണല്ലോ ഞാൻ ദിവസങ്ങളോളം നടന്നത്. ഇവൻ ഹക്കീ മിനെ കൊന്നു. ഇനി എന്നെയും കൊല്ലാനാണ് പരിപാടി. ആ ദുഷ്ടൻ ആ ഉറവയിലെ വെള്ളമെല്ലാം ഒറ്റയ്ക്കു കുടിച്ചു തീർക്കും. ഒന്നു നാവു നന യ്ക്കാൻ പോലും എനിക്കു കിട്ടില്ല. ചാവുന്നതിനു മുൻപ് എനിക്കിത്തിരി വെള്ളം കുടിക്കണം. അതിൻ്റെ രുചി എന്താണെന്ന് ഒന്നറിയണം. ഞാൻ ചീറുകയും കുതറുകയും ചെയ്തു. എന്നെ ദൂരെ മാറ്റിക്കിടത്തിയിട്ട് അവൻ കുളത്തിനടുത്തേക്കു നടന്നു. അവിടെനിന്ന് എഴുന്നേല്ക്കാൻ എനിക്കു കെ പുണ്ടായിരുന്നില്ല. ആർത്തിയോടെ അവൻ ആ വെള്ളമെല്ലാം കുടിച്ചുതീർക്കുന്നതു കാണാനാവാതെ ഞാൻ കണ്ണടച്ചു കിടന്നു. പെട്ടെന്ന് എന്റെ ചുണ്ടിൽ ഒരു നനവ്. ഞാൻ കണ്ണുതുറന്നു. ഇബ്രാഹിം എന്റെ അരികിലിരിക്കുകയാണ്. അവന്റെ കയ്യിൽ ഒരു നനഞ്ഞ തുണിക്കഷണമുണ്ട്. അതുകൊണ്ട് അവൻ പതിയെ എൻ്റെ ചുണ്ടു നനയ്ക്കുകയാണ്. ആർത്തിയോടെ ഞാൻ വായ തുറന്നു. അതിൽനിന്നും ഒരു തുള്ളി എൻ്റെ നാവിലേക്കു വീണതും ഞാൻ പിടഞ്ഞെണീറ്റു. നാക്കിൽ ആസിഡു വീണു പൊള്ളിയതുപോലെ. അവൻ പിന്നെയും എന്റെ വായിലേക്ക് തുണിക്കഷണം തിരുകി വച്ചുതന്നു. അതിൽ നിന്ന് ഓരോ തുള്ളിയായി വെള്ളം എന്റെ നാവിലേക്ക് ഊറിവന്നു. അപ്പോ ഴൊക്കെ വലിയ വായിൽ നിലവിളിക്കാനുള്ള പൊള്ളൽ എനിക്കുണ്ടായി രുന്നു. അവൻ പിന്നെയും പോയി തുണി നനച്ചുവന്നു. നാവിൽനിന്നു പതിയെ വെള്ളം തൊണ്ടയിലേക്ക് അരിച്ചിറങ്ങി. നനഞ്ഞിടമെല്ലാം പൊള്ളിച്ചുകൊണ്ടാണ് ആ നനവ് എൻറെ വയറ്റിലെത്തിയത്. പിന്നെയും നിരവധി പ്രാവശ്യം വെള്ളം നനച്ചുവച്ചശേഷമാണ് എന്റെ പൊള്ളൽ പതിയെ അവസാനിക്കുന്നതും അതെന്നിൽ ഒരു ദാഹമായി വളരുന്നതും. 188     അവൻ എന്നെ ആ ഉറവയ്ക്ക് അരികിലേക്കു നടത്തിക്കൊണ്ടുപോയി. വെള്ളം കൈക്കുമ്പിളിൽ കോരി എൻ്റെ വായിലേക്ക് ഇറ്റിച്ചു തന്നു. മതി യാവോളം മതിയാവോളം ഞാൻ കുടിച്ചു. വരണ്ടു വറ്റിയിരുന്ന എൻ്റെി ഓരോ കോശങ്ങളിലേക്കും ആ നനവു പടർന്നു ചെല്ലുന്നതു ഞാൻ സുഖത്തോടെ അറിഞ്ഞു. അവസാനം ഞാൻ മതിയെന്നു പുലമ്പിയപ്പോ ഴേക്കും ഒരു വലിയ ക്ഷീണത്തോടെ നിലത്തേക്കു കുഴഞ്ഞുവീണു. അപ്പോൾ മാത്രമാണ് ഇബ്രാഹിം ഖാദരി തൻ്റെ നാവിലേക്കു നനഞ്ഞ തുണി ആദ്യമായി നീട്ടുന്നത്. എന്റെ നന്ദികേടോർത്തു ഞാൻ വിങ്ങിവിങ്ങി കരഞ്ഞു. Indian Terminal.co189     മുപ്പത്തിയെട്ട് പിന്നത്തെ മൂന്നു ദിവസം ഞങ്ങൾ ആ മരുപ്പച്ചയിൽ ഉണ്ടായിരുന്നു.m ഞങ്ങൾ ആവശ്യത്തിനു വെള്ളം കുടിച്ചു. ഈന്തപ്പനയിൽനിന്നും പഴം പറിച്ചു തിന്നു. വേണ്ടുവോളം ഉറങ്ങി. അത്രയും ദിവസത്തെ ക്ഷീണം ശരീര ത്തിൽനിന്നും കഴുകിക്കളഞ്ഞു. എന്നാൽ കാലിലെ വേദനയും നീരും നീറ്റലും അതുപോലെ അവശേഷിച്ചു. ആ മൂന്നു ദിവസവും ഇബ്രാഹിം കാലത്തിറങ്ങി അവിടെയെല്ലാം ചുറ്റിക്കറങ്ങി നോക്കിയശേഷം വൈകുന്നേര മാവുമ്പോഴേക്കും മടങ്ങി വരും. എവിടെയങ്കിലും മനുഷ്യസാന്നിദ്ധ്യ മുണ്ടോ...? രക്ഷപ്പെടാൻ വല്ല വഴിയും തെളിയുന്നുണ്ടോ..? എവിടെയാണ് ഞങ്ങൾ എത്തിപ്പെട്ടിരിക്കുന്നത് എന്നൊക്കെയാണ് അവൻ്റെ അന്വേഷണം. കൂടെ ചെല്ലണമെന്ന എൻ്റെ വാക്കുകളെ അവൻ ആദ്യദിവസംതന്നെ തള്ളി ക്കളഞ്ഞിരുന്നു. മരുഭൂമിയിൽ വേഗം വാടിപ്പോകുന്ന പൂവാണ് നീ. ഇനി യൊരു സുരക്ഷിതവഴി കണ്ടെത്തിയിട്ടു മതി നിന്റെ പുറപ്പാട്. വഴി തെറ്റാ നുള്ള എല്ലാ സാധ്യതകളിലേക്കുമായിരുന്നു അവന്റെ പുറപ്പെടൽ. തിരിച്ചു വന്നാൽ വന്നെന്നു പറയാം. ഇല്ലെങ്കിൽ ഈ ഭൂമിയിൽ ഞാൻ ഒറ്റയ്ക്കായി പ്പോയി എന്നു കരുതിയാൽ മതി. അവൻ തിരിച്ചുവരാൻ വൈകുന്തോറും എന്റെയുള്ളിൽ ഒരു ആന്തൽ പിറക്കും. ഒറ്റയ്ക്കാവുക എന്നത് എനിക്ക് ആലോചിക്കാൻപോലും കഴിയുമായിരുന്നില്ല. പിന്നെ അവൻ്റെ തലവെട്ടം അകലെ മണൽക്കുനയിലെവിടെയെങ്കിലും കണ്ടാലേ എനിക്ക് ആധി യൊഴിയുമായിരുന്നുള്ളൂ. ഇബ്രാഹിം ഖാദരി പോയിക്കഴിഞ്ഞാൽ ഞാൻ ആ മരുപ്പച്ചയിലാകെ നടന്നുനോക്കും. സാധാരണ മരുപ്പച്ച എന്നു കേൾക്കുമ്പോൾ അത് ഏക്കറു കണക്കിന് ഇടത്തിലേക്കു വ്യാപിച്ചു കിടക്കുന്ന മരുഭൂമിയിലെ ഒരു ജൈവ മേഖല ആയിരിക്കും. മിക്കപ്പോഴും കാട്ടറബികളോ വഴിയാത്രക്കാരോ അവിടെ താമസവും കാണും. ഇത് അങ്ങനെയൊന്നുമില്ല. ലോകത്തിലെ ഏറ്റവും ചെറിയ മരുപ്പച്ച് എന്നു ഞാനതിനെ വിശേഷിപ്പിക്കുകയാണ്. അത്രയ്ക്കും ചെറിയ ഒന്ന്! ഏറിയാൽ ഒരേക്കർ വിസ്തൃതി. അതിൽ ഒരു കുളം. കുറച്ച് ഈന്തപ്പനകൾ പിന്നെ പേരറിയാത്ത ഏതൊക്കെയോ ചില കള്ളിമുൾച്ചെടികൾ. ചില കുഞ്ഞിച്ചെടികൾ. ചുറ്റും അനന്തമായ മണൽ ക്കാട്. ആരാലും കണ്ടുപിടിക്കാത്ത ഒരു കുഞ്ഞു മരുപ്പച്ച! ദൈവത്തിന്റെ 190     ബെന്യാമിൻ സ്വന്തം ഏദൻതോട്ടം. ഞങ്ങൾക്കുവേണ്ടി അള്ളാഹു അന്നേരം സൃഷ്ടിച്ച താണോ ആ മരുപ്പച്ച എന്നുപോലും ഞാൻ വിചാരിച്ചിട്ടുണ്ട്. മൂന്നാം ദിവസം ഉച്ചയ്ക്ക് ഇബ്രാഹിം സന്തോഷത്തോടെയാണ് തിരിച്ചു വന്നത്. എന്തോ ഒരു അടയാളം അവന്റെ കണ്ണിൽ പെട്ടുവെന്നു സാരം. ഞാൻ ഏന്തിവലിഞ്ഞ് അവന്റെ അരികിലെത്തി. എന്താ ഇബ്രാഹിം വല്ല വഴി സൂചനയും..? നമ്മൾ ജീവിതത്തിൽ നിന്ന് ഏറെയൊന്നും അകലത്തല്ല നജീബ്. അവൻ പറഞ്ഞു. ഇന്നു ഞാൻ മണൽക്കാടുകൾക്കുള്ളിൽ മൂന്നു കല്ലുകൾ കണ്ടെത്തി. മനുഷ്യൻ ഉപയോഗിച്ച മൂന്നു കല്ലുകൾ. ആരോ ആ വഴി വന്നിരിക്കുന്നു. ആ കല്ലുകൾക്കു ചുവട്ടിൽ തീകുട്ടി ഭക്ഷണം പാകം ചെയ്തിരിക്കുന്നു. അതൊരു നല്ല സൂചനയാണ്. പിറ്റേന്നു കാലത്തുതന്നെ ഞങ്ങൾ അവിടം ലക്ഷ്യമാക്കി നടന്നു. ഏറെ ദിവസം അവിടെ തങ്ങുന്നതിലും അർത്ഥമൊന്നുമില്ലെന്നു ഞങ്ങൾക്കറിയാ മായിരുന്നു. വീണ്ടും ജീവിതത്തെ അള്ളാഹുവിൻ്റെ പരീക്ഷണത്തിനു വിട്ടു കൊടുക്കുകതന്നെ. നടന്നു. ഇബ്രാഹിം പറഞ്ഞതുപോലെ ആ കല്ലുകൾ ഞാനും കണ്ടു. അത്ര പൂഴിമണ്ണില്ലാത്ത ഒരു വെളിമ്പദേശത്തായിരുന്നു അത്. അവിടെ ചുറ്റിനടന്നു പരിശോധിച്ചപ്പോൾ ഒരു വഴിത്താര ഞങ്ങൾക്കു ദൃശ്യ പ്പെട്ടു. ആ വഴിയിൽ വണ്ടികൾ നിരന്തരം വന്നുപോയതിൻ്റെ വടുക്കൾ. മനുഷ്യസാന്നിദ്ധ്യത്തിന്റെ കൂടുതൽ തെളിവുകൾ. നഗരജീവികൾ ഉല്ലാസ ത്തിനു വരുന്ന പ്രദേശമാകാം ഇത്. എങ്കിൽ ഈ വഴി ഞങ്ങളെ ഒരു സുര ക്ഷിതസ്ഥാനത്ത് എത്തിക്കും തീർച്ച! വീണ്ടും ഞങ്ങളുടെ ജീവിതം പ്രതീക്ഷ യിലേക്കു വളർന്നു. ഞങ്ങൾ ആർത്തിയോടെ അതിനെ പിന്തുടർന്നു. ഓരോ വളവിന്റെയും ഓരോ കുന്നിന്റെയും അപ്പുറത്ത് ഞങ്ങൾ ഒരു മനുഷ്യ സാന്നിദ്ധ്യം പ്രതീക്ഷിച്ചു. എന്നാൽ വന്ധ്യവും തരിശുമായ ഇടങ്ങളിലൂടെ എങ്ങോട്ടോ ആ വഴി ഞങ്ങളെ കൂട്ടിക്കൊണ്ടുപോയി. അപ്പോഴതാ ഞങ്ങളെ അതിശയിപ്പിച്ചുകൊണ്ട് മണൽക്കുന്നിന്റെ നടുവിലൂടെ അണ്ണാന്റെ മുതു കത്തെ വരപോലെ ഒരു നീളൻ പാട്! വളരെ ദൂരെ ഒരു മണൽക്കൂനയുടെ മുകളിൽവച്ചേ എൻ്റെ കൊതിക്കണ്ണുകൾ അതു കണ്ടുപിടിച്ചിരുന്നു. ഞാന ങ്ങോട്ട് ആർത്തിയോടെ ഓടിച്ചെന്നു. എൻ്റെ സംശയം സത്യമായിരുന്നു. അതൊരു വണ്ടിച്ചകത്തിൻ്റെ പാടായിരുന്നു..! എൻ്റെ റബുല്ലാലമീനായ തമ്പുരാനേ... എന്താണ് ആ പാടിൻ്റെ അർത്ഥം..!! ഏതോ ഒരു മനുഷ്യജീവി ഇവിടംവരെ വന്നുപോയിരിക്കുന്നു എന്നല്ലേ..? അതായത് ഇതിനടുത്ത് എവിടെയോ ഒരു മനുഷ്യജീവിയുണ്ട്. ഇതിനടുത്ത് എവിടെയോ ഒരു മനുഷ്യ പാതയുണ്ട്. ഇതിനടുത്ത് എവിടെയോ ഒരു മനുഷ്യവാസക്രേന്ദമുണ്ട്. അന്ധ കാരത്തിന്റെ്റെ മഹാലോകത്തു പ്രത്യാശയുടെ ഒരു ചെറുതിരിതന്നെയായി രുന്നു അത്! ഞങ്ങൾ ആ ചക്രപ്പാടിനെ പിന്തുടരാൻ തീരുമാനിച്ചു. അതു ഞങ്ങളെ തീർച്ചയായും ഒരു സുരക്ഷിതസ്ഥാനത്തു കൊണ്ടുചെന്നെത്തിക്കുമെന്നു 191     ആടുജീവിതം ഞങ്ങൾക്ക് ഉറച്ച വിശ്വാസം തോന്നി. ഒരു മനുഷ്യന്റെയും വണ്ടിപ്പാടല്ല ഇത്. ഇത് അള്ളാഹുവിന്റെ വണ്ടിയുടെ ചകം വരച്ചപാടാണ്. അതു രക്ഷയിലേ ക്കുള്ള വഴികാട്ടിയാണ്. അള്ളാഹുവേ നന്ദി. ഒരായിരം നന്ദി. ഒരു കോടി നന്ദി. പക്ഷേ, പേടിയുണ്ടായിരുന്നു. കാറ്റിൻ്റെ നേരിയ ഒരിളക്കം മതി ഞങ്ങളുടെ പ്രതീക്ഷയത്രയും അവസാനിക്കാൻ. കാറ്റ് ചെറുതായെങ്കിലും ഒന്നു തിരിഞ്ഞുകിടന്നാൽ ആ ചകപ്പാട് എന്നെന്നേക്കുമായി ഞങ്ങൾക്കു മുന്നിൽ അലിഞ്ഞ് ഇല്ലാതായിപ്പോകും. പക്ഷേ ഇന്ന് അള്ളാഹു ഞങ്ങൾക്കൊപ്പ മുണ്ട്. കാറ്റിനെ ഒന്നു ഞരങ്ങാൻപോലും അദ്ദേഹം സമ്മതിക്കില്ല. ഞങ്ങൾ എല്ലാ ക്ഷീണവും മറന്ന് ഓടുകയായിരുന്നു. കാലിൻ്റെ കഴപ്പും പുളപ്പും നീരും വേദനയും നീറ്റലും മുറിവും എല്ലാം ഞാൻ മറന്നു. കാറ്റുണരും മുൻപേ വഴിയിലെത്തുക. ഓടുന്നതനുസരിച്ച് അതു നീളത്തിലേക്കു നീള ത്തിലേക്കു നീണ്ടുവളഞ്ഞുപോകുകയാണ്. അതിനനുസരിച്ചു ഞങ്ങളുടെ പ്രതീക്ഷകളും നീണ്ടുനീണ്ടു ചെന്നു. പ്രതീക്ഷയുടെ അസ്‌തമിക്കാത്ത തിരിവെളിച്ചത്തെ പിന്തുടർന്ന് ഞങ്ങൾ എത്രദൂരം ഓടിക്കാണുമെന്നു നിശ്ചയമില്ല. നേരം സന്ധ്യയോട് അടുക്കും വരേക്കും അതു നീണ്ടു എന്നു ഞാനോർക്കുന്നു. ഞങ്ങൾ ലക്ഷ്യസ്ഥാന ത്തിന് ഏതാണ്ട് അടുത്തെത്തിക്കഴിഞ്ഞിരിക്കുന്നു എന്ന് ഞങ്ങൾക്കുറപ്പാ യിരുന്നു. പക്ഷേ, നിർഭാഗ്യകരമായ ഒരു നിമിഷത്തിൽ ആ ദിവസം മുഴുവൻ ചത്തുമലർന്നുകിടന്ന കാറ്റ് ചാടി എഴുന്നേറ്റ് ആഞ്ഞുവീശുകയും ചകപ്പാടു കളെ അകലങ്ങളിലേക്കു പറത്തിക്കൊണ്ടുപോവുകയും ചെയ്തു. ആ കാറ്റിനുമുന്നിൽ ഞങ്ങൾ ഞെട്ടിത്തരിച്ചു നിന്നു. അതടങ്ങിയപ്പോൾ അനന്ത മായ ശൂന്യതമാത്രം ഞങ്ങൾക്കു മുന്നിൽ നീണ്ടു വിടർന്നു കിടന്നു. സങ്കടം കൊണ്ടുഞാൻ കരഞ്ഞുപോയി. ഞാൻ ആകാശങ്ങളിലേക്കു നോക്കി. മതി എന്റെ പടച്ചോനേ മതി. നിൻ്റെ ആ കളിയിൽനിന്ന് ഇനിയെങ്കിലും എന്നെ ക്കൂടി ഒഴിവാക്കിത്തന്നേക്കൂ. ഈ പരിഹാസം എനിക്കിനി സഹിക്കാൻ വയ്യ. മുന്നോട്ടു നടന്നുചെല്ലാനുള്ള ഇബ്രാഹിം ഖാദരിയുടെ വിളിയെ അവഗണിച്ചു ഞാൻ മണൽത്തിരകൾക്കുമേലെ ഒരു തകർന്ന കപ്പലിന്റെ അവശിഷ്ടം പോലെ നീണ്ടുനിവർന്നു കിടന്നു. മറ്റൊരു സന്ധ്യകൂടി അങ്ങനെ കണ്ണീരിൽ ഒലിച്ചുപോയി. 192     മുപ്പത്തിയൊമ്പത് പിറ്റേന്നു നേരം വെളുത്തിട്ടില്ല. അപരിചിതമായ ഒരു ശബ്ദം കേട്ടാണ് omഞാൻ ഉറക്കത്തിൽനിന്നും നടുങ്ങിയുണരുന്നത്. ഞാൻ കാതോർത്തു. ഒന്നു മില്ല. എനിക്കു തോന്നിയതായിരിക്കണം. പിന്നെയും കണ്ണടച്ചു കിടന്നു. അപ്പോൾ വീണ്ടും ആ ശബ്ദം. ഞാൻ എഴുന്നേറ്റു. മരുഭൂമി അതിന്റെ കലി യെല്ലാം അഴിച്ചുവച്ച്ശാന്തമായി ഉറങ്ങുകയാണ്. ഏറ്റവും അകലെനിന്നുള്ള സൂക്ഷ്മശബ്ദംപോലും ആർക്കും വ്യക്തമായി കേൾക്കാം. അത്രയ്ക്കും പ്രശാന്തമായ അവസ്ഥ. അപ്പോൾ അതാ വീണ്ടും ആ ശബ്ദം. ഞാൻ എന്റെ ശ്രദ്ധ മുഴുവൻ ചെത്തിക്കൂർപ്പിച്ചു കാതോർത്തു. ഭാരം കയറ്റിയ വണ്ടികൾ നീളൻ ഹൈവേയിലൂടെ പോകുമ്പോൾ ടയറിന് ഒരു പ്രത്യേക ശബ്ദമുണ്ട്. രാത്രിയുടെ നിശ്ശബ്ദയാമങ്ങളിൽ ഞാൻ നാട്ടിൽവച്ച് അത് എത്രയോ വട്ടം കേട്ടിരിക്കുന്നു. ഇതും അകലെ എവിടെക്കൂടെയോ നീങ്ങിപ്പോകുന്ന ഒരു വണ്ടിയുടെ ശബ്ദംതന്നെ. തീർച്ച! അതിങ്ങനെ ഇടവിട്ട്, ഇടവിട്ടു കേൾക്കാം. എനിക്കുമുന്നിൽ സാമാന്യം വലിയൊരു മലയുണ്ട്. എന്റെ ബോധം എന്നെ ചതിക്കുന്നില്ലെങ്കിൽ, ഈ ശബ്ദം എന്റെ തളർന്ന മനസ്സിന്റെ ഒരു മായികസ്വപ്നമല്ലെങ്കിൽ, തീർച്ചയായും ഈ മലയ്ക്കപ്പുറത്തുകൂടെ ഒരു ഹൈവേ കടന്നുപോകുന്നുണ്ട്. ആ ഹൈവേയിലൂടെ വണ്ടികൾ കടന്നു പോകുന്നുണ്ട്. ഞാൻ ആ കിടപ്പിൽനിന്നും പിടഞ്ഞണീറ്റു. ഇബ്രാഹിം.. ഞാൻ അലറി വിളിച്ചു. ഇതാ നാം എത്തി. നാം എത്തി.. സന്തോഷംകൊണ്ട് എന്റെ ഉള്ളം പിടയ്ക്കുകയായിരുന്നു. ഞാൻ ഇബ്രാഹിം കിടന്നിടത്തേക്ക് ഓടിച്ചെന്നു. എന്നാൽ അവൻ അവിടെ ഉണ്ടായിരുന്നില്ല. ഞാൻ ചുറ്റും നോക്കി. എവിടെയും ഇബ്രാഹിം ഇല്ല. ഇബ്രാഹിം... ഇബ്രാഹിം... ഞാൻ ചുറ്റും നടന്നു വിളിച്ചു. എവിടെനിന്നും ഒരു മറുപടിയും ഇല്ല. ഇവൻ എവിടെപ്പോയിക്കിടക്കുന്നു. ഇത്രയ്ക്കങ്ങ് ഉറങ്ങി പ്പോയോ..? ഇബ്രാഹിം.. ഇബ്രാഹിം.. ഞാൻ പിന്നെയും അവിടെയെല്ലാം ചുറ്റി നടന്നു വിളിച്ചു. എന്നാൽ ആ വിളികളെല്ലാം മറുപടിയില്ലാതെ മരുഭൂമിയുടെ അനന്തതയിൽ പോയി വിലയിച്ചു. മരുഭൂമിയുടെ കിഴക്കേക്കോണിൽ ആദ്യവെളിച്ചം പിറന്നു. എൻ്റെ മുന്നിൽ നിന്ന് ഇരുട്ടിന്റെറെ പാട നീങ്ങിപ്പോയി. മണ്ണും കുന്നും എന്റെ മുന്നിൽ   193   ആടുജീവിതം പ്രത്യക്ഷമായി. വെളിച്ചത്തിന്റെ സഹായത്തോടെ ഞാൻ അവിടെയെല്ലാം ഏറെനേരം നടന്നു നോക്കി. എവിടെയും ഇബ്രാഹിം ഖാദരി ഇല്ല. മൺകു നയ്ക്കു മുകളിൽ കയറി ഞാൻ ചുറ്റോടുചുറ്റും നോക്കി. എങ്ങും അവന്റെ ഒരു സൂചനപോലുമില്ല. പിന്നെയും ഏറെ നേരത്തെ അന്വേഷണത്തിനൊ ടുവിലാണ് ഞാൻ ആ സത്യത്തോടു പൊരുത്തപ്പെട്ടത്. ഇബ്രാഹിം ഖാദരി എന്ന എന്റെ വഴികാട്ടി, എൻ്റെ രക്ഷകൻ എൻ്റെജീവിതത്തിൽനിന്നും എന്നെ ന്നേക്കുമായി അപ്രത്യക്ഷനായിരിക്കുന്നു. എങ്ങോട്ടു പോയിമറഞ്ഞു എന്ന് തിനു യാതൊരു സൂചനയുമില്ലാതെ. ഭൂമിയിലെ അവസാനത്തെ മനുഷ്യൻ എന്നപോലത്തെ ഏകാന്തതയും ദുഃഖവും എനിക്കു തോന്നി. ഞാൻ മണ ലിൽ കുത്തിയിരുന്നു കരഞ്ഞു. ഇബ്രാഹിം, എന്നാലും നീ എന്നെ ഇങ്ങനെ ഈ വഴിയിൽ ഒറ്റയ്ക്കാ ക്കിയിട്ട്.. എങ്ങോട്ട്..? ഇത്രയും ദിവസം നാം ഒന്നി ച്ചായിരുന്നില്ലേ..? ഈ വേദനയിലും ഈ സങ്കടത്തിലും എല്ലാം... ഇതാ നമുക്കു രക്ഷപ്പെടാനുള്ള ആ വഴി യിൽ നാം എത്തിച്ചേരാൻ പോകുന്നു. ഏറിയാൽ ഒരു മണിക്കൂർനേരത്തെ നടത്തം. അതിനുള്ളിൽ നാം ആ ഹൈവേയിൽ എത്തും. പക്ഷേ നീ എവിടെ..? കഴിഞ്ഞ രാത്രി നീ എങ്ങോ ട്ടാണ് പോയി മറഞ്ഞത്..? എന്നോട് ഒരു വാക്ക് നിനക്കു പറയാമായിരുന്നു. ഒരു യാത്രാമൊഴിയെങ്കിലും ചോദിക്കാമായിരുന്നു... വെയിൽ കനത്തിട്ടാണ് പിന്നെ ഞാൻ അവിടെനിന്ന് എഴുന്നേറ്റു നടക്കു ന്നത്. അത്രയും ദിവസം നടന്നതിനേക്കാൾ നൂറുമടങ്ങ് കഠിനമായ നടപ്പാ യിട്ടാണ് എനിക്ക് അതു തോന്നിച്ചത്. എത്ര നടന്നിട്ടും എവിടെയും എത്താത്തതുപോലെ. നടക്കുന്തോറും പിന്നോട്ടു മാറുന്നതുപോലെ. ആ ഏകാന്തത എന്നെ എത്ര മുറിപ്പെടുത്തി എന്ന് എനിക്കുഹിക്കാൻ കഴിയു ന്നില്ല. ഏതാണ്ടു വൈകിട്ടോടുകൂടി അവസാനം ഞാൻ ആ ഹൈവേയിൽ എത്തി. അത്രയൊന്നും ധാരാളമായി വണ്ടികൾ പോകുന്ന ഒരു ഹൈവേ ആയിരുന്നില്ല അത്. വല്ലപ്പോഴുമായിരുന്നു അതിലേ ഒരു വണ്ടി വന്നത്. മിക്ക വയും ഭാരം കയറ്റിപ്പോകുന്ന ട്രയിലറുകൾ. പിന്നെ അപൂർവ്വം കാറുകളും അതിലെ ചീറിപ്പാഞ്ഞുപോയി. അവശതയോടെ ഞാൻ റോഡരികിൽ നിന്നു വരുന്ന ഓരോ വണ്ടിക്കും കൈ കാണിച്ചുകൊണ്ടിരുന്നു. എന്നാൽ, എന്റെ പ്രതീക്ഷകളിൽ നിരാശ പരത്തിക്കൊണ്ട് എല്ലാ വണ്ടികളും എന്നെ അവഗ ണിച്ച് അതിൻ്റെ ലക്ഷ്യങ്ങളിലേക്ക് അകന്നുപോയി. ഓരോ വണ്ടി പോയി ക്കഴിയുമ്പോഴും അടുത്തതു തീർച്ചയായും എൻ്റെ അരികിൽ നിറുത്തു മെന്നും അതെന്നെ കയറ്റിക്കൊണ്ടുപോകുമെന്നും ഞാൻ ആശിച്ചുകൊണ്ടി രുന്നു. എന്നാൽ അപ്പോഴും ഭാഗ്യം എനിക്കൊപ്പം ഉണ്ടായിരുന്നില്ല. ഒരു വണ്ടി ക്കാരനും എന്നോടു കരുണ കാണിച്ചില്ല. അല്ലെങ്കിൽ ഒരു വണ്ടിക്കാരന്റെ മനസ്സിലും അള്ളാ അങ്ങനെയൊരു നിർദ്ദേശം കൊടുത്തില്ല. അങ്ങനെ ഞാൻ അനാഥമായി ഉപേക്ഷിക്കപ്പെട്ട ഒരു രാത്രികൂടി വീണ്ടും വന്നെത്തി. 194     നാല്‌പത് നേരം പുലർന്നു. രാത്രിയുടെ അന്ത്യത്തോടെ ഏതാണ്ടു നിലച്ച പരുവത്തി ലായിരുന്ന വണ്ടിയൊഴുക്ക് വീണ്ടും തുടങ്ങി. ഏറെയും ഭാരം കയറ്റിപ്പോകുന്ന വണ്ടികൾ. ഞാൻ റോഡിന്റെ മദ്ധ്യഭാഗംവരേയും ഇറങ്ങിച്ചെന്ന് ഓരോ വണ്ടിക്കും കൈകാണിച്ചുകൊണ്ടിരുന്നു. പക്ഷേ തലേന്നത്തെപ്പോലെ അന്നും എല്ലാ വാഹനങ്ങളും എന്നെ അവഗണിച്ചു കടന്നുപോയി. എനിക്കതിൽ അതി ശയം ഒന്നും തോന്നിയില്ല, ആർക്കും കൂടെ കൂട്ടാൻ തോന്നുന്ന ഒരു രൂപമായി രുന്നില്ല എനിക്കപ്പോൾ. മൂന്നു വർഷത്തെ മസറജീവിതം. അതിനുശേഷം എത്രയോ ദിവസത്തെ മരുഭൂമിയിലൂടെയുള്ള അലച്ചിൽ. ഞാൻ തീർത്തും മനുഷ്യരൂപം അല്ലാതായിക്കഴിഞ്ഞിരുന്നു. എനിക്കാണെങ്കിൽ ദാഹവും വിശപ്പും വല്ലാതെ അധികരിക്കുന്നുണ്ടായിരുന്നു. മരുപ്പച്ചയിൽനിന്നു ഞങ്ങൾ പുറപ്പെട്ടിട്ട് അന്നേക്കു മൂന്നു ദിവസം കഴിഞ്ഞിരുന്നു. ജീവിതത്തിനോട് ഇത്രയും അടുത്തെത്തിയിട്ട് അതു കൈവിട്ടുപോകുന്നത് എനിക്ക് ഓർ ക്കാനേ ആവുമായിരുന്നില്ല. ഇത്രയൊക്കെ ആയിട്ടും അള്ളാഹുവിൻ്റെ കടാക്ഷം എനിക്കുനേരെ ഇല്ലാത്തതിൽ എനിക്കന്നേരം എന്നോടുതന്നെ വിദ്വേഷം തോന്നി. ഇതിനുമാത്രം പാപം എന്താണാവോ ഞാൻ ചെയ്തത്? കണ്ണീരോടെ ഞാൻ നെഞ്ചത്തടിച്ചു ചോദിച്ചു. അള്ളാ നീ എൻ്റെ രണ്ടു കൂട്ടുകാരെയും മരുഭൂമിയിൽ നഷ്ടപ്പെടുത്തി. ഹക്കീമിനെ അത് വറ്റിച്ചുകൊന്നു. ഇബ്രാഹി മിനെ അത് അപ്രത്യക്ഷമാക്കി. എന്നെ നീ ഇവിടെവരെ കൊണ്ടുചെന്നെ ത്തിച്ചു. ഇനിയും എന്തിന്..? എന്തിന്..? ഉത്തരം കിട്ടാത്ത ഒരു ചോദ്യമായി അതിന്നും എന്റെ മനസ്സിൽ തളംകെട്ടിക്കിടക്കുന്നു. നിമിഷങ്ങൾ ഉച്ചവെയിലി ലേക്കു കടക്കുകയായിരുന്നു. ഇടവിട്ട് ഇടവിട്ടു വണ്ടികൾ എന്നെ കടന്നു പോയ്ക്കൊണ്ടിരുന്നു. അകലെനിന്ന്, മുന്തിയ വിലയുള്ള ഒരു കാർ ചീറിപ്പാഞ്ഞുവരുന്നത്ഞാൻ കണ്ടു. അതിനു കൈകാണിച്ചിട്ട് ഒരു ഫലവുമില്ലെന്ന്എനിക്കറിയാമായിരുന്നു. ടയിലറുകാരുപോലും തല പുറത്തേക്കിട്ടു പുച്ഛത്തോടെ നോക്കി പോകുന്ന എന്നെയാണ് ഇതുപോലൊരു കാറിൽ കയറ്റുന്നത്! എന്നിട്ടും എന്തോ ഒരു ആന്തരികചോദനമൂലം അടുത്തുവന്നപ്പോൾ ഞാൻ ആ വണ്ടിക്കും കൈകാ ണിച്ചു. സ്വാഭാവികമായും അതും നിറുത്താതെ എന്നെക്കടന്നുപോയി. എന്നാൽ അല്പം മുന്നോട്ടു ചെന്ന് അതു ബ്രേക്കിരമ്പി നിന്നു. എനിക്ക തിശയം തോന്നി. ഞാൻ കൈകാണിച്ചിട്ടുതന്നെയാവുമോ അതു നിറുത്തി യത്..? ഒരു നിമിഷം ശങ്കിച്ചു നിന്നശേഷം ഞാനതിനടുത്തേക്ക് ഓടിച്ചെന്നു. 195     ആടുജീവിതം അതിനുള്ളിൽ കുലീനവസ്ത്രധാരിയായ ഒരു സുന്ദരൻ അറബി. ഗ്ലാസ് താഴ്ത്തി അയാളെന്നോട് എന്തോ ചോദിച്ചു. എന്തുപറയണമെന്ന് എനിക്ക റിയില്ലായിരുന്നു. അല്ല, എനിക്കൊന്നും പറയാനില്ലായിരുന്നു. സ്നേഹവായ നായ അറബി, ഇന്നലെ മുതൽ എത്ര വണ്ടികൾ എന്നെ കടന്നുപോയിരി ക്കുന്നു. ഒരാളും എനിക്കുവേണ്ടി അതിന്റെ ബ്രേക്ക് ഒന്നു ചവിട്ടിയില്ല. എന്റെ അടുത്തു നിറുത്തി നിനക്കെന്താണ് വേണ്ടത്, നീ എന്തിനാണ് ഇവിടെ നില്ക്കുന്നത്, നീ എങ്ങനെയാണ് ഇവിടെ വന്നുപെട്ടത് എന്നൊന്നും ചോദി ച്ചില്ല. എനിക്കുവേണ്ടി ബ്രേക്കിൽ ഒന്നു കാലമർത്താൻ നിങ്ങൾക്കു തോന്നി യല്ലോ. മതി എനിക്കതു മതി. ഞാനവിടെ നിന്ന് അറിയാതെ കരഞ്ഞുപോ യി. അയാൾ പിന്നെ എന്നോടൊന്നും ചോദിച്ചില്ല. എനിക്കുവേണ്ടി വണ്ടി യുടെ വാതിൽ തുറന്നുതന്നു. എന്നെ നിർബന്ധിച്ച് വണ്ടിയുടെ പുറകിൽ കയറ്റിയിരുത്തി. പിന്നെ വണ്ടിയോടിച്ചുപോയി. ആ മുന്തിയ വണ്ടിയുടെ പള പളപ്പൻ സീറ്റിൽ എൻ്റെ വൃത്തികേടോടെ ഉറച്ചിരിക്കാൻ എനിക്കു മടിതോ ന്നി. എന്നാലും ഞാൻ ഇരുന്നു. ഞാൻ കയറി ഇത്തിരി കഴിഞ്ഞപ്പോൾ അയാൾ വണ്ടിക്കുള്ളിലെ എസി ഓഫാക്കി. ഗ്ലാസ് താഴ്ത്തിയിട്ടു. മൂക്കു പൊത്തിപ്പിടിച്ചു. അതെൻ്റെ മുശടു വാട കാരണമാണെന്ന് എനിക്കറിയാമാ യിരുന്നു. വേണമെങ്കിൽ എന്നെ അപ്പോൾതന്നെ അദ്ദേഹത്തിനു വണ്ടി യിൽനിന്ന് ഇറക്കിവിടാമായിരുന്നു. എന്നാൽ അദ്ദേഹം ഒരസഹ്യതയും എന്നോടു കാണിച്ചില്ല. ഞാൻ ആ മഹാനായ മനുഷ്യനോട് ഇത്തിരി വെള്ളം ചോദിച്ചു. അയാൾ എനിക്ക് ഒരു കുപ്പി വെള്ളം എടുത്തുതന്നു. ഞാനത് ഒരു വലിക്കു മൊത്തിക്കുടിച്ചു. ഇനിയും വേണോ എന്നു വീണ്ടും അയാൾ ചോദിച്ചു. ഞാൻ തലയാട്ടി. വീണ്ടും ഒരു കുപ്പികൂടി തന്നു. ഞാൻ അതും കുടിച്ചു വറ്റിച്ചു. എന്നിട്ടും എന്റെ ദാഹമടങ്ങിയിരുന്നില്ല. എന്നാൽ, പിന്നൊരു വട്ടം കൂടി ചോദിക്കാൻ എൻ്റെ മനസ്സനുവദിച്ചില്ല. ഞാൻ പതിയെ ആ സീറ്റി ലേക്കു ചാരിയിരുന്നു. ക്ഷീണം കാരണം പതിയെ ഉറങ്ങിപ്പോയി. അതു കൊണ്ടുതന്നെ എത്രനേരം ആ യാത്ര നീണ്ടെന്ന് എനിക്കൊരു ഊഹവുമി ല്ല. ഏതാണ്ട് ഒരു വൈകുന്നേരത്തോടെ വണ്ടി ഒരു നഗരപ്രദേശത്തെത്തി ബ്രേക്കിടുമ്പോഴാണ് ഞാൻ പിന്നെ ഉണരുന്നത്. ഞാൻ ചുറ്റും പകച്ചുനോ ക്കി. വലിയ വലിയ കെട്ടിടങ്ങൾ. വലിയ ആളും ബഹളവും. വലിയ വണ്ടി ത്തിരക്ക്. ഇത്തിരിനേരംകൂടി മുന്നോട്ടു സഞ്ചരിച്ച് അദ്ദേഹം വണ്ടി ഒരു ഭാഗ ത്തേക്ക് ഒതുക്കി നിറുത്തി എന്നെ തിരിഞ്ഞുനോക്കി. എനിക്കിറങ്ങാനുള്ള സൂചനയാണ് അതെന്ന് എനിക്കു മനസ്സിലായി. അത്രയും നേരം എന്നെ സഹിച്ച ആ വലിയ മനുഷ്യനോട് എനിക്കുള്ള കടപ്പാട് എങ്ങനെയാണ് ഞാൻ അറിയിക്കുക. ആ വലിയ സന്മനസിനു പകരം ഒരു തുള്ളി കരച്ചിലാണ് ഞാൻ തിരികെ കൊടുത്തത്. ഒരു വാക്കുപോലും ചോദിച്ചില്ല. പറഞ്ഞില്ല. ഞാൻ വണ്ടിയിൽനിന്നിറങ്ങി. അതിന്റെ വാതിലടഞ്ഞു. എന്നെ ആ നഗര ത്തിന്റെ നടുവിൽ തനിച്ചാക്കി അതു ദൂരേക്ക് ഓടിമറഞ്ഞു. ഞാൻ കരഞ്ഞു. പണക്കാരന്റെ വണ്ടിയിലും വല്ലപ്പോഴും അള്ളാഹു സഞ്ചരിക്കുമെന്ന് എനിക്കന്നേരം മനസ്സിലായി. 196     നാല്പത്തിയൊന്ന് കുറച്ചുനേരം ഞാൻ ആ നഗരപ്രദേശത്തു മിഴിച്ചുനിന്നു. കടന്നുപോകു omന്നവർ എന്നെ ഒരു വിചിത്രജീവിയെ എന്നപോലെ മിഴിച്ചുനോക്കുന്നതു ഞാൻ കണ്ടു. ഞാൻ പതിയെ വഴിയുടെ ഓരം പിടിച്ചു നടന്നു. അതൊരു മാർക്കറ്റായിരുന്നു. നീണ്ടു പടർന്നു കിടക്കുന്ന ഒരു ചന്തത്തെരുവ്. ചുറ്റും പച്ചക്കറികളുടെയും പഴവർഗ്ഗങ്ങളുടെയും കൂന. അതിൻ്റെ നനുത്ത മണം എവിടെയും നിറഞ്ഞു നില്ക്കുന്നു. പുഴപോലെ തിങ്ങിയൊഴുകി നീങ്ങുന്ന അറബികൾ. അവർക്കിടയിൽ കറുത്ത കുപ്പായത്തിൽ കണ്ണുകൾ മാത്രമായി സ്ത്രീകൾ. കച്ചവടക്കാരുടെ രൂപത്തിൽ ഇന്ത്യക്കാർ. കച്ചവടത്തിൻ്റെ കോലാഹലങ്ങൾ. എല്ലാവർക്കും ഇടയിലൂടെ തികച്ചും പ്രാകൃതവേഷത്തിൽ ഞാൻ. എല്ലാവരും എന്നെ മിഴിച്ചു നോക്കുകയും എന്നെ തൊടാതിരിക്കാൻ ഒഴിഞ്ഞു പോകുകയും ചെയ്യുന്നു. അതിലെനിക്കക്കു തെല്ലും വിഷമം തോന്നിയില്ല. സത്യത്തിൽ എനിക്കുതന്നെ എന്നെ ശരിക്കും നാറുന്നുണ്ടാ യിരുന്നു. എനിക്കു നല്ലപോലെ വിശക്കുന്നുണ്ടായിരുന്നു. എന്നാൽ ആഹാരം കഴിക്കാൻ എന്റെ കയ്യിൽ ഒരു ചില്ലിക്കാശുപോലുമില്ല. അത്രയും കാലത്തെ ജീവിതത്തിനിടയിൽ പണം ഒരാവശ്യമാണെന്നു തോന്നിയ ഒരേയൊരു അവസരമായിരുന്നു അത്. മസറയിൽ ആയിരുന്നെങ്കിൽ അർബാബിൻ്റെ ഖുബൂസെങ്കിലും കഴിക്കാമായിരുന്നു. അതിനു പണമൊന്നും കൊടുക്കേണ്ട. ആരും കാണാതെ ആടുകളുടെ തീറ്റ മോഷ്ടിച്ചു കഴിക്കാം. അതിനും പണം കൊടുക്കേണ്ട. പക്ഷേ ആ നഗരത്തിൽ എനിക്കെന്തെങ്കിലും ഭക്ഷിക്കാൻ വേണമെങ്കിൽ പണം കൊടുത്തേ ആവണം. അല്ലാതെ ഇവിടെ എനിക്കാര ഭക്ഷണം തരാൻ..? ഒന്നുരണ്ടു കടയിൽ കയറാൻ ഞാനൊരു ശ്രമം നടത്തി. എന്തെങ്കിലും യാചിച്ചു തിന്നാനെങ്കിലും. എന്നാൽ അതിന്റെ മുതലാളിമാർ ഇറങ്ങി വന്ന് ഒരു നികൃഷ്ടനായ ചാവാലിപ്പട്ടിയെ എന്നപോലെ എന്നെ ഓടിച്ചുവിട്ടു. എന്തോ പ്രതീക്ഷയിൽ വിങ്ങി പിന്നെയും ഞാൻ ആ ചന്തയിലൂടെ നടന്നു. കുറേ നടന്നു കഴിഞ്ഞപ്പോൾ തല കറങ്ങുന്നതുപോലെ. ഇത്തിരി   197   ആടുജീവിതം കൂടി ഞാൻ മുന്നോട്ടു ചെന്നു കാണും. അവിടെ ഒരു കടയിൽ മുന്നിൽ ഒരു ബോർഡ് ""മലബാർ റെസ്റ്റോറന്റ്റ്'. അതും മലയാളത്തിൽ. എനിക്കാശ്വാസ മായി. എന്റെ്റെ ഭാഷയറിയാവുന്ന, ഞാൻ പറയുന്നതു മനസ്സിലാവുന്ന ഒരാൾ അവിടെയുണ്ടാകുമെന്ന് ഉറപ്പ്. രണ്ടും കല്പ്പിച്ചു ഞാൻ അങ്ങോട്ടു നടന്നു. അതിന്റെ പടിക്കലെത്തിയതേ എനിക്കോർമ്മയുള്ളൂ. ഞാൻ ബോധംകെട്ട് അതിന്റെ മുന്നിലേക്കു കുഴഞ്ഞുവീണു. Indian Terminal.com198     നാല്‌പത്തിരണ്ട് എല്ലാ അറബിനഗരത്തിലും ഏതൊരാൾക്കും ഏതാവശ്യത്തിനും omഎപ്പോഴും ഓടിയെത്താവുന്ന അത്താണിയായി, സ്നേഹത്തിൻ്റെ ഒരു വട വൃക്ഷമുണ്ടാകും. അതിൻ്റെ തണൽപറ്റി ജീവിക്കുന്ന ഒരു മനുഷ്യക്കൂട്ടവും. അത്തരത്തിൽ ബത്ത മാർക്കറ്റിലെ മലയാളികൾക്ക് ഒരത്താണിയായ കുഞ്ഞിക്കായുടെ ഹോട്ടലിന്റെ മുന്നിലാണ് ഞാനന്നു തളർന്നുവീണത്. നിങ്ങൾ നോക്കണേ അള്ളാഹുവിന്റെ സ്നേഹവഴികൾ. തികച്ചും അപരി ചിതമായ ആ ചന്തയിൽ എത്തിപ്പെട്ട എനിക്ക് എങ്ങോട്ടുവേണമെങ്കിലും നടന്ന് എവിടെ വേണമെങ്കിലും എത്തിപ്പെട്ട് എവിടെയെങ്കിലും തളർന്നു വീഴാമായിരുന്നു. ആ പ്രാകൃതരൂപത്തിൽ ആരും എന്നെ തിരിഞ്ഞുനോക്കി ല്ലായിരുന്നു. എന്നാൽ, ഞാനെത്തേണ്ടതു കുഞ്ഞിക്കായുടെ മുന്നിലാ ണെന്ന് അള്ളാഹു നിശ്ചയിച്ചിട്ടുണ്ടായിരുന്നു. ഞാൻ ആ വഴിയിലൂടെ നടന്നു. മലബാർ റെസ്റ്റോറന്റിന്റെ മുന്നിലെത്തി. വീണു. ബാക്കിയെല്ലാം അവൻ കുഞ്ഞിക്കായുടെ ഹൃദയത്തിൽ ഏല്പിച്ചുവച്ചിട്ടുണ്ടായിരുന്നല്ലോ. പിന്നെ കണ്ണു തുറക്കുമ്പോൾ ഞാൻ ഈ കുഞ്ഞിക്കായുടെ മുറിയിലാണ്. അവിടെയെത്തി മൂന്നാം ദിവസമാണ് ഞാൻ കണ്ണുതുറന്നത്. ബോധം ഉണരുമ്പോൾ എന്റെ കാലിനും ദേഹത്തിനും ഒക്കെ നല്ല വേദനയുണ്ടായി രുന്നു. എന്റെ കയ്യിൽ ഒരു ഡ്രിപ്പ്കുത്തിയിട്ടുണ്ടായിരുന്നു. ഒരു ആശുപത്രി യിലാണോ കിടക്കുന്നതെന്നു ഞാൻ സംശയിച്ചു. എങ്കിലും ചുറ്റും മലയാളികളെ കണ്ടുഞാൻ കരഞ്ഞു. കുഞ്ഞിക്ക എൻ്റെ കൈ പിടിച്ച് എന്നെ ആശ്വസിപ്പിച്ചു. അത്രയും ദിവസംകൊണ്ടു ഞാൻ ബത്തയിലെ മലയാളികൾക്കിടയിൽ ഒരു സംസാരവിഷയമായിക്കഴി ഞ്ഞിരുന്നു. ഞാൻ കണ്ണുതുറന്നതറിഞ്ഞ് അവരിൽ പലരും ആ മുറിയി ലേക്ക് ഓടിക്കിതച്ചുവന്നു. അവർ ആപ്പിളും ഓറഞ്ചും മൂസമ്പിയും മുന്തി രിയും വാഴപ്പഴവും എനിക്കു സമ്മാനമായി കൊണ്ടുതന്നു. എല്ലാവർക്കും അറിയേണ്ടത് എൻ്റെ കഥയായിരുന്നു. ഞാൻ എങ്ങനെ ആ രൂപത്തിൽ ആയി എന്ന്..? എങ്ങനെ ഞാനവിടെ വന്നുപെട്ടു എന്ന്..? എല്ലാവരുടെയും മുഖത്തു നിറഞ്ഞു നിന്ന ആകാംക്ഷ അതുമാത്രമായിരുന്നു. പക്ഷേ ആരും എന്നോ ടതു ചോദിച്ചില്ല. രണ്ടു ദിവസംകൂടി കഴിഞ്ഞു ഡോക്ടർ വന്ന് എന്നെ വീണ്ടും 199     ആടുജീവിതം ഒരിക്കൽ കൂടി പരിശോധിക്കുകയും എന്റെ കയ്യിലെ ഡ്രിപ്പ് ഊരുകയും ചെയ്തതിനുശേഷം ഒരു രാത്രിയാണ് കുഞ്ഞിക്ക എന്നോടതു പതിയെ ചോദിക്കുന്നത്. എനിക്കൊരു കണ്ണാടി വേണം. ഞാൻ പറഞ്ഞു. എന്തിനാണ് കണ്ണാടി..? അടുത്തിരുന്ന കുഞ്ഞിക്ക് എന്നോടു ചോദിച്ചു. എനിക്കെന്നെ ഒന്നു കാണണം. കൂടെയുണ്ടായിരുന്നവർ പരസ്‌പരം മിഴിച്ചുനോക്കി. എല്ലാവരും തുറിച്ചു നോക്കുന്ന, എല്ലാവരും നികൃഷ്ടനായി എണ്ണുന്ന എന്നെ എനിക്കൊന്നു കാണണമായിരുന്നു. ചുറ്റും നിന്നവരിൽ ആരോ ഒരു ചെറിയ കണ്ണാടി കൊണ്ടുതന്നു. ആ കിടപ്പിൽക്കിടന്ന് ഏറെക്കാലത്തിനു ശേഷം ഞാൻ എന്നെ നോക്കി. ഏറെ നേരം നോക്കി. സത്യത്തിൽ എനി ക്കെന്നെ മനസ്സിലായതേയില്ല. അവിടെ കണ്ടതു തീർത്തും ഒരു അപരിചിത നെയാണ്. മുടി പറ്റെ വെട്ടിയിരുന്നു. താടി വടിച്ചിരുന്നു. കണ്ണാടിയിൽ കാണു ന്നതു നാട്ടിൽനിന്നു പുറപ്പെട്ട ഞാനേ ആയിരുന്നില്ല. മറ്റാരോ ഒരാൾ! കറുത്തു മെല്ലിച്ചു കവിളുന്തി, പല്ലുപൊങ്ങിയ ഒരു രൂപം. മറ്റൊരവസരത്തിലായിരു ന്നെങ്കിൽ അതു ഞാൻതന്നെയാണെന്ന് ആരെങ്കിലും പറഞ്ഞാൽ ഞാൻ തീരെ വിശ്വസിക്കുമായിരുന്നില്ല. അന്നു തളർന്നുവീണ എന്നെ കുഞ്ഞിക്കായും പണിക്കാരും ചേർന്നു താങ്ങിപ്പിടിച്ചു ഹോട്ടലിൽ കയറ്റിയിരുത്തി വെള്ളവും ആഹാരവും തന്നതും പിന്നെ അദ്ദേഹത്തിൻ്റെ മുറിയിലെത്തിച്ചതും ബത്ത മാർക്കറ്റിലെ കുഞ്ഞി ക്കായുടെ സ്നേഹവലയങ്ങൾ എല്ലാം ചേർന്ന് അന്നും പിറ്റേന്നും അതിൻ്റെ പിറ്റേന്നും എന്നെ കുളിപ്പിച്ചതും ഒരു ബാർബറെ വരുത്തി എന്റെ മുടിയും താടിയും വടിപ്പിച്ചതും ഡോക്ടറെ മുറിയിലേക്കു വരുത്തി എന്നെ പരിശോധി പ്പിച്ചതും മരുന്നുകൾ തന്നതും ഒക്കെ കുഞ്ഞിക്ക എനിക്കു പറഞ്ഞുതന്നു. എന്നാൽ, എൻറെ അബോധമനസ്സിൽപ്പോലും അതേപ്പറ്റിയൊന്നും ഒരു സൂചനയുമില്ല. എല്ലാത്തിനും കണ്ണീരല്ലാതെ മറ്റൊരു മറുപടിയും എനിക്കില്ലായിരുന്നു. മറ്റൊരു സ്നേഹവും എനിക്കു തിരികെ കൊടുക്കാനില്ലായിരുന്നു. ഒരു സങ്ക ടമേ എനിക്കുണ്ടായിരുന്നുള്ളൂ. എന്റെ മുടിയും താടിയും വടിച്ചു കളയുന്ന തിനു മുൻപ് അവരൊരു ഫോട്ടോ എടുത്തില്ലല്ലോ എന്ന്. എന്റെ ആ പ്രാകൃത രൂപത്തിൽ എന്നെ ഞാൻ ഒരിക്കലും കണ്ടിട്ടില്ല. ഇന്ന് ആ ജീവിതത്തിൻ്റെ അടയാളങ്ങൾ നിങ്ങൾക്കു കാണിച്ചുതരാൻ എന്റെ അനുഭവമല്ലാതെ, എന്റെ ഓർമ്മകളല്ലാതെ മറ്റൊരു തെളിവും എന്റെ പക്കലില്ല. ആ ദേശത്തു ഞാൻ എത്തിപ്പെട്ടു എന്നു സാക്ഷീകരിക്കുന്ന എന്റെ പാസ്പോർട്ടുപോലും അർബാ ബിന്റെ കൈവശമായിപ്പോയിരുന്നല്ലോ... 200 ഇന്ന് എത്രാം തീയതിയാണ്...? ഞാൻ കൂടിനിന്നവരോടു ചോദിച്ചു. പതിമൂന്നാം തീയതി.     ഏതു മാസം..? അവരുടെ മുഖം ചുളിഞ്ഞു. 3 ഏതു വർഷം..? അവർക്ക് ആകാംക്ഷയായി. ആയിരത്തിത്തൊള്ളായിരത്തിതൊണ്ണൂറ്റി അഞ്ച്. ബെന്യാമിൻ റബ്ബുല്ലാലമീനായ തമ്പുരാനേ..! ഞാൻ നെഞ്ചത്തു കൈവച്ചു. പിന്നെ മനസ്സിലും വിരലിലും കാലം കണക്കു കൂട്ടി. മൂന്നു വർഷം നാലു മാസം ഒൻപതു ദിവസം..! കേട്ടവർ തരിച്ചിരുന്നുപോയി. പിന്നെയും രണ്ടു ദിവസം കഴിഞ്ഞ് എനിക്കിത്തിരി നടക്കാമെന്നായ omപ്പോൾ കുഞ്ഞിക്ക എന്നെ ആ മുറിയിൽനിന്നുമിറക്കി അടുത്ത മുറിയിലേക്കു കൊണ്ടുപോയി. അവിടെ ഒരു ടെലിഫോൺ ഉണ്ടായിരുന്നു. കുഞ്ഞിക്ക എന്നെ അതിൻ്റെ മുന്നിലിരുത്തി. നാട്ടിലേക്കു വിളിക്കേണ്ടേ..? ഉമ്മയുടെയും ബീവിയുടെയും ശബ്ദം കേൾക്കണ്ടേ..? ഞാൻ കരഞ്ഞു. എൻ്റെ വീട്ടിൽ ഫോണില്ലായിരുന്നു. ഞാൻ അടുത്ത ഒരു വീട്ടിലെ ഫോൺ നമ്പർ പറഞ്ഞുകൊടുത്തു. അത്രയുംകാലം കഴി ഞ്ഞിട്ടും ഒരിക്കലും വിളിക്കാത്ത ആ നമ്പർ എൻ്റെ ഓർമ്മയിൽ എങ്ങനെ തെളിഞ്ഞുവന്നു എന്ന് എനിക്കിപ്പോഴും അതിശയമുണ്ട്. (ബോംബെയിൽ നിന്നാണ് ആ നമ്പറിലേക്ക് ഞാൻ അവസാനം വിളിക്കുന്നത്.) ഏറെ നേരം കുഞ്ഞിക്ക ആ ഫോണിൻ്റെ ചുവട്ടിൽ ചെലവിട്ടു. നാട്ടി ലേക്ക് കണക്‌ഷൻ കിട്ടുന്നതേ ഇല്ലായിരുന്നു. ഒടുവിൽ അവിടെ ബെല്ലടിച്ചു. അദ്ദേഹം എൻ്റെകയ്യിൽ ഫോൺ തന്നു. ഞാനാരാണെന്ന് ആ വീട്ടുകാരെ പറഞ്ഞുമനസ്സിലാക്കാൻ എനിക്കേറെ പണി പ്പെടേണ്ടി വന്നു. എന്നെ മനസ്സിലായപ്പോൾ അല്പനേരം അവരുടെ ശബ്ദം നിലച്ചു. ഇത്രകാലം നീ എവിടെയായിരുന്നെൻ്റെ നജീബേ..? പിന്നെ അവർ ചോദിച്ചു. എനിക്കുത്തരം ഒന്നും ഉണ്ടായിരുന്നില്ല. എന്നെപ്പറ്റി നാട്ടിൽ പ്രചരിച്ചിരിക്കാൻ ഇടയുള്ള കഥകൾ ഞാൻ സങ്കല്പിച്ചു. ഒരു പതിനഞ്ചു മിനിറ്റു കഴിഞ്ഞു വിളിക്ക്. ഞാൻ നിൻ്റെ ഭാര്യേ വിളിച്ചു കൊണ്ടുവരാം. അവർ പറഞ്ഞു. ആ പതിനഞ്ചു മിനിറ്റിന് അതിനു മുൻപിലത്തെ മൂന്നര വർഷത്തെക്കാള ധികം നീളമുണ്ടായിരുന്നു എന്ന് ഇപ്പോൾ തോന്നുന്നു. കാത്തിരുന്നു കാത്തി രുന്ന് ഒടുവിൽ കുഞ്ഞിക്ക വീണ്ടും ഫോണെടുത്തു കറക്കി. അന്നേരം അധികം ബുദ്ധിമുട്ടേണ്ടി വന്നില്ല. ബെല്ലടിച്ചു. കുഞ്ഞിക്ക ഫോൺ എന്റെ കയ്യിൽ തന്നു. ഞാൻ ഹലോ എന്നു വിളിച്ചതേയുള്ളൂ. 201     ആടുജീവിതം അപ്പുറത്ത് എന്റെ സൈനുവിന്റെ ഒരു വലിയ നിലവിളി ഞാൻ കേട്ടു. പിന്നെ ഏറെ നേരം ഞങ്ങളിരുവരും കരയുക മാത്രം ചെയ്തു. അവളൊന്നും ചോദി ച്ചില്ല. എവിടെയായിരുന്നു, എന്താണ് ഇതുവരെ വിളിക്കാഞ്ഞത്. അവിടെ യിരുന്ന് അവളെൻ്റെ മനസ്സ് വായിച്ചിരിക്കണം. കുറേ കരച്ചിലിനുശേഷം അവൾ പറഞ്ഞു, നമ്മടെ മോൻ നബീൻ ഈ വർഷം മുതൽ ബാലവാടിയിൽ പോയിത്തുടങ്ങി. അവനെ കാണണ്ടേ? ഇക്കാ എന്നാ വരുന്നേ..? ഇക്കാ പിന്നെ.. പിന്നെ നമ്മടുമ്മാ പോയി. കഴിഞ്ഞ കൊല്ലം. ഇക്കയെപ്പറ്റി ഒരു വാക്കറിയാതെ നെഞ്ചു വിങ്ങിവിങ്ങി... പിന്നെ എനിക്കെന്തെങ്കിലും കേൾക്കാൻ ശക്തിയുണ്ടായിരുന്നില്ല. ഞാൻ ഫോൺ വച്ചു.ഞാൻ മനസ്സിൽ വിങ്ങി. മുഖം പൊത്തി കരഞ്ഞു. കുഞ്ഞിക്ക എന്നെ സമാധാനിപ്പിച്ചു. ഇതയൊക്കെ സഹിച്ചില്ലേ നജീബേ. എല്ലാം പടച്ചോൻ തരുന്നതാണെന്നു കരുതുക. അതിനെ ചോദ്യം ചെയ്യാൻ നമുക്കവകാശമില്ല. കുഞ്ഞിക്കായുടെ സ്നേഹമുണ്ടുകൊണ്ടു പിന്നെ മൂന്നു മാസക്കാലം ഞാൻ ആ മുറിയിലുണ്ടായിരുന്നു. അവിടെവച്ച് എന്റെ മുറിവുകൾ ഉണങ്ങി. കാലിലെ നീരു വറ്റി. ഞാൻ എൻ്റെ ആരോഗ്യം വീണ്ടെടുത്തു. അതിനിടയിൽ പല സമയത്തായി കുഞ്ഞിക്കയോടും സ്നേഹിതരോടും ഞാൻ എൻ്റെ കഥ പറഞ്ഞു. പലരും അവിശ്വസനീയം എന്നു പറഞ്ഞ് അതു തള്ളിക്കളഞ്ഞു. ചിലർ മാതം എന്നെ വിശ്വസിച്ചു. വിശ്വസിച്ചവർതന്നെ ഇബാഹിം ഖാദരിയുടെ അപ്രത്യക്ഷമാകലിൽ അവിശ്വാസം രേഖപ്പെടുത്തിക്കൊണ്ടാണ് എൻ്റെ ബാക്കി കഥകൾ വിശ്വസിച്ചത്. അവർ ചോദിക്കുന്നതു ശരിയാണ്. എനിക്കതേ പ്പറ്റി കൃത്യമായ ഒരു വിശദീകരണം നല്കാനാവുന്നില്ല. ഇബ്രാഹിം ഖാദരി. എന്റെ രക്ഷകൻ. മരുഭൂമിയിലെ എന്റെ വിമോചകൻ. എന്റെ മൂസാനബി. എന്നെ രക്ഷയുടെ പടിവാതിക്കൽ വരെ എത്തിച്ചിട്ട് ആ രാത്രി എവിടേ ക്കാവും അപ്രത്യക്ഷനായത്..? നിങ്ങളെപ്പോലെ എനിക്കും അതറിയില്ല. ഞാൻ സൗഖ്യം പ്രാപിച്ചുവരുന്നതിനിടയിലാണ് ഹമീദ് കുഞ്ഞിക്കായുടെ മുറിയിൽ അഭയം തേടുന്നത്. ഒരറബിയുടെ തോട്ടത്തിൽ കൃഷിയായിരുന്നു അവനു പണി. രാവോളം പണിയും നിറയെ മർദ്ദനങ്ങളും കുറച്ചു കൂലിയും. സഹിക്കാനാവാതെ വന്നപ്പോഴാണ് അവൻ അവിടുന്ന് ഓടിപ്പോന്നത്. മുറി യിൽ അവനെ കൂട്ടുകിട്ടിയത് എനിക്കൊരു ആശ്വാസമായിരുന്നു. കുഞ്ഞി ക്കായും പണിക്കാരും ഹോട്ടലിൽ പോയിക്കഴിഞ്ഞാൽ ആ ഫ്ളാറ്റിൽ തനിച്ചി രിക്കുക എന്ന വലിയ ഏകാന്തത എനിക്കങ്ങനെ മാറിക്കിട്ടി. അതെന്റെ ജീവിതത്തെ സന്തോഷഭരിതമാക്കി. പിന്നെ നിരവധി ദിവസത്തെ ആലോചനകൾക്കും നിരവധി പേരുടെ ഉപ ദേശനിർദ്ദേശങ്ങൾക്കും ഒടുവിലാണ് ഇനിയും വച്ചുതാമസിക്കാതെ പോലീ സിനു പിടികൊടുക്കാൻ ഞങ്ങൾ ഇരുവരും തീരുമാനിക്കുന്നതും അങ്ങനെ ജയിലിൽ എത്തിപ്പെടുന്നതും. 202     നാല്പത്തിമൂന്ന് നടന്നു ഓരോരോ വരികയാണ്! മുഖങ്ങളിലൂടെയും അയാൾ ഓരോ സഞ്ചരിച്ചു ചുവടു സഞ്ചരിച്ച് മുന്നോട്ടു അർബാബ് വയ്ക്കുമ്പോഴും മുന്നോട്ടു omഎന്റെ നെഞ്ച്അത്യുച്ചത്തിൽ മിടിച്ചു. മസറയിലേക്ക് ഇനി ഒരു തിരിച്ചു പോക്ക് സങ്കല്പിക്കുവാൻ എനിക്കാവില്ലായിരുന്നു. അള്ളാ ഇനിയും...? വയ്യ. എന്നോടു കരുണ കാട്ടണേ... എന്റെ മനസ്സ് നീറിക്കരഞ്ഞു. എന്നാൽ ഹമീ ദിനെപ്പോലെ നിലവിളിക്കുവാൻ എനിക്കു തോന്നിയില്ല. ഞാൻ എൻ്റെ ധൈര്യ ത്തിൽ പിടിച്ചു നിന്നു. ഒരു യുഗം നീണ്ട നില്പായിരുന്നു അതെന്ന് എനിക്കി പ്പോൾ തോന്നുന്നു. അവസാനം അർബാബ് എന്റെ മുന്നിലെത്തി നിന്നു. എന്നെ തുറിച്ചു നോക്കി. അയാളുടെ കണ്ണിൽ ഒരു മരുഭൂമി അലയടിക്കു ന്നതു ഞാൻ കണ്ടു. അതിന്റെ ഭീകരത എന്നെ ഭയപ്പെടുത്തി. എന്നാൽ ഞാൻ കുലുങ്ങിയില്ല. ഞാൻ ഒരു പരിചിതഭാവവും കാട്ടിയില്ല. എൻ് മുഖത്ത് ഒരു പരിഭ്രമവും പിടഞ്ഞില്ല. എന്നെ പുറത്തേക്കു വലിച്ചിഴയ്ക്കുന്ന നിമിഷം പ്രതീക്ഷിച്ചു ഞാൻ കാത്ത നിന്നു. എന്നാൽ കുറേ നേരം എൻ്റെ മുഖത്തേക്കു നോക്കി നിന്നശേഷം അർബാബ് എൻ്റെ തോളിൽ ഒന്നു തട്ടി. പിന്നെ എന്നെ അറിയാത്തതുപോലെ അടുത്ത ആളിലേക്കു നടന്നു നീങ്ങി. എന്നെ പിടികൂടാനായി വന്ന അർബാബിന് പെട്ടെന്ന് അങ്ങനെയൊരു മനം മാറ്റം ഉണ്ടായതിനു പിന്നിൽ ഒരു കാരണവും ഞാൻ കാണുന്നില്ല. അദ്ഭുതം. മഹാദ്ഭുതം. അല്ലാതെ മറ്റെന്താണത്..? എന്നാൽ എന്റെ മനസ്സിൽ സംശയത്തിന്റെ ഒന്നുരണ്ടു വലിയ കനലുകൾ കോരിയിട്ടിട്ടാണ് അന്ന് അർബാബ് മടങ്ങിയത്. അന്നത്തെ അറബിപ്പരേഡു കഴിഞ്ഞ് എനിക്കു പരിചയമുള്ള ഒരു പോലീസുകാരനോട് സംസാരിക്കുമ്പോൾ ആ വന്നത് എൻ്റെ അർബാബാ യിരുന്നു എന്നും അദ്ദേഹം എന്നെ പിടികൂടാതെ പോയത് അള്ളാഹുവിന്റെ കൃപ ഒന്നുകൊണ്ടുമാത്രമാണെന്നും ഞാൻ പറഞ്ഞു. എന്നാൽ അതിനു പോലീസുകാരൻ പറഞ്ഞ മറുപടി “അവനെന്റെ വിസക്കാരനല്ലാതെ പോയി. അല്ലെങ്കിൽ ഞാനവനെ മസറ വരെ വലിച്ചിഴയ്ക്കുമായിരുന്നു' എന്നു പറഞ്ഞിട്ടാണല്ലോ അയാൾ പോയത് എന്നായിരുന്നു! എനിക്കതിശയം തോന്നി. ഒന്നുകിൽ പിടികൂടാൻ വന്ന ആളിനെ കണ്ടിട്ടും പിടിക്കാതെ   203 Irs     ermnal വിലങ്ങണിഞ്ഞ എൺപത് ആടുകളെ ഒരു മസറയിലേക്ക് ആട്ടിത്തെളിച്ചു aയറ്റുന്നതായിട്ടാണ് എനിക്കപ്പോൾ തോന്നിയത്. അതിൽ ഒരാട് ഞാനായിരുന്നു!   ബെന്യാമിൻ പോകുന്നതിന്റെ ജാള്യം മറയ്ക്കാൻ അർബാബ് അന്നേരം ഒരു കള്ളം പറഞ്ഞു. അല്ലെങ്കിൽ അർബാബ് പൊള്ളുന്ന ഒരു സത്യം വെളിപ്പെടുത്തി. എങ്കിൽ... ഞാൻ അയാളുടെ വിസക്കാരനായിരുന്നില്ലേ..? മറ്റാരുടെയോ വിസയിൽ വന്ന എന്നെ അയാളന്ന് എയർപോർട്ടിൽനിന്നു ശരിക്കും തട്ടിക്കൊണ്ടുപോ കുകയായിരുന്നോ..?!! എങ്കിൽ അള്ളാ.. മറ്റാരുടേയോ വിധിയിലേക്കു നീ എന്നെ മനഃപൂർവ്വം പറഞ്ഞയയ്ക്കുകയായിരുന്നോ..?!! അതിനെ സാധൂകരിക്കുന്ന തരത്തിൽ പിന്നെ കരുവാറ്റക്കാരൻ അളി യൻ ആണയിട്ടു പറഞ്ഞിട്ടുണ്ട്. ഞാനൊരിക്കലും ആടുമേയ്ക്കാനുള്ള വിസ യല്ല അയച്ചു തന്നത്. അതൊരു കൺസ്ട്രക്ഷൻ കമ്പനിയിലെ ഹെൽപ്പ റുടെ വിസയായിരുന്നു എന്ന്. ആർക്കറിയാം ആരു പറയുന്നതാണ് ശരി യെന്ന്. ആരു ചെയ്തതാണ് ശരിയെന്ന്. അതിനെപ്പറ്റി കൂടുതൽ ചിന്തിച്ചു തല പുണ്ണാക്കാൻ ഞാൻ മെനക്കെടുന്നില്ല. ആ ജീവിതത്തിലേക്കു നടന്നു പോകേണ്ടത് എൻ്റെ വിധിയായിരുന്നു. ഞാനതിനെ മറികടന്നുപോന്നു. അതി യുമേ ഞാൻ വിചാരിക്കുന്നുള്ളൂ. അതിനപ്പുറം എന്തെങ്കിലും ഇനി ചിന്തി ച്ചാൽ സത്യമായും എനിക്കു ഭ്രാന്തുപിടിക്കും. മൂന്നാഴ്ചകൾകൂടി പിന്നെയും കഴിഞ്ഞു. എന്തെങ്കിലും കള്ളപേപ്പറുമായി അർബാബ് എന്നെ വീണ്ടും തേടിവരുമോ എന്ന പേടിയിലാണ് ഞാൻ അത്രയും ദിവസവും കഴിച്ചുകൂട്ടിയത്. എന്നാൽ അർബാബ് പിന്നെ വന്നില്ല. മറ്റാരെയെങ്കിലും അയാൾക്കു ലഭിച്ചുകാണണം. അള്ളാഹുവിന്റെ്റെ സ്നേഹം ആ നിസ്സഹായനൊപ്പമിരിക്കട്ടെ. പതിവുപോലെ ഒരു അറബിപ്പരേഡിന്റെ പിറ്റേന്ന് എംബസി ജീവനക്കാർ വന്നു. ഞങ്ങളെല്ലാവരും വരിയായി നിരന്നു. അവർ ഓരോരുത്തരുടേയും പേരുകൾ വിളിച്ചു. ഞാൻ ഒരു പ്രതീക്ഷയുമില്ലാതെ അലസമായി നില്ക്കുക യായിരുന്നു. പെട്ടെന്ന് എൻ്റെ പേരു കേട്ടതുപോലെ ഒരു തോന്നൽ. ഒരു നിമിഷം ഞാൻ ശങ്കിച്ചു. എന്നെയാണോ വിളിച്ചത്..? എനിക്കു തോന്നിയ തായിരിക്കുമോ..? അതെന്റെ പേരുതന്നെയാണോ..? എന്നാൽ അവർ വീണ്ടും വിളിച്ചു. നജീബ് മുഹമ്മദ്. അപ്പോൾ ഞാൻ വ്യക്തമായും കേട്ടു. അതെന്റെ പേരുതന്നെ. വിങ്ങുന്ന ഹൃദയത്തോടെ ഞാൻ മുന്നോട്ടു കടന്നു നിന്നു. അതു കേട്ട് എന്റെ കൂടെയുണ്ടായിരുന്നവരിൽനിന്ന് ഒരു ആഹ്ലാദത്തിന്റെ ശബ്ദ മുയർന്നു. ജയിൽവാസത്തിൻ്റെ കാര്യത്തിൽ അക്കൂട്ടത്തിൽ ഏറ്റവും 'സീനി യോറിറ്റി' എനിക്കായിരുന്നു. അന്നു ഞങ്ങൾ എൺപതുപേർക്കാണ് ഇന്ത്യയിലേക്ക് ""ഫ്രീ ഔട്ട്പാസ് ലഭിച്ചത്. അനധികൃത താമസക്കാരെ സർക്കാർ ചെലവിൽ സ്വദേശങ്ങ ളിലേക്കു കയറ്റി വിടുന്ന ഒരു പദ്ധതിയുടെ ഭാഗമായിരുന്നു അത്. അതു കൊണ്ട് എനിക്കുവേണ്ടി ടിക്കറ്റെടുക്കേണ്ട ബുദ്ധിമുട്ട് കുഞ്ഞിക്കായ്ക്ക്ഉണ്ടാ യില്ല. വേണമായിരുന്നെങ്കിൽ അതും അദ്ദേഹം ചെയ്യുമായിരുന്നു എന്ന് എനിക്കുറപ്പുണ്ട്. അതായിരുന്നു കുഞ്ഞിക്ക.   205   ആടുജീവിതം എംബസിക്കാർ വിടുതൽ പേപ്പർ ശരിയാക്കുന്നതിനിടയിൽ കിട്ടിയ ഇത്തിരിനേരത്തു ഞാൻ കൂടെ ഉണ്ടായിരുന്ന എല്ലാവരോടും യാത്രപറഞ്ഞു. എല്ലാവരേയും സമാധാനിപ്പിച്ചു. പോലീസുകാരെ കണ്ടു. അവരോടും യാത്ര പറഞ്ഞു. വാർഡന്റെ മുറിയിൽവച്ച് ഞങ്ങളെക്കൊണ്ട് എന്തൊക്കെയോ പേപ്പറു കളിൽ ഒപ്പിടുവിച്ചു. പിന്നെ ഞങ്ങളുടെ കയ്യിൽ വിലങ്ങണിയിച്ചു. പിന്നെ ഒരു മൂലയ്ക്കു കൊണ്ടുപോയി നിരത്തി നിർത്തി. ഉച്ചയോടെ ഒരു ബസ്സ് വന്നു. ആ ബസ്സു നേരെ പോയത് എയർപോർട്ടിലേക്കായിരുന്നു. അതും പ്രത്യേക വാതിലിലൂടെ നേരെ ഉള്ളിലേക്ക്. അതുകൊണ്ടു കുഞ്ഞിക്കായെ ഒന്നു വിളിച്ചു പറയാൻപോലും എനിക്കു സാധിച്ചില്ല. ആരെങ്കിലും പറഞ്ഞ് അറിഞ്ഞുകാണണം. എന്നാലും നേരിട്ട് ഒരു നന്ദിവാക്കു പറയാൻ കഴിയാതെ പോയതിന്റെ ദുഃഖം എനിക്കിപ്പോഴുമുണ്ട്. ലോകത്തിന്റെ ഏതെങ്കിലും കോണിലിരുന്ന് അദ്ദേഹം ഇതു വായിക്കുകയാണെങ്കിൽ ആ അപരാധത്തിന് അങ്ങ് എന്നോടു പൊറുക്കുമെന്നു ഞാൻ ആശിക്കട്ടെ. രാത്രിയോടെ വിമാനമെത്തി. എംബസി ജീവനക്കാർ ബോർഡിംഗ് പാസ് വിതരണം ചെയ്തു. ഞങ്ങളെ കൂട്ടത്തോടെ വിമാനത്തിലേക്കു നടത്തി. വിലങ്ങണിഞ്ഞ എൺപത് ആടുകളെ ഒരു മസറയിലേക്ക് ആട്ടിത്തെളിച്ചു കയറ്റുന്നതായിട്ടാണ് എനിക്കപ്പോൾ തോന്നിയത്. അതിൽ ഒരാട് ഞാനായി രുന്നു! ആടുജീവിതം!! IndianTer 206     m പിൻകുറിപ്പ് ഒരു ദിവസം സുനിൽ എന്ന സുഹൃത്താണ് വളരെ യാദൃച്ഛിക മായി നജീബ് എന്നൊരാളെക്കുറിച്ച് എന്നോടാദ്യമായി പറയുന്നത്. നമ്മൾ എവിടെയൊക്കെയോ വിവിധ ഭാഷ്യങ്ങളോടെ കേട്ടിട്ടുള്ള ഒരു ഗൾഫുകഥയുടെ ജീവിതാവർത്തനം എന്നേ എനിക്കന്നേരം തോന്നിയുള്ളൂ. ഞാനതത്ര ഗൗരവമായി എടുത്തില്ല. എന്നാൽ സുനിൽ എന്നെ നിർബന്ധിച്ചുകൊണ്ടിരുന്നു. നീ പോയി നജീബിനെ കാണണം. അയാളോട് സംസാരിക്കണം. അയാൾ പറയുന്നത്. കേൾക്കണം. കഴിയുന്നെങ്കിൽ എഴുതണം. ഒരു ചെറിയ പ്രശ്നം പോലും നേരിടാനാവാതെ കൂമ്പിപ്പോകുന്ന നമുക്കൊക്കെ അയാ ളൊരു അനുഭവമാണ്. ഞാൻ പോയി നജീബിനെ കണ്ടു. വളരെ നിർമമനായ ഒരു മനുഷ്യൻ. ""അതൊക്കെ ഒത്തിരി പണ്ട് നടന്നതല്ലേ. ഞാനതൊക്കെ മറന്നേപോയി...' എന്നായിരുന്നു അതേപ്പറ്റി അന്വേഷിച്ചപ്പോൾ വളരെ സങ്കോചത്തോടെ ആദ്യം നജീബ് പറഞ്ഞത്. എന്നാൽ ഏറെ നിർബ്ബന്ധിച്ചപ്പോൾ നജീബ് പതിയെ ആ ജീവിതം പറയാൻ തുടങ്ങി. അതുവരെ മറന്നെന്ന് വിചാരിച്ചുകിടന്ന സംഭവങ്ങൾ ഓരോന്നായി നജീബിന്റെ കണ്ണിൽനിന്നും പുറത്തുവരാൻ തുടങ്ങി. അതിൻ്റെ തീക്ഷ്ണത എന്നെ ശരിക്കും അമ്പരപ്പിച്ചുകളഞ്ഞു. പിന്നെ ഒരുപാടുതവണ ഞാൻ നജീബിനെ കണ്ടു. അയാളെ മണി ക്കൂറുകളോളം സംസാരിപ്പിച്ചു. ആ ജീവിതത്തിന്റെ ഓരോ സൂക്ഷ്മാംശങ്ങളും ചോദിച്ചറിഞ്ഞു. നമ്മൾ കേട്ടിട്ടുള്ള കഥകൾ പലതും എത്രയധികം അവ്യക്തവും ഉപരിപ്ലവവും അനുഭവരഹിത വുമാണെന്ന് എനിക്കന്നേരം മനസ്സിലായി. കേൾക്കാൻ പോകുന്ന ജീവിതം ഒരു കഥയാക്കിയേക്കാം എന്ന ഉദ്ദേശ്യമൊന്നും നജീബിനെ ആദ്യം കാണാൻ പോകുമ്പോൾ എനിക്കില്ലായിരുന്നു. ജീവിതത്തിൽ ഇങ്ങനെയും ചില അദ്ധ്യായി ങ്ങളിലൂടെ കടന്നുപോയിട്ടുള്ള ഒരാളെ പരിചയപ്പെട്ടിരിക്കുക എന്ന കൗതുകം മാത്രം.   207   എന്നാൽ, കൂടുതൽ അറിഞ്ഞപ്പോൾ എനിക്കതേപ്പറ്റി എഴുതാതിരി ക്കാൻ ആവില്ലായിരുന്നു. എത്ര ലക്ഷം മലയാളികൾ ഈ ഗൾഫിൽ ജീവിച്ചുകൊണ്ടിരിക്കുന്നു, എത്ര ലക്ഷം പേർ ജീവിച്ച് തിരിച്ചു പോയിരിക്കുന്നു. അവരിൽ എത്രപേർ സത്യമായും മരുഭൂമിയുടെ തീക്ഷ്ണത അനുഭവിച്ചിട്ടുണ്ട്...? നജീബിന്റെ ജീവിതത്തിനുമേൽ വായനക്കാരൻ്റെ രസത്തിനുവേണ്ടി കഥയുടെ അടുക്കുകളും തൊങ്ങലുകളും ഏറെയൊന്നും വച്ചുകെട്ടുവാൻ എനിക്ക് തോന്നിയില്ല. അതില്ലാതെതന്നെ നജീബിന്റെ ജീവിതം വായന അർഹിക്കുന്നുണ്ട്. ഇത് നജീബിന്റെ കഥയല്ല, ജീവിതമാണ്! ആടുജീവിതം. Indian Terminal.com    അനുബന്ധം എഴുത്തിൻ്റെ നിയോഗവും വഴിയും ബെന്യാമിൻ സത്യമായും വിധി എന്നൊന്നുണ്ടോ...? നിയോഗം...? Lomമനുഷ്യന്റെ ജീവി തത്തെ അതെങ്ങോട്ടെങ്കിലും ആട്ടിപ്പായിച്ചുകൊണ്ട് പോകുന്നുണ്ടോ? മനുഷ്യൻ രോഗിയായിത്തീരുന്നതിന്, ചിലപ്പോൾ നിരാലംബനായിത്തീരു ന്നതിന്, ദരിദ്രനായിത്തീരുന്നതിന്, സങ്കടങ്ങളിൽ ജീവിക്കേണ്ടിവരുന്നതിന്, പണക്കാരനായി മാറുന്നതിന്, കലാകാരനാകുന്നതിന് വിധി കാരണമാ കാറുണ്ടോ? ഇല്ലെങ്കിൽ എൻ്റെയും അവന്റെയും അനുഭവങ്ങളും സാഹചര്യ ങ്ങളും പാരമ്പര്യവും ഒന്നായിരിക്കെ എന്തുകൊണ്ട് ഞാനും അവനും വ്യത്യസ്ത ജീവിതങ്ങൾക്കു വിധിക്കപ്പെട്ടിരിക്കുന്നു... ഒരു നിമിഷം അങ്ങോട്ടോ ഇങ്ങോട്ടോ മാറിയിരുന്നെങ്കിൽ ആരുടെയെല്ലാം ജീവിതങ്ങൾ എങ്ങനെയെല്ലാം മാറിപ്പോയേനെ. അതിനു കാരണമെന്ത്? എങ്ങനെ ഞാനൊരു എഴുത്തുകാരനായി എന്ന് ഞാൻ എന്നോടുതന്നെ അദ്ഭുതപ്പെടുന്ന വേളകളിൽ സ്വയം ഉന്നയിക്കുന്ന ചോദ്യങ്ങളിൽ ചിലതാ ണത്. ഒരിക്കലും ആത്മീയമായ വിശപ്പടക്കലിൽനിന്നോ തത്ത്വചിന്താപര മായ ഉത്തരം തേടലിൽനിന്നോ അല്ല ഈ ചോദ്യങ്ങൾ വന്നിട്ടുള്ളത്. വെറുതെ അവനവനിലേക്കു തിരിഞ്ഞുനോക്കിയിരിക്കുമ്പോൾ; എങ്ങനെ യാണ് ഞാനിങ്ങനെയായത്? അതിൻ്റെ വഴിയേതായിരുന്നു? എന്നിങ്ങനെ യുള്ള ഏതൊരാളുടെയും സാമാന്യസംശയത്തിൻ്റെഭാഗം മാത്രമാണതും. കഥാകാരനായ ബെന്യാമിൻ ആവുന്നതിനു മുൻപുള്ള എന്നെ അറിയാവുന്ന ആർക്കെങ്കിലും ഒരു സൂചനയെങ്കിലും എൻ്റെ ജീവിതത്തിൽ നിന്ന് വായി ച്ചെടുക്കാൻ കഴിഞ്ഞോ എന്നു സംശയമാണ്. എന്തിന് ഒരു കൈനോട്ടക്കാ രനോ ഭാവി പ്രവചനക്കാരൻപോലുമോ അയാളുടെ അബദ്ധത്തിൽനിന്നു പോലും അങ്ങനെയൊരു പ്രവചനം നടത്തിയിട്ടില്ല. അതുകൊണ്ടാണ് ഇപ്പോൾ എഴുത്തുകാരൻ എന്നു കേൾക്കുമ്പോൾ പലരും ഏറെ നേരം അമ്പ രപ്പെട്ടുനിന്നുപോകുന്നത്. മറ്റുള്ളവർക്കുള്ള അതേ അമ്പരപ്പുതന്നെയാണ് എനിക്കും എന്നെക്കുറിച്ചുള്ളത്. തീർച്ചയായും അമ്പരപ്പെടാൻ വകയുണ്ട്. കാരണം, എഴുത്തിലേക്കു വഴി തിരിഞ്ഞുവരാൻ കാരണമായ എന്തെങ്കിലും ഒരു അനുകൂല ഘടകമെങ്കിലും 209     എന്നിലുണ്ടായിരുന്നു എന്ന് ഓർമിക്കാനാകുന്നില്ല. എനിക്ക് എഴുത്തിൻ്റെ പാരമ്പര്യവഴികളില്ല. സാഹിത്യപഠനത്തിന്റെ നീണ്ട വർഷങ്ങളില്ല. സാഹിത്യ ക്കളരികളിൽ പങ്കെടുത്തിട്ടില്ല. ഏറെയൊന്നും ഗൗരവമായ സാഹിത്യചർച്ച കളുടെ ഭാഗമായിട്ടില്ല. നിനക്ക് മുതിരുമ്പോൾ ആരായിത്തീരണമെന്ന ചോദ്യ ത്തിന് എഴുത്തുകാരൻ എന്ന് എപ്പോഴെങ്കിലും ഉത്തരം പറഞ്ഞതായി ഓർക്കുന്നില്ല. വലിയ പേരെടുക്കണമെന്നോ വലിയ ആളാവണമെന്നോ സ്വപ്നങ്ങളുണ്ടായിരുന്നില്ല. സാഹിത്യകാരന്മാരുമായുള്ള കടുത്ത സഹവാസ ങ്ങൾ ഉണ്ടായിട്ടില്ല. ഇഷ്ടവിഷയം മലയാളമായിരുന്നില്ല. ആരുടെയും മാനസ പുത്രനായിരുന്നിട്ടില്ല. പതാധിപന്മാരാരുമായിട്ടും ബന്ധമുണ്ടായിട്ടില്ല. മറ്റു പലരുമായും തട്ടിച്ചുനോക്കുമ്പോൾ വായനപോലും എത്ര പരിമിതമാണ്. അപ്പോൾ പിന്നെ...? എഴുത്തുകാരൻ ആവുക എന്നത് എൻ്റെ വിധിയല്ല, നിയോഗമായിരിക്കാം. വിധിയും നിയോഗവും എന്റെ വ്യാഖ്യാനത്തിൽ ഒന്നല്ല. വിധി അന്തിമമായ ഫലപ്രഖ്യാപനമാണ്. നിയോഗം ഒരു പാതയുടെ തുടക്കം വരെ കൊണ്ടുചെന്നെത്തിക്കലാണ്. ആ പാതയിലൂടെ എങ്ങനെ നടക്കണം എന്നു നിശ്ചയിക്കുന്നത് മനുഷ്യന്റെ ബോധ്യങ്ങളും നിശ്ചയദാർഢ്യങ്ങളു മാണ്. ഓരോ മനുഷ്യജന്മത്തിനും ഓരോ നിയോഗങ്ങളുണ്ട് എന്നു വിചാരി ക്കുന്നുണ്ട്. ബൈബിളിലെ യോനയെപ്പോലെ സ്വന്തം നിയോഗങ്ങളിൽനിന്ന് ഒളിച്ചോടി കപ്പൽച്ചേതങ്ങളിൽപ്പെടുന്ന എത്രയോ പേരെ നമുക്ക് സന്ധി ക്കേണ്ടിവരുന്നു. നിനക്കൊരു കടുത്ത സ്വപ്നമുണ്ടെങ്കിൽ അതിൻ് പൂർത്തീകരണത്തിനായി ലോകം മുഴുവൻ നിന്റെ പിന്നാലെ എത്തുമെന്ന് എഴുതിയത് പൗലോ കൊയ്ലോ അല്ലേ...? നിനക്കൊരു നിയോഗമുണ്ടെങ്കിൽ അതിൽ നിന്നെ കൊണ്ടെത്തിക്കാനായി നിൻ്റെ സാഹചര്യങ്ങൾ അത്രയും നിന്റെ പിന്നാലെയുണ്ടാകുമെന്ന് അതിനെ തിരുത്താനാണ് ഞാനാഗ്രഹി ക്കുന്നത്. എന്റെ ജീവിതം ഇപ്പോഴത്തേതിൽനിന്ന് ഇടത്തോട്ടോ വലത്തോട്ടോ ഒരു ചുവടു മാറിയിരുന്നുവെങ്കിൽ ഞാനൊരു കഥാകാരൻ ആവുമായിരു ന്നില്ല. സാഹചര്യങ്ങളും സന്ദർഭങ്ങളും ചേർന്ന് എന്നെ ഒരു വഴിയുടെ മുന്നിൽവരെ കൊണ്ടുചെന്നു നിർത്തിയിട്ട് ഇതാ ഇവിടെ ഇങ്ങനെയൊരു വഴിയുണ്ട്, വേണമെങ്കിൽ നിനക്കു നടക്കാം എന്നു പറയുകയായിരുന്നു. ഞാൻ എന്റെ നിയോഗത്തിന്റെ വഴിയിലൂടെ നടക്കാൻ തീരുമാനിച്ചു. അ തന്നെ. ഇപ്പോൾ ഈ നിമിഷം ഞാൻ ആട്ടിത്തെളിച്ചുകൊണ്ട് വരപ്പെട്ട വഴിയെക്കുറിച്ച് ചിന്തിക്കുമ്പോൾ കൗതുകമാണ് തോന്നുന്നത്. പ്രാഥമിക വിദ്യാഭ്യാസം മാത്രമുള്ള ഒരു ടാക്സി ഡ്രൈവറുടെയും സാധാരണക്കാരി യായ വീട്ടമ്മയുടെയും മകനായി ജനിച്ചതുകൊണ്ട് അവർക്ക് എന്നെക്കുറി ച്ചുള്ള സ്വപ്നങ്ങൾ പരിമിതമായിരുന്നു. അതുകൊണ്ടുതന്നെ മാതാപിതാ ക്കളുടെ അമിതസ്വപ്നങ്ങളുടെ ചുമടെടുത്ത് എനിക്കു ജീവിക്കേണ്ടിവന്നി ട്ടില്ല. അങ്ങനെ എന്തെങ്കിലും വലിയ സ്വപ്നങ്ങൾ കാണാൻ എനിക്കും 210     പാങ്ങില്ലായിരുന്നു. അതുകൊണ്ടുതന്നെ എന്തായിത്തീരാൻ ഞാൻ നിയോഗിക്കപ്പെട്ടോ അതായിത്തീരാൻ എനിക്കു വിഷമമുണ്ടായില്ല. ഈശ്വരാ... ഞാനെന്തായിത്തീരാൻ നീ ആഗ്രഹിക്കുന്നുവോ എന്നെ നീ അതാക്കി ത്തീർക്കേണമേ എന്ന നിക്കോസ് കസൻദ്സാക്കീസിൻ്റെ പ്രാർത്ഥനയാണ്. എന്റെ എക്കാലത്തെയും പ്രിയപ്പെട്ട പ്രാർത്ഥന. എന്റെ സന്ദേഹങ്ങളും വിചാരങ്ങളും പ്രാർത്ഥനകളും ഇവിടെ പങ്കുവച്ചത് പെട്ടെന്നുണ്ടായ ഒരു ആത്മകഥയെഴുത്തിന്റെ ഭാഗമായൊന്നുമല്ല. ഒരാളുടെ കൃതിയിൽ അയാളുടെ ആശയങ്ങളും വീക്ഷണങ്ങളും വ്യഥകളും ജീവിതം തന്നെയും എത്രത്തോളം നിഴൽ വീണുകിടക്കുന്നു എന്ന ആലോചനയുടെ ഭാഗം മാത്രമാണത്. നോവലിലേക്കും ജീവിതത്തിലേക്കുമുള്ള ഒരു ചെറിയ തിരിഞ്ഞുനോട്ടത്തിലൂടെ അതു കണ്ടെത്താനുള്ള ശ്രമം. കസൻദ്സാക്കീസ് എന്റെ പ്രിയപ്പെട്ട എഴുത്തുകാരനാവുന്നതിനു കാരണം ഞങ്ങളിലുള്ള ചില വിദൂരസാമ്യങ്ങളാണ്. തന്റെ അച്ഛൻ വഴി ക്കുള്ള പൂർവികരിൽനിന്നും തൻ്റെ ആത്മാവിലേക്കു വീണുകിട്ടിയ തീയെ പ്പറ്റിയും അമ്മ വഴിക്കുള്ള പൂർവികരിൽനിന്നും വീണുകിട്ടിയ മണ്ണിനെക്കു റിച്ചും അദ്ദേഹം ""റിപ്പോർട്ട് ടു ഗ്രീക്കോ'യിൽ പറയുന്നുണ്ടല്ലോ. ഏറെക്കുറെ സമാനമാണ് എന്റെ കാര്യവും. ""അക്കപ്പോരിന്റെ ഇരുപത് നസ്രാണി വർഷ ങ്ങൾ' എന്ന നോവൽ എൻ്റെ അച്ചാച്ചൻ്റെ വീട്ടുകഥയുടെ കോമഡിരൂപമ ല്ലാതെ മറ്റൊന്നുമല്ല. പള്ളിവഴക്കിലും കേസിലും തമ്മിൽത്തല്ലലിലും അഭി രമിക്കാൻ ഇഷ്ടപ്പെടുന്നവർ. അതിൽ സന്തോഷവും അഭിമാനവും കണ്ട ത്തുന്നവർ. തീർത്തും എതിർപക്ഷത്താണ് അമ്മ നില്ക്കുന്നത്. ക്രിസ്തു വിനെ ഞാനിഷ്ടപ്പെടുന്നത് അദ്ദേഹത്തിന്റെ ദൈവഭാവത്താലൊന്നുമല്ല, അദ്ദേഹവും എന്റെ അപ്പച്ചനും (അമ്മ വഴിക്ക്) ഒരേപോലെ തച്ചന്മാരായതു കൊണ്ടാണ്. ആയുർവേദഗന്ഥങ്ങൾ സ്വന്തം നിലയിൽ പഠിച്ച് കണ്ണുചികിത്സ നടത്തിയ ഒരു ചരിത്രം അപ്പച്ചനുണ്ട്. വലിയ കശുമാവിൻ തോട്ടത്തിനു നടു വിലുള്ള കൊച്ചുവീട്ടിൽ രാത്രി മണ്ണെണ്ണവിളക്കിന്റെ വെളിച്ചത്തിലിരുന്നു വായിക്കുന്ന അവിടുത്തെ അമ്മച്ചി എൻ്റെ ഓർമ്മയാണ്. വായനയോടുള്ള എന്റെ ആസക്തി വന്ന വഴി അതായിരിക്കാം. കൂടെയുള്ള ഏകസഹോദരി പ്രായത്തിൽ വളരെ മുതിർന്നതായതിനാൽ ഒറ്റയ്ക്കിരുന്ന് സ്വപ്‌നം കാണുന്ന ശീലം ചെറുതിലേ തുടങ്ങിയതാണ് ഞാൻ. അമ്മയുടെ വയറ്റിൽ വച്ചേ മരിച്ചുപോയ മറ്റ് മൂന്നു സഹോദരങ്ങൾ എൻ്റെ എഴുത്തിനുവേണ്ടി ഒരുക്കപ്പെട്ട ബലിയായിരുന്നു എന്ന് ഞാൻ വിശ്വസി ക്കുന്നു. അവരാണ് എന്നെ എന്റെ ഏകാന്തതയ്ക്ക് വിട്ടു തന്നത്. സിരയിൽ ക്രിക്കറ്റിന്റെ ഭ്രാന്തു കയറിയ ഒരു തലമുറയിലാണ് ഞാനും വന്നു പിറ ന്നത്. ഏതെങ്കിലും എഴുത്തുകാരായിരുന്നില്ല, കപിൽദേവും റോജൻ ബിന്നിയും മദൻലാലും മൊഹീന്ദർ അമർനാഥും അടങ്ങുന്ന ഇന്ത്യൻ   211   മീഡിയം പേസ് നിരയായിരുന്നു എന്റെ അഭിമാനം. എഴുത്തായിരുന്നില്ല ക്രിക്കറ്റായിരുന്നു എന്റെ സ്വപ്നം. സുഭാഷ് ചന്ദ്രൻ, സച്ചിൻ തെണ്ടുൽക്കറെ ക്കുറിച്ചെഴുതിയ ലേഖനം എന്റെ കൂടി ആത്മകഥയാവുന്നത് അതുകൊണ്ടാ ണ്. അന്ന് മനസ്സിൽ ഒരു വലിയ ഗ്രൗണ്ടും മുഴുവൻ കളിക്കാരെയും അവർ ഓരോരുത്തരുടെയും സ്ഥാനങ്ങളും സ്വപ്നം കണ്ടുകൊണ്ട് മണിക്കൂറുക ളോളം ഞാൻ തനിച്ച് ക്രിക്കറ്റ് കളിക്കുമായിരുന്നു. എൻ്റെസ്വപ്നനങ്ങൾ, ദിവ സങ്ങൾ, അധ്വാനം എത്രയാണ് ഞാൻ ക്രിക്കറ്റുകളിക്കായി ചെലവഴിച്ചത്. അവസാനം ഇതു നിന്റെ വഴിയും നിയോഗവുമല്ലെന്നു തിരിച്ചറിയാനെടുത്ത വർഷങ്ങളെത. പക്ഷേ, ആ മൈതാനത്താണ് ഞാൻ വിശാലമായ കാൻവാ സുകൾ സ്വപ്നം കണ്ടു തുടങ്ങിയതെന്നു തോന്നുന്നു. ഞാൻതന്നെ ബൗളറും ഞാൻ തന്നെ ബാറ്റ്സ്മാനും ഞാൻ തന്നെ ഫീൽഡറും കീപ്പറും അമ്പയറും ആകുന്ന ഒറ്റയാൻ കളിയിലെ പര(പല)കാല പ്രവേശനത്തിന്റെ തുടർച്ച മാത്രമാണ് ഇന്നത്തെ എൻ്റെ കഥാപാത്രങ്ങളെന്നേയുള്ളു. രണ്ടി ന്റെയും മാനസിക വ്യാപാരം ഒന്നുതന്നെയാകാം. ""ആടുജീവിതം' എന്ന നോവലിലെ പ്രധാന കഥാപാത്രമായ നജീബിനെ കണ്ടെത്തിയ കഥയും അയാളുടെ അനുഭവങ്ങൾക്കായി പിന്നാലെ അലഞ്ഞ കഥയും പുസ്‌തകത്തിൽ പറഞ്ഞിരിക്കുന്നതിൽ അധികമായി ഒന്നും പറ യാനില്ല. പക്ഷേ, അങ്ങനെയൊരു കണ്ടെത്തലിലേക്കും തുടർന്നുണ്ടായ എഴു ത്തിലേക്കും ഞാൻ നിയോഗിക്കപ്പെടുകയായിരുന്നു എന്ന് ഇപ്പോൾ തോന്നുന്നു. കാരണം അങ്ങനെയൊരു കഥയുടെ പിറവിക്കായി ഗൾഫിന്റെ സാഹിത്യമനസ്സ് കാത്തിരിക്കുകയായിരുന്നു എന്നതാണ് സത്യം. ഒരു സുപ്ര ഭാതത്തിന്റെറെ സന്തതിയല്ല, നൂറുകണക്കിന് തലമുറകളുടെ പ്രാർത്ഥനകളു ടെയും കാത്തിരിപ്പിന്റെയും ഫലമാണ് ഒരു ക്രിസ്തു എന്ന് കസൻദ്സാക്കീസ് പറയുന്നുണ്ടല്ലോ. ഒരു സമൂഹത്തിന്റെറെ മുഴുവൻ സ്വപ്നങ്ങളാണ് ഒരാളെ ജനിപ്പിക്കുന്നത് എന്ന് എൻ്റെയും ഒരു സങ്കല്പ്‌പമാണ്. കഴിഞ്ഞ എത്രയോ വർഷമായി ഗൾഫിലെ എഴുത്തുകാരൻ നാട്ടിൽനിന്നും കേൾക്കുന്ന പഴിയും ശകാരവുമാണ് നിങ്ങളുടെ ഗൃഹാതുരത്വം മണക്കുന്ന കഥകൾ വായിച്ച് ഞങ്ങൾക്കു ഛർദിക്കാൻ വരുന്നുവെന്നത്. ഗൾഫിലെത്തുന്ന ഓരോ സാഹിത്യകാരനും നിരന്തരം ഇവിടുത്തെ എഴുത്തുകാരോട് ആവശ്യപ്പെട്ടി രുന്നത് നിങ്ങളുടെ ഇടയിൽനിന്ന് ഒരു കഥ നിങ്ങൾ ലോകത്തിനു പറഞ്ഞു കൊടുക്കൂ എന്നാണ്. വായനാലോകം അതു കാത്തിരിക്കുന്നു എന്നാണ്. എന്തുകൊണ്ട് ഗൾഫ്ജീവിതം മലയാളസാഹിത്യത്തിൽ സമഗ്രമായി ആവി ഷ്കരിക്കപ്പെട്ടില്ല എന്ന് എത്രകാലമായി ഞങ്ങൾതന്നെ ചർച്ച ചെ‌യ്തു കൊണ്ടിരിക്കുന്നു. ദൈവത്തിനെപ്പോലെ ഒരു ക്രിക്കറ്റർ എന്ന ഇന്ത്യൻ മനസ്സിന്റെ കാലങ്ങളായുള്ള ദാഹത്തിന്റെയും ആഗ്രഹത്തിന്റെയും ഫലമാണ് ഒരു സച്ചിൻ എങ്കിൽ സാഹിത്യത്തെ സ്നേഹിക്കുന്ന ഗൾഫ് മനസ്സിന്റെ കാലങ്ങളായുള്ള ആഗ്രഹത്തിൻ്റെ ഫലം മാത്രമാണ് ആടുജീവിതമെന്നു 212     വിശ്വസിക്കാനാണ് എനിക്ക് ഇഷ്ടം. അല്ലെങ്കിൽ അതാണ് ആടുജീവിതയ ത്തിന്റെ പിറവിക്കു പിന്നിലെ സാമൂഹിക സാഹചര്യം. അക്കാലത്ത് വായിച്ചു കൊണ്ടിരുന്ന പുസ്‌തകങ്ങളിൽനിന്നുള്ള തുടർചിന്തകളോ ജീവിതാനുഭവങ്ങളിലേക്കുള്ള തിരിഞ്ഞുനോട്ടമോ എന്തോ ഒന്ന് എന്നെ കൊണ്ടുചെന്നെത്തിച്ചത് ജീവിതത്തിൽ തീർത്തും തനിച്ചായിപ്പോകുന്നവരെക്കുറിച്ചുള്ള ചിന്തകളിലാണ്. താനും ദൈവവും മാത്രമുള്ള ഒരു ജീവിതം എങ്ങനെയാവും ഒരാൾ ജീവിച്ചുതീർക്കുക? അയാൾ സത്യമായും എന്താവും പ്രാർത്ഥിക്കുക? അങ്ങനെ ഒരു നിമിഷ ത്തിൽ ഇന്നത്തെ പ്രാർത്ഥനകളുടെ അർത്ഥശൂന്യത എത്രത്തോളമായി രിക്കും. വളരെ വാചാലനായ ഒരാൾ തനിച്ചായാൽ എങ്ങനെ വാക്കുകളെ വിഴുങ്ങി ജീവിക്കും? ഈ ചിന്തകൾ എന്റെ മനസ്സിനെ വല്ലാതെ ഉഴുതുമറിച്ചു. പക്ഷേ, ആ ചിന്തകളെ കഥയിലേക്ക് പരിവർത്തനം ചെയ്യാനുള്ള സാമഗ്രി എന്റെ കൈവശമുണ്ടായിരുന്നില്ല. അതുകൊണ്ടുതന്നെ അങ്ങനെ ഒന്ന് എഴു തപ്പെടാതെ എന്റെ ഉള്ളിൽത്തന്നെ തളം കെട്ടിക്കിടന്നു. ""ഇരുണ്ട വനസ്ഥ ലികൾ' പോലെ. അത്തരത്തിലൊരു ചിന്താപുസ്‌തകം ഞാൻ ആലോചി ച്ചതുമാണ്. പക്ഷേ, നടന്നില്ല. അതാണ് ""ആടുജീവിതത്തിനു' പിന്നിലെ മാന സിക സാഹചര്യം. അങ്ങനെ സാഹചര്യങ്ങളിൽ പരുവപ്പെട്ടു കിടന്ന എന്റെ മുന്നിലേക്കാണ് നജീബ് വന്നുപെടുന്നത്. അതെ, ശരിക്കും വന്നുപെടുന്നത്. തന്റെ മരുഭൂമി യിലെ ജീവിതത്തിനൊടുവിൽ നജീബ്, കുഞ്ഞിക്കയുടെ മുന്നിൽ ചെന്നു പെടുന്നപോലെ. നജീബിന് തൻ്റെ കഥയുമായി ലോകത്തിൽ മറ്റേതെങ്കിലും ഒരു കഥാകാരന്റെ മുന്നിൽ ചെന്നുപെടാമായിരുന്നു. അയാളോട് ഈ കഥ പറയാമായിരുന്നു. എനിക്കു മുന്നിൽ വന്നുപെടാനായിരുന്നു നജീബിന്റെ നിയോഗം. അതുകൊണ്ടുമാത്രം ഇതുവരെ പറയപ്പെടാത്ത ഒരു കഥ പറയാൻ എനിക്കായി. നജീബ് അതിനുവേണ്ടി തന്ന വിവരങ്ങൾ അത്രയും വിലപ്പെട്ട തായിരുന്നു. എന്നാൽ നജീബിന്റെ ജീവിതം മാത്രമാണോ ആടുജീവിതം? പലപ്പോഴും അതങ്ങനെയാണ് വായിക്കപ്പെട്ടത്. കേട്ടെഴുത്തുകൾക്കും ആത്മകഥകൾക്കും ജീവിതകഥകൾക്കും വല്ലാത്ത പ്രസക്തിയുള്ള ഇക്കാലത്ത് എനിക്കു വേണ മെങ്കിൽ അങ്ങനെ ഒന്നിനു ശ്രമിക്കാമായിരുന്നു. മറ്റൊരാളുടെ നാവായി മാറുക. പക്ഷേ, ഞാനൊരു നോവലിനാണ് ശ്രമിച്ചത്. പച്ചയായ ഒരു ആത്മ കഥയിൽനിന്നും ഭാവനയുടെ നിറംപുരണ്ട നോവലിലേക്കുള്ള ദൂരം എത്ര യെന്ന് എഴുത്തുകാരൻ അളന്നു നിശ്ചയിക്കേണ്ടതാണ്. ഈ നോവലെഴു ത്തിൽ ഏറ്റവും വെല്ലുവിളി നിറഞ്ഞ നിമിഷം അതായിരുന്നു. പ്രകാശം ഒരു പ്രിസത്തിലൂടെയെന്നപോലെ സംഭവങ്ങൾ കഥാകാരനിലൂടെ കയറിയിറങ്ങി പ്പോകുമ്പോഴുള്ള രൂപമാറ്റമാകണം നോവലെന്ന് ഞാൻ നിശ്ചയിച്ചു. പ 213     പുറത്തിനപ്പുറത്ത് എഴുതാൻ ഒന്നുമില്ലാത്ത ഒരു സംഭവവിവരണമാണ് കഥാ കാരന് ജീവിതകഥയിൽനിന്നു കിട്ടുന്നത്. അതിനെ മനസ്സിൽ കൊണ്ടുനടന്ന് കഥാപാതമായും നോവലായും പരിണമിപ്പിക്കുന്നതിന് കഥാകാരൻ സൃഷ്ടി ക്കേണ്ട ഒരു പരകായപ്രവേശമുണ്ട്. അവിടെവച്ച് നജീബും ബെന്യാമിനും ഒന്നാവുകയാണ്. പിന്നീട് പുറത്തുവരന്ന വാക്കുകളിൽ നജീബ് എത്ര ശതി മാനം ബെന്യാമിൻ എത ശതമാനം എന്ന് അളന്നുതിരിച്ചു തിട്ടപ്പെടുത്തുക സാധ്യമല്ല. നജീബിന്റെ അനുഭവങ്ങളെ ബെന്യാമിൻ്റെ അനുഭവങ്ങളുമായിട്ടും ചിന്തകളുമായിട്ടും കൂട്ടിക്കലർത്തുന്ന ഒരു പദ്ധതിയായിരുന്നു അത്. ഒരു സാങ്കല്പിക കഥാപാത്രത്തെ സൃഷ്ടിക്കാൻ എഴുത്തുകാരൻ എടുക്കുന്ന മാനസിക തയ്യാറെടുപ്പുകളെക്കാൾ ദുഷ്കരമായിരുന്നു ജീവിച്ചിരുന്ന ഒരാളി ലേക്കുള്ള പരകായപ്രവേശം. ഞാൻ നജീബായിത്തീരുക. അയാളുടെ അനു ഭവങ്ങൾ എന്റേതുകൂടിയായിത്തീരുക. എന്റെ ജീവിതവുമായി അതിനെ ചേർത്തു വായിക്കുക. എൻ്റെ ചില അനുഭവങ്ങൾ അയാളുടെ സാഹചര്യത്തി ലേക്കു പകർത്തിവയ്ക്കുക. എൻ്റെ വിചാരങ്ങളെ അയാളെക്കൊണ്ട് പറയി പ്പിക്കുക. വിചിത്രമാണതിന്റെ വഴികൾ. പല സന്ദർഭങ്ങളോടും നജീബോ മറ്റേതെങ്കിലും കഥാപാത്രങ്ങളോ എങ്ങനെ പ്രതികരിച്ചു എന്നല്ല കഥാകാ രന്റെ മനസ്സ് എങ്ങനെ പ്രതികരിക്കുമായിരുന്നു എന്നതിൻ്റെ അനന്തര ഫലമാണ് നോവൽ. എൻ്റെ ഏറ്റവും ഇഷ്ട വിഷയമായ കണക്കുഭാഷയിൽ പറഞ്ഞാൽ അനുഭവങ്ങളുടെ നജീബ് അധികം ഓർമകളുടെ ബെന്യാമിൻ സമം ആടുജീവിതം എന്ന നോവൽ എന്നൊരു സമവാക്യമാകും ഇതിനു യോജിക്കുക. ഒരാട്ടിടയൻ ആയിത്തീരുക എന്നായിരുന്നു എൻ്റെ ചെറുതിലെ ആഗ്രഹം എന്ന് നോവലിലൊരിടത്ത് നജീബ് പറയുന്നുണ്ട്. നാടുകളിൽനിന്ന് നാടുകൾ വിട്ട് അലയുക. പുൽമേടുകളിലും കുന്നിൻചെരുവുകളിലും ആട്ടിൻപറ്റങ്ങളു മായി വെറുതെ നടന്നുപോകുക. ഓരോ ദിവസവും ഓരോ ഇടങ്ങളിൽ കൂടാര മടിക്കുക. മഞ്ഞു പുതച്ച രാതികളിൽ തീ കൂട്ടി ആടുകൾക്കു കാവലിരിക്കുക. സത്യത്തിൽ ഇതു നജീബിൻ്റെയല്ല, ബെന്യാമിന്റെ ചെറുതിലേയുള്ള സ്വപ്‌ന മായിരുന്നു. ബേത്ലഹേമിലെ കുന്നിൻചെരുവുകളിൽ സ്വർഗീയനാദം കേട്ടു ണരുന്ന ആട്ടിടയന്മാരുടെ കഥ വായിക്കുന്ന ക്രിസ്‌തീയ പാരമ്പര്യമുള്ള ഒരു സ്വപ്നജീവിക്ക് ആട്ടിടയനാവുക എന്നതല്ലാതെ മറ്റെന്ത് സ്വപ്ന‌ം കാണാൻ കഴിയും? അകലെ നടക്കുന്ന കാര്യങ്ങളെക്കുറിച്ചും അറിയാത്ത കാര്യങ്ങളെ ക്കുറിച്ചും നാം ഒരിക്കലും വെറുതെപോലും സ്വപ്ം കാണാൻ പാടില്ല എന്ന് പിന്നീടു നൽകുന്ന ഭീതിപ്പെടുത്തുന്ന മുന്നറിയിപ്പ്, നജീബിന്റെ ഇടയജീവിതം കേട്ടുകഴിഞ്ഞതിനുശേഷമുള്ള എന്റെ മനസ്സിന്റേതല്ലാതെ മറ്റെന്ത്? ഇത് കഥാ പാത്രമായ നജീബിലേക്കു കൊണ്ടുവയ്ക്കലായിരുന്നു നോവൽ. ഒരിക്കലും മരുഭൂമി അതിൻ്റെ തീക്ഷ്‌ണതയിലും ഭീകരതയിലും കണ്ടിട്ടി ല്ലാത്ത ഞാൻ എങ്ങനെ അതിൻ്റെ വന്യത ചിത്രീകരിച്ചു എന്നു ചോദിച്ചാൽ 214     പരകായപ്രവേശം എന്നുതന്നെ ഉത്തരം. മാനസികമായി മാത്രമല്ല, ആ അനുഭവം. കുറച്ചൊക്കെ ശാരീരികമായിക്കൂടിയാണ്. നോവലെഴുത്തിന് എടുത്ത സമയത്തെക്കുറിച്ചും തയ്യാറെടുപ്പുകളെക്കുറിച്ചും പലരും ചോദി ക്കാറുണ്ട്. ഡയറിത്താളുകളിലെ കുത്തിക്കുറിക്കലുകളും കമ്പ്യൂട്ടറിലേക്കുള്ള പകർത്തിയെഴുത്തും മാത്രമല്ല നോവലെഴുത്തിനുള്ള സമയം. അത്ര നിസ്സാര മായി സംഭവിക്കുന്നതല്ലത്. അതിനുവേണ്ടിയുള്ള മനസ്സൊരുക്കം കൂടി ചേരു ന്നതാണ് നോവലെഴുത്ത്. പ്രവാചകന്മാരുടെ രണ്ടാം പുസ്‌തകത്തിൽ 'ഈ നില്ക്കുന്നവനല്ല ഞാനാണ് യഥാർത്ഥ ക്രിസ്തു,ഞാനാണ് സത്യമായും ക്രൂശിലേറ്റപ്പെടേണ്ടവൻ' എന്ന് ക്രിസ്തുവിനെച്ചൂണ്ടിപ്പറയുന്ന യൂദാസിന്റെ ആത്മസമർപ്പണത്തിലെത്താൻ ചില്ലറ മുന്നൊരുക്കങ്ങൾ പോരാ. പുറത്ത് നിശ്ശബ്ദനായി നില്ക്കുമ്പോഴും അകത്ത് കഥാപാത്രങ്ങളുടെ വേദന വിങ്ങു ന്നുണ്ടാകും. ആടുജീവിതമെഴുതുന്ന ദിവസങ്ങളിൽ പലപ്പോഴും ഞാൻ കണ്ടിട്ടില്ലാത്ത മസറയുടെ മണം അനുഭവിക്കാൻ എനിക്കായിട്ടുണ്ട്. അന്ന് ആരോരുമറിയാതെ കൊടുംവേനലിന്റെ കാഠിന്യത്തിലൂടെ ഞാൻ വല്ലാതെ അലഞ്ഞു നടന്നിട്ടുണ്ട്. നാവ് കരിഞ്ഞുണങ്ങുന്ന ദാഹത്തിൻ്റെ വെപ്രാളം എന്തെന്നറിയാൻ ഞാൻ വെള്ളം കുടിക്കാതെ ഉച്ചച്ചൂടിലൂടെ നടന്നിട്ടുണ്ട്. തലച്ചോറിൽനിന്ന് പൊന്തിയുണരുന്ന ആവിയുടെ കാഠിന്യത്തിൽ ഹക്കീ മിന് അവസാന നിമിഷമുണ്ടാകുന്ന ഭ്രാന്തിന്റെ വക്കോളം ചെന്നെത്തിനോ ക്കിയിട്ട് പോന്നിട്ടുണ്ട്. നിസ്സംഗതയുടെ മൂർത്തിമത് ഭാവമായ ഒട്ടകങ്ങളുടെ കണ്ണിൽ അലയടിക്കുന്ന മരുഭൂമിയുടെ ആഴവും പരപ്പും ഭീതിയോടെ നോക്കി നിന്നതും ഞാൻ തന്നെ. അത്തരത്തിലൊരു കഥാപാതമായിത്തീരൽ നോവ ലിനു പിന്നിലുണ്ട്. വെറുതെ അങ്ങ് സംഭവിക്കുന്നതല്ല നോവൽ. അതൊരു ആത്മബലിയോളം പോന്ന വേദനയാണ്. ഒരു വലിയ തുരങ്കനിർമാണത്തിൻ്റെ അദ്ധ്വാനമാണ്. പുതിയ ഒരു പുഴതെളിക്കലിന്റെ അജ്ഞതയാണ്. ഇപ്പോൾ പറയാൻ എളുപ്പമാണെങ്കിലും രോഗങ്ങളുടെ ഒരു നീണ്ട ബാല്യം എനിക്കുണ്ടായിരുന്നു. മരിക്കണേ എന്നന്നും മരിക്കല്ലേ എന്നും ഒരു പോലെ ആഗ്രഹിച്ചിരുന്ന ദിവസങ്ങൾ. എന്നെ തൊട്ടുതലോടിപ്പോകാത്ത രോഗങ്ങളൊക്കെ കുറവായിരുന്നു. ഇതു വല്ല ക്ഷയവും വന്ന് ചത്തുപോക ത്തേയുള്ളു എന്ന് എന്നെക്കുറിച്ച് അയൽപക്കക്കാരും ബന്ധുക്കളും പറയു ന്നതു ഞാനിപ്പോഴും ഓർക്കുന്നു. എൻ്റെ ഭ്രമാത്മക സ്വപ്നങ്ങളുടെ ബീജ ങ്ങൾ വിതയ്ക്കപ്പെട്ട ദിവസങ്ങൾ അതായിരിക്കുമെന്നു തോന്നുന്നു. അന്നൊക്കെ ഞാൻ എനിക്കുവേണ്ടി ആഗ്രഹിച്ച പരമാവധി ആയുസ്സ് 20 വയസ്സായിരുന്നു. ഒരു പെൺകുട്ടിയുടെ ചുംബനത്തിൻ്റെ രുചി അറിയുന്ന തുവരെയായിരുന്നു. പതിനഞ്ചാം വയസ്സിൽ മാത്രമാണ് രോഗങ്ങളിൽനിന്ന് ഞാൻ അല്പമെ ങ്കിലും വിമുക്തനാകുന്നത്. എന്നിട്ടും അടുത്തകാലംവരെ ചെന്നിക്കുത്ത് എന്റെ സന്തതസഹചാരിയായിരുന്നു. 'പ്രവാചകന്മാരുടെ രണ്ടാം പുസ്‌തകം' 215     എന്ന നോവലിൽ പാമ്പിന്റെ തുറച്ചുറ്റഴിഞ്ഞുപോകുന്നതുപോലെ, ചെന്നി ക്കുത്തിന്റെ വേദന അഴിഞ്ഞുപോകുന്ന സുന്ദരനിമിഷത്തിൽ സ്വയം മറന്നു പാടുന്ന ക്രി‌തു എന്ന ബിംബം എൻ്റെതന്നെ ചെന്നിക്കുത്തിൻ്റെ സന്തതി യല്ലാതെ മറ്റെന്ത്...? നാട്ടിലെ സാഹിത്യസദസ്സുകളും ചർച്ചകളും എന്തിന് വായനശാല പോലും എനിക്കന്നന്യമായിരുന്നു. എന്നാൽ എൻ്റെ അക്കാലത്തെ സുഹൃ ത്തുക്കളിൽ ഒരു ചെറുസംഘം സാഹിത്യത്തെപ്പറ്റി സംസാരിക്കുന്നവരായി രുന്നു. അന്ന്എറണാകുളത്തു പഠിച്ചുകൊണ്ടിരുന്ന സുനിൽ പുതിയ കവി തകളുമായി വരും. വിനോദ് അതു മധുരമായ ശബ്ദത്തിൽ ചൊല്ലും. വായിച്ച നോവലുകളെക്കുറിച്ചും അതിലെ മനോഹരമായ വാചകങ്ങളെപ്പറ്റിയും പറയും. എങ്ങനെയാണ് ഞാൻ ആ സംഘത്തിൽ ചെന്നുപെട്ടതെന്നറിയില്ല. കേൾവിക്കാരനായി ഞാനവർക്കു പറ്റിനിൽക്കും. ആ പ്രചോദനത്തിലാകാം പത്തനംതിട്ട കാതോലിക്കേറ്റ് കോളെജിലെ പ്രീഡിഗ്രി പഠനകാലത്ത് അവി ടുന്നും ഇവിടുന്നും ചിലതൊക്കെ വായിക്കാൻ തുടങ്ങിയത്. പക്ഷേ, ആ സാഹിത്യകാലമൊക്കെ പെട്ടെന്നസ്തമിച്ചു. ഞാനെൻ്റെ ഇഷ്‌ടവിഷയമായ കണക്കിലേക്കു തിരിഞ്ഞുപോയി. പ്രീഡിഗ്രി കഷ്ടി പാസ് ആയിരുന്നതു കൊണ്ട് പോളിടെക്നിക്കിലാണ് ചേർന്നത്. അതും കോയമ്പത്തൂരിനടു ത്തുള്ള തിരുപ്പൂരിൽ. ഇന്ത്യയുടെ ബനിയൻ സിറ്റിയിൽ. തമിഴച്ചിന്റെയും കഷ്ടപ്പാടിന്റെയും രോഗങ്ങളുടെയും മറ്റൊരു മൂന്നു വർഷം. തിരിച്ചുവന്ന് പിന്നെയും ഒരു ആറുമാസം നാട്ടിൽ ഊരുചുറ്റൽ. ക്രിക്കറ്റുകളി. കവിത കേൾക്കൽ. അതിനിടെ പെട്ടെന്നൊരു ഗൾഫ് ചാൻസ്. എൻ്റെ കസിൻ വഴി. മറ്റൊരാൾക്കുവേണ്ടി പറഞ്ഞുവച്ചിരുന്ന വിസയാണ്. അദ്ദേഹത്തിൻ്റെ പാസ് പോർട്ട് ശരിയാവാത്തതുകൊണ്ട് എനിക്കായി മാറ്റിയെടുത്തു. മറ്റൊരാളുടെ ജീവിതം പേറി 21-ാം വയസ്സിൽ ഞാൻ ഗൾഫിലേക്ക്. 1992 ഏപ്രിൽ നാല്. ""ആടുജീവിതം' എന്ന നോവലിൽ നജീബ് റിയാദിൽ കാലുകുത്തുന്ന ദിവ സമാണത്. സത്യത്തിൽ ബെന്യാമിൻ ബഹ്റൈനിൽ എത്തപ്പെട്ട ദിവസമാ ണത്. നോവൽ, എഴുത്തുകാരനിൽനിന്ന് അന്യമായ ഒന്നല്ല. നജീബിന്റെ യല്ല, ആരുടെ ജീവിതമെഴുതിയാലും അതിൽ എഴുത്തുകാരൻ്റെ ജീവിതം നിഴൽപോലെ മുദ്രയിടപ്പെട്ടു കിടക്കും. ഈ ലേഖനത്തിൻ്റെ തുടക്കത്തിൽ എന്റെ വിധിയെക്കുറിച്ചും നിയോഗ ത്തെക്കുറിച്ചുമുള്ള സങ്കല്പങ്ങൾ പറഞ്ഞത് പിന്നീട് അതെങ്ങനെ നോവ ലിൽ ഇഴപിരിഞ്ഞുകിടക്കുന്നു എന്നു പറയാൻ കൂടിയാണ്. ഞാൻ നജീ ബിനെ ഏറ്റവും ആദ്യമായി കണ്ടുമുട്ടുന്ന നിമിഷം, അയാൾ തന്റെറെ സുഹൃ ത്തുക്കളുമായി കമ്യൂണിസം ചർച്ച ചെയ്തിരിക്കുകയായിരുന്നു എന്ന് ഞാനി പ്പോഴും ഓർക്കുന്നു. ആ സാഹചര്യത്തെ മനസ്സിലിട്ടുകൊണ്ട് ഒരു തികഞ്ഞ യുക്തിവാദിയായും ഈശ്വരവിരുദ്ധനായും എനിക്കു നജീബിനെ ചിത്രീക രിക്കാമായിരുന്നു. എങ്കിൽ പലരും ആഗ്രഹിച്ചതുപോലെ മനുഷ്യൻ്റെ 216     തീർത്തും ഇച്ഛാശക്തികൊണ്ടുമാത്രം മരുഭൂമിയെ താണ്ടിപ്പോരുന്ന ഒരു നജീ ബിനെയാകുമായിരുന്നു നാം നോവലിൽ കണ്ടുമുട്ടുക. പക്ഷേ, നോവലിൽ ബെന്യാമിൻ കലരാതെ സാധ്യമല്ല. ഇല്ലെങ്കിൽ അതു മറ്റൊരാളുടെ ജീവ ചരിത്രമെഴുത്തായിപ്പോകുമായിരുന്നു. എൻ്റെയുള്ളിൽ കിടന്നു നീറിയ നജീബ് നിയോഗത്താൽ മരുഭൂമിയിലേക്ക് ആട്ടിത്തെളിച്ചുകൊണ്ടുവരപ്പെട്ട വനാണ്. അവൻ ആ വഴി താണ്ടിപ്പോന്നേയാവണം. അതിനവന് വിശ്വാസ ത്തിന്റെ ഒരു കൂട്ട് വേണമായിരുന്നു. ജീവിതത്തിന്റെ ചില നിർണായക നിമി ഷങ്ങൾക്കുമുന്നിൽ വെറുതെ നിന്നുകൊടുക്കാനേ നമുക്കു നിർവാഹമുള്ളൂ. അന്നേരം നടത്തുന്ന ഒരു പ്രാർത്ഥനയ്ക്കുള്ള മറുപടി പോലും കത്തുന്ന സൂര്യന്റെ നോട്ടം മാത്രമായിരിക്കും. ഇതെൻ്റെ മുൻവിധിയാണ്. ആ മുൻ വിധിക്കുള്ളിലിട്ടാണ് നജീബ്വാർക്കപ്പെട്ടിരിക്കുന്നത്. യഥാർത്ഥത്തിലെ നജീബ് മരുഭൂമിയിൽ പലവട്ടം ആത്മഹത്യക്കു ശ്രമി ച്ചവനാണ്. ഇഴഞ്ഞുവരുന്ന ഒരു പാമ്പെങ്കിലും തന്നെ കടിച്ചുകൊന്നിരുന്നെ ങ്കിൽ എന്ന് ആഗ്രഹിച്ചവനാണ്. പക്ഷേ, നോവലിലെ നജീബ് ഒരിക്കലും മരണത്തിനുവേണ്ടി ആഗ്രഹിക്കുന്നവനല്ല. ജീവിതത്തിന്റെ ഇത്തിരി വെളിച്ച ത്തിനുമുന്നിൽ പ്രതീക്ഷയോടെ കാത്തുനില്ക്കുന്നവനാണ്. മരിച്ചുവീഴുന്ന അവസാനനിമിഷംവരേക്കും മരുഭൂമിയോട് പോരാടാൻ തീരുമാനിച്ചവനാണ്. ബെന്യാമിൻ അവന്റെ ജീവിതത്തിൽ ഒരിക്കലും ആത്മഹത്യയെക്കുറിച്ചു ചിന്തിച്ചിട്ടില്ല. നിയോഗത്തിനു മുന്നിൽ നിസ്സംഗതയോടെ നിന്നുകൊടുക്കാ നാണ് അയാൾക്കിഷ്‌ടം. അയാളുടെ കഥാപാത്രങ്ങൾ അങ്ങനെയാകാതെ തരമില്ല. ഗൾഫിലെത്തപ്പെട്ട സാഹചര്യം എന്നെ വീണ്ടും വായനയിലേക്കു തിരി ച്ചുകൊണ്ടുവരികയായിരുന്നു. എട്ടുമണിക്കൂറിലെ ജോലിക്കുശേഷം പതിനാറു മണിക്കൂറിലെ ശൂന്യത. എനിക്കുവേണ്ടി എന്ന പോലെ മനാമയിലെ ഒരു സ്വകാര്യ ലൈബറി. ഭ്രാന്തമായ വായനയിലേക്കുള്ള മടങ്ങിവരവ്. അപ്പോഴും എഴുത്ത് എൻ്റെസ്വപ്‌നവും സങ്കല്പവുമല്ല. പക്ഷേ, എന്തോ ഒരു പ്രചോദന ത്താൽ വായിക്കുന്ന ഓരോ കൃതിയുടെയും സംക്ഷിപ്തരൂപവും അതിലെ എനിക്കിഷ്ടപ്പെട്ട വരികളും ഡയറിയിൽ കുറിച്ചുവയ്ക്കുക പതിവായി. (അടു ത്തയിടെ അതിലൊരു ഡയറി കണ്ടെത്തി. എന്റെ എക്കാലത്തെയും ഇഷ്ട നോവലായ ""ജീൻ ക്രിസ്റ്റഫി'നെക്കുറിച്ചെഴുതിവച്ചിരുന്നതെല്ലാം ബ്ലോഗി ലേക്കു പകർത്തിയിരുന്നു). അന്നത്തെ എൻ്റെ ഭ്രാന്തമായ വായനയുടെ അളവുകണ്ട് എനിക്കിപ്പോൾ പേടി തോന്നുന്നു. ഒറ്റവർഷംകൊണ്ട് 160 പുസ്തകങ്ങളൊക്കെയാണ് വായിച്ചുതീർത്തത്. ഈ കടുത്ത വായന എൻ്റെ മനസ്സിന്റെ അഗാധതയിൽ ഉറങ്ങിക്കിടന്ന വാക്കുകളെ ഉണർത്തിവിട്ടിരി ക്കണം. സുഹൃത്തുക്കളുമായിട്ടുള്ള നീണ്ട കത്തെഴുത്തുകളുടെ രൂപ ത്തിലാണ് അവ പുറത്തു വന്നത്. അന്നത്തെ എന്റെ ആശയങ്ങൾ എൻ്റേ തെന്ന് ആ വായനാഭീകരന്മാരോടു പറയാനുള്ള ഭീതികൊണ്ട് ഒരു വിദേശ 217     എഴുത്തുകാരൻ പറഞ്ഞത്, ഒരു പുസ്തകത്തിൽ വായിച്ചത്, ഒരിടത്തു കേട്ടത്, മറ്റൊരു സുഹൃത്ത് പറഞ്ഞത് എന്നൊക്കെയുള്ള അടിക്കുറിപ്പോടെ യാണ് ഞാനവ അവർക്കെഴുതിയത്. ഈ വാക്കുകൾ എൻ്റെ സ്വന്തമെന്നു പറയാനുള്ള ആ ഭീതിയുണ്ടല്ലോ, അതാണ് പിന്നെ ബെന്യാമിൻ എന്ന തൂലികാനാമത്തിനു പിന്നിൽ ഒളിഞ്ഞിരിക്കാൻ എന്നെ പ്രേരിപ്പിച്ചത്. പറ യുന്നതും എഴുതുന്നതുമൊക്കെ അബദ്ധമാണെങ്കിൽ അതു ഞാനാണെന്ന് ആരും അറിയേണ്ട എന്നൊരു ഭീതി ആ പേരിനു പിന്നിലുണ്ട്. നീയെഴു തുന്ന നീണ്ട കത്തുകൾ ഞങ്ങളെ തെല്ലും ബോറടിപ്പിക്കുന്നില്ല; അവയിലെ നൂതനത്വം ഞങ്ങളെ കൊതിപ്പിക്കുന്നു എന്ന അവരുടെ മറുപടി എനിക്കു നൽകിയ ആത്മവിശ്വാസം ചെറുതല്ല. ""ആടുജീവിതം' എന്ന നോവലിൽ എനിക്ക് ഏറ്റവും ഇഷ്ട‌പ്പെട്ട വരി കൾ; മഴയ്ക്കുശേഷം വരണ്ട് മണ്ണിനു മേലെ പൊന്തിവന്ന പച്ചവിരിപ്പുക ളിൽ ഒരു കുഞ്ഞുചെടി നജീബിനു കൊടുക്കുന്ന ആത്മവിശ്വാസത്തിൻ്റെ വാക്കുകളാണ്. നജീബേ മരുഭൂമിയുടെ ദത്തുപുത്രാ... ഞങ്ങളെപ്പോലെ നീയും നിന്റെ ജീവനെ അടക്കിപ്പിടിച്ച് ഈ മരുഭൂമിയോട് മല്ലിടുക, തീക്കാറ്റും വെയിൽനാളവും നിന്നെ കടന്നുപോകും. നീ അവയ്ക്കു മുന്നിൽ കീഴടങ്ങ രുത്. അതു നിന്റെ ജീവനെ ചോദിക്കും. വിട്ടുകൊടുക്കരുത്... എന്നു പറയുന്ന വരികൾ. 17 വർഷത്തിനിപ്പുറം ഗൾഫിൽ ഒരു പ്രോജക്ട് മാനേജർ പദവി യിലാണ് ഞാനിപ്പോൾ. എൻ്റെ തുടക്കങ്ങൾ അങ്ങനെയൊന്നുമായിരുന്നില്ല. ഹെൽപ്പർ, ടെക്നീഷ്യൻ, സൂപ്പർവൈസർ, ക്യൂസി പദവികൾ താണ്ടിയാണ് ഞാനിവിടെ എത്തിയത്. കഷ്ടപ്പാടിൻ ദിവസങ്ങൾ ധാരാളമുണ്ടായിട്ടുണ്ട്. തൊണ്ണൂറുകളുടെ മധ്യത്തിലെന്നോ ഒരിക്കൽ പ്രണയനഷ്ടത്തിന്റെ വേദന യിൽ ഉച്ചച്ചൂടിലൂടെ അലഞ്ഞുനടക്കുമ്പോൾ നിരന്തരം ആൾസഞ്ചാരമുള്ള, ഇഷ്ടിക പാകിയ ഒരു വഴിയുടെ ഒത്ത നടുക്ക് പൂ വിരിച്ചുനില്ക്കുന്ന ഒരു കുഞ്ഞുചെടിയെ ഞാൻ യാദൃച്ഛികമായി കണ്ടുമുട്ടി. ഇഴചേർത്തുപാകിയ ഇഷ്ടികകൾക്കിടയിൽനിന്നും അതു ഞെരിഞ്ഞു വളർന്നുവരികയായിരുന്നു. അതിന് ആരും വെള്ളം കൊടുക്കാനുണ്ടായിരുന്നില്ല. ആരുമതിനെ പരിപാ ലിച്ചില്ല. ആരുമതിനു തണൽ വിരിച്ചില്ല. എന്നിട്ടും കൊടുംചൂടിൽ അതു വാടിയമർന്നില്ല. നിരന്തരം വഴി നടക്കുന്ന ആരും അതിനെ ചവിട്ടി അരച്ചില്ല. അതെല്ലാവരുടെയും കാലടികളിൽനിന്നും ഒഴിഞ്ഞുനില്ക്കുകയും ധൈര്യ പൂർവം സൂര്യന്റെ കണ്ണിനെ നോക്കി വളരുകയും ഒടുവിൽ പൂവിടുകയും ചെയ്തു. ആ ചെടിയെ ഏറെനേരം ഞാൻ നോക്കിനിന്നു. ആ ചെടിക്കുഞ്ഞ് എനിക്കുതന്ന ആത്മവിശ്വാസം ചെറുതല്ല. ആ ദിവസങ്ങളിലൊന്നാണ് ഞാനെൻ്റെ ആദ്യ കഥ എഴുതുന്നത്. ഏറ്റവും കുറഞ്ഞത് നീണ്ട ഏഴു വർഷ ത്തെയെങ്കിലും മൗനമായ വായനദിനങ്ങൾക്കൊടുവിലാണ് ഞാൻ ഒരു വരി യെങ്കിലും എഴുതാൻ ധൈര്യപ്പെടുന്നത്. 1999-ൽ ഗൾഫ് മനോരമയിൽ പ്രസി ദ്ധീകരിച്ച് ""ശത്രു' എന്ന ആദ്യ കഥക്കും ഏറ്റവും ഒടുവിൽ കഴിഞ്ഞ മാസം 218     പുറത്തുവന്ന 'ഇ.എം.എസും പെൺകുട്ടി ക്കും ഇടയിൽ എഴുത്തിന്റെ സമൃദ്ധിയൊന്നും ഉണ്ടായിരുന്നില്ല. കഷ്ടിച്ചൊരു 20 കഥകൾ. നാലു നോവലുകൾ. തീർന്നു. ഒരു എഴുത്തുകാരന് ഉണ്ടായിരിക്കേണ്ട ആദ്യം പ റഞ്ഞ അനുകൂലഘടകങ്ങളുടെ നീണ്ട അഭാവം എന്നെ എന്റെ പണിയിൽ ഇരട്ടി അധ്വാനത്തിന് പ്രേരിപ്പിക്കുന്നുണ്ട്. ഒരു കഥ പൂർത്തിയാക്കാൻ കുറ ഞ്ഞത് ഒരു വർഷമെങ്കിലും എടുക്കുന്നു. നോവലുകളുടെ മേൽ നിരന്തരം തപസ്സിരിക്കേണ്ടിവരുന്നു. എഴുതി പ്രസിദ്ധീകരിച്ച കഥപോലും തിരുത്തി എഴുതേണ്ടി വരുന്നു. (അബീശഗിൻ' വാരികയിൽ വന്ന രൂപത്തിലല്ല, പുസ്‌ത കമായി വന്നിരിക്കുന്നത്). കഷ്ടപ്പെട്ടെഴുതിയ സുന്ദരവരികളിൽ പലതിനെയും അബ്രഹാം പിതാവ് സ്വന്തം പുനെയെന്നപോലെ ബലി കൊടുക്കുന്നു. എന്നിട്ടും ഞാൻ എഴുതിക്കൊണ്ടിരിക്കുന്നു. ഞാനെഴുതുന്നവയിലെ സാഹി ത്യഭംഗിയും പുതുമയും മേന്മയും എനിക്ക് ഉറപ്പില്ല. അതു കാലം അളന്നു നിശ്ചയിക്കേണ്ടതാണ്. പക്ഷേ, അവയ്ക്കുപിന്നിലെ എൻ്റെ ആത്മസ മർപ്പണത്തെപ്പറ്റി എനിക്ക് ഉറപ്പിച്ചു പറയാൻ കഴിയും. ഓരോ കഥയിലെയും കഥാപാത്രങ്ങൾക്കൊപ്പം ഞാൻ മനസ്സുകൊണ്ട് നടന്നിട്ടുണ്ട്. അവരുടെ നിയോഗം എന്റെ നിയോഗം പോലെ സ്വീകരിച്ചിട്ടുണ്ട്. അലസതകൊണ്ട് എന്റെ ഏതെങ്കിലും കഥ മോശമായിപ്പോയി എന്ന് എനിക്കു വിചാരമില്ല. എന്റെ മോശം രചനകൾക്കു പിന്നിൽ എൻ്റെ പ്രതിഭാരാഹിത്യമല്ലാതെ മറ്റൊന്നും കാരണമല്ല. ഈ ജീവിതത്തിനിടയിൽ എന്തെങ്കിലും ആയിത്തീരാൻ വേണ്ടി ഞാൻ പ്രാർത്ഥിച്ചിട്ടില്ല. നേർക്കാഴ്ചകളും പൂജകളും കഴിച്ചിട്ടില്ല. ഭാഗ്യത്തിനുവേണ്ടി നവരത്നമോതിരങ്ങൾ അണിഞ്ഞിട്ടില്ല. വീട്ടിൽ ഐശ്വര്യത്തിൻ്റെ ചൈനാ വിഗ്രഹങ്ങളും മണികളും സ്ഥാപിച്ചിട്ടില്ല. ""ജീവിതവിജയത്തിനുള്ള ആറു കുറുക്കുവഴി' പുസ്തകങ്ങളിലല്ല, പ്രകൃതി, ചെറിയ സംഭവങ്ങൾ, മനുഷ്യന്റെ അനുഭവങ്ങൾ, കൺമുന്നിൽ കാണുന്ന കാഴ്ചകൾ ഇവയിലാണ് എനിക്കു വിശ്വാസം. വി.ജെ. ജെയിംസ് ""പുറപ്പാടിൻ്റെ പുസ്‌തക'ത്തിൻ്റെ ആമുഖത്തിൽ ഓർമിപ്പിക്കുന്ന ബൈബിൾ വാചകം പോലെ അധികം സമ്പാദിച്ചവന്ഒന്നും മിച്ചമുണ്ടായിരുന്നില്ല. അല്പം സമ്പാദിച്ചവന് ഒട്ടും കുറവുണ്ടായതുമില്ല എന്നാണ് എന്റെ ചെറിയ ജീവിതം എന്നെ പഠിപ്പിക്കുന്നത്. ഈ സ്വഭാവങ്ങ ളൊക്കെ ആടുജീവിതത്തിലെ നജീബിൽ നിങ്ങൾക്കു കണ്ടെത്താനായേക്കും. അനുഭവങ്ങളുടെ നജീബ് നോവലിസ്റ്റിനുള്ളിലൂടെ കടന്നു പുറത്തുവരു മ്പോൾ വായനക്കാരൻ കാണുന്നത് എല്ലാത്തരത്തിലും പുതിയൊരാളെയാ ണ്. അതുകൊണ്ടുതന്നെയാണ് പലപ്പോഴും ഈ കഥയിൽ യാഥാർത്ഥ്യമെ ത, സങ്കല്പമെത്ര എന്ന ചോദ്യത്തിന് എനിക്കുതന്നെ കൃത്യമായ മറുപടി നൽകാനാകാത്തത്. എല്ലാ എഴുത്തുകാരുടെയും എല്ലാ വരികൾക്കുപിന്നിലും അവന്റെ ആത്മാവും ജീവിതവും സ്വപ്നങ്ങളും ഭീതികളും വിശ്വാസങ്ങളും നിഴൽ വീണുകിടക്കുന്നുണ്ടാകും. അവൻ പോലും അറിയാതെ. അവനു പോലും തിരിച്ചറിയാനാകാതെ. അവനു പോലും കണ്ടുപിടിക്കാനാകാതെ. 219     എത്തപ്പെട്ട വഴിയിൽ പകച്ചു നില്ക്കുന്നവനാണ്ഞാനിപ്പോഴും. പുതിയ കഥകൾക്കു നിയോഗമുണ്ടെങ്കിൽ ഞാനും അവയും തമ്മിൽ ഈ വഴി യിൽവച്ച് കണ്ടുമുട്ടുക തന്നെ ചെയ്യും. പക്ഷേ, അവയെ കാണാതിരിക്കാ നായി മനഃപൂർവം ഞാനെൻ്റെ കണ്ണുകൾ പൂട്ടുകയില്ല. മറ്റ് ഭ്രമിപ്പിക്കുന്ന കാഴ്ചകളിലേക്കു തിരിഞ്ഞുപോവുകയില്ല. ശരീരം അനുവദിക്കുന്ന കഠിനാ ധ്വാനത്തിൽനിന്ന് ഒഴിഞ്ഞുമാറുകയില്ല. ബാല്യകാലത്തിലെ രോഗഗ്രസ്‌ത മായ ദിനങ്ങളിലെന്നോ ഒരിക്കൽ ഞാനൊരു സ്വപ്ന് ത്തിന്റെ അഗാധതയി ലേക്കു വീണുപോയെന്നും അതിൽനിന്നുള്ള മോചനമില്ലാത്ത കാഴ്ചകളാണ് ഇപ്പോഴത്തെ ജീവിതമെന്നും ഞാൻ വിചാരിക്കാറുണ്ട്. ഒരു സ്വപ്നത്തിലൂടെ യല്ലാതെ മറ്റൊരു വഴിയിലൂടെയും എനിക്ക് എഴുത്തിലേക്കു കടന്നുവരാൻ സാധ്യതയില്ലായിരുന്നു; ഈശ്വരാ... ഞാനെന്റെ സ്വപ്നത്തിൽനിന്ന് ഉണർന്നുപോകുമോ...? Indian Terminal 220"
"en_XX: Instead of questioning me, he lifted me up, apologized profusely in the name of Allah and sent me away. Why is it that even misfortune hesitates to visit us when we need it desperately?",ml_IN: അയാൾ എന്നെ പിടിച്ച് പരിശോധിക്കുന്നതിനു പകരം എന്നെ പിടിച്ചെഴുന്നേല്‌പിച്ച് അള്ളാഹുവിന്റെ നാമത്തിൽ ക്ഷമ ചോദിച്ച് എന്നെ നിഷ്കരുണം പറഞ്ഞ യയ്ക്കുകയാണ് ചെയ്‌തത്.
"en_XX: We stepped into the police station and climbed up a long flight of steps, walking past doors bearing large inscriptions of verses from the Quran.",ml_IN: നീളൻ പടിക്കെട്ടുകളും ഖുറാൻ വചനങ്ങൾ ആലേഖനം ചെ‌ത വിസ്താരമേറിയ വാതിൽപ്പാളികളും കടന്ന് ഞങ്ങൾ പോലീസ്സ്റ്റേഷനു ള്ളിലേക്കു ചെന്നു.
en_XX: I gestured with my hand to show that I didn’t know the language.,ml_IN: ഭാഷയൊന്നും വശമില്ലെന്നു കാണിക്കാനായി ഞാൻ ചില കയ്യാംഗ്യങ്ങൾ കാണിച്ചു.
en_XX: Maybe the only use I ever made of the madrassa education.,ml_IN: ഒരുപക്ഷേ അന്നത്തെ മദ്രസപ്പഠനംകൊണ്ട് എനിക്ക് ജീവിതത്തിൽ ഉണ്ടായ ഒരേയൊരു ഉപകാരം.
"en_XX: Yes, I landed myself in prison because of my desire to live.",ml_IN: ജീവിതം തുടരാനുള്ള കൊതി യിലാണ് ജയിലിനുള്ളിൽ ഞാൻ സ്വയം എത്തിപ്പെട്ടത്.
"en_XX: By the evening, someone from the nearby Indian block came to visit me.",ml_IN: വൈകുന്നേരത്തോടെ തൊട്ടപ്പുറത്തെ ഇന്ത്യൻ ബ്ലോക്കിൽനിന്നും ഒരാളെന്നെ കാണാൻ വന്നു.
"en_XX: That evening, as we sat for dinner after maghreb, all the Malayalis in the block were with me. I didn’t have anything to give them in return for their love, except some tears.",ml_IN: അന്നു വൈകുന്നേരം മഗ്ദ്‌രിബിനുശേഷം അത്താഴത്തിനിരിക്കുമ്പോൾ ബ്ലോക്കിലെ മുഴുവൻ മലയാളികളും എനിക്കൊപ്പമുണ്ടായിരുന്നു.
en_XX: Sumesi jail did not have any of the oft-heard characteristics of a prison.,ml_IN: സുമേസി ജയിലിന് ജയിലിന്റേത് എന്നു കേട്ടറിവുള്ള സ്വഭാവങ്ങൾ ഒന്നു മുണ്ടായിരുന്നില്ല.
"en_XX: We led a very free life within the block. Maybe we had such freedom because those sentenced for serious offences were housed in another prison or in a different block. In our block we had lawbreakers who were without visas, those whose visas had expired, or those who did not have pathakas, and Muslims who had been out on the streets during prayer time or prepared food during Ramadan, those who smoked in public places, engaged in black magic and had minor scuffles with Arabs and the like.","ml_IN: വിസയില്ലാത്തവർ, വിസ പുതുക്കാത്തവർ, പത്താക്കയില്ലാത്തവർ, നമസ്കാരത്തിനു കൂടാതെ പൊതുനിരത്തിൽനിന്നും പിടികൂടിയ മുസ്ലീങ്ങൾ, റമദാനിൽ ആഹാരം പാകം ചെയ്‌തവർ, പൊതുനിരത്തിൽ സിഗരറ്റു വലിച്ചവർ, കുടോത്രവും ക്ഷുദ്രഹോമവും നടത്തിയവർ, അറബികളുമായി ചില്ലറ ഗുസ്തികൾ നടത്തിയവർ എന്നിങ്ങനെയുള്ള നിയമലംഘനം നടത്തി യവരായിരുന്നു ഞങ്ങളുടെ ബ്ലോക്കിൽ ഉണ്ടായിരുന്നത്."
en_XX: Those with petty or minor sentences and those condemned to be exiled.,"ml_IN: ഏറിയതും കുറഞ്ഞതുമായ ശിക്ഷ, നാടുകടത്തൽ എന്ന ശിക്ഷയ്ക്കു വിധിക്കപ്പെട്ടവർ."
"en_XX: I don’t recall such carefree days ever in my life. We had food at fixed times, prayed, slept enough and more, reflected pointlessly, talked as much as we liked, and dreamt about our future. The world didn’t know us. We didn’t know the world either. That was prison.","ml_IN: സമയത്ത് ഭക്ഷണം കഴിക്കുക, നമസ്കരിക്കുക, ആവശ്യത്തിനും അതിലധികവും ഉറങ്ങുക, വെറുതെ ചിന്തിക്കുക, വേണ്ടു ന്നത് വർത്തമാനം പറയുക, ജീവിതത്തെപ്പറ്റി പുതിയ വല്ലതും മോഹി ക്കുക ഇതൊക്കെയായിരുന്നു ജയിൽപതിവുകൾ."
"en_XX: Hundreds of Arabs would cross our parade line in those two hours till lunch. During the first few parade days Hameed and I were terrified. Two hours of agonizing fear, not knowing when misfortune would come in search of us. Even the shadow of a likeness resulted in incredible tension.",ml_IN: ഉച്ചഭക്ഷണം വരെ നീണ്ടുനില്ക്കുന്ന രണ്ടു മണിക്കൂറിനുള്ളിൽ നൂറു കണക്കിന് അറബികളാവും ഞങ്ങളുടെ പരേഡ് ലൈനിനെ കടന്നുപോവുക.
"en_XX: Although we had to wade through the tears of many unlucky ones, we felt great relief when that two-hour ordeal ended. Forgive me for my selfishness, but I felt glad that no one had come looking for me. Maybe it was the routine nature of its occurrence that the tension slowly began to fade on parade days. Maybe it was the confidence that the reasonable time frame for anyone to come looking for me was over.",ml_IN: പല നിർഭാഗ്യവാന്മാരുടെയും കണ്ണീരിനെ താണ്ടിയാണ് ഞങ്ങൾ പോരു ന്നതെങ്കിലും ആ രണ്ടു മണിക്കൂർ കഴിയുമ്പോൾ എന്തെന്നില്ലാത്ത ഒരാ ശ്വാസമാണ് എനിക്കു തോന്നുക.
en_XX: This was true for all those who had spent four or five months in the jail.,ml_IN: ജയിലിനുള്ളിൽ നാലും അഞ്ചും മാസം പിന്നിട്ടവരുടെ ഒക്കെ കാര്യം ഇതായിരുന്നു.
en_XX: Our block was like a railway station where people arrived and departed.,ml_IN: ആളുകൾ വന്നും പോയുമിരിക്കുന്ന ഒരു റെയിൽവേ സ്റ്റേഷൻപോലെ യായിരുന്നു ഞങ്ങളുടെ ബ്ലോക്ക്.
"en_XX: Every week, we would have great expectations when the embassy officials arrived and we would suffer greater disillusionment when they left.",ml_IN: ഓരോ ആഴ്ചയും എംബസി ക്കാർ വരുമ്പോൾ ഞങ്ങളുടെ പ്രതീക്ഷയേറുകയും അവർ പോയിക്കഴിയു മ്പോൾ നിരാശ വർദ്ധിക്കുകയും ചെയ്തുകൊണ്ടിരുന്നു.
"en_XX: ‘Tell me if there is anyone who wants to go. It is through my brother-in- law. He’s here on vacation. If money is sent, the visa will arrive within two months,’ my friend said. The passport which I had applied for yielding to Sainu’s coercion came to my mind.",ml_IN: ഇപ്പോ പൈസ കൊടുത്തുവിട്ടാ രണ്ടു മാസത്തിനകം വിസ അയച്ചുതരും - കൂട്ടുകാരൻ പറഞ്ഞു.
en_XX: Women should be like that; she was my secret pride.,ml_IN: പെണ്ണുങ്ങളായാൽ അങ്ങനെ വേണമെന്ന് രഹസ്യത്തിലെങ്കിലും അഭിമാന പ്പെട്ടുപോയിട്ടുണ്ട്.
"en_XX: That’s all.’ Maybe the wife of every man who is about to leave for the Gulf tells him the same thing. Even so, they end up spending twenty or thirty years of their lives there. And for what reason?",ml_IN: ഒരുപക്ഷേ ഗൾഫിലേക്കു പുറപ്പെടാൻ തയ്യാറായി നില്ക്കുന്ന ഏതു പുരു ഷന്മാരോടും അവരുടെ ഭാര്യമാർ ഇങ്ങനെത്തന്നെ പറഞ്ഞിരിക്കണം.
"en_XX: It was when I went to convey the news of the arrival of the visa to my Karuvatta friend that I learned that another boy from Dhanuvachapuram had also got a visa along with me, through the same brother-in-law, to work in the same company. Neither of us knew much about the outside world. It was decided that we would go together.","ml_IN: വിസ വന്ന വിവരമറിയിക്കാൻ കരുവാറ്റക്കാരൻ സുഹൃത്തിനെ കാണാൻ ചെന്നപ്പോഴാണ് അറിയുന്നത്, ധനുവച്ചപുരത്തുള്ള ഒരു പയ്യനും എനി ക്കൊപ്പം വിസ വന്നിട്ടുണ്ട്."
"en_XX: Passing narrow and long gallis, one day we reached Andheri railway station. Two weeks of watching the commotion of commuters, eating paav bhaji, drinking sherbet, drinking beer—for Hakeem, soft drinks—with Sasi, visiting dance bars and returning late at night.","ml_IN: ഇടുങ്ങിയ നീണ്ട ഗല്ലികൾ പിന്നിട്ട് അ രിയിലെ റെയിൽവെ സ്റ്റേഷനിൽ വെറുതേ പോയി നിന്ന് യാത്രക്കാരുടെ തിക്കും തിരക്കും കണ്ട്, പാവുബാജി കഴിച്ച്, സർബത്ത് കുടിച്ച്, സിനിമയ്ക്കു കയറി, രാത്രി ശശിയോടൊത്ത് ബിയർ കുടിച്ച് (ഹക്കീ മിന് കൂൾഡിംഗ്സ്), ഡാൻസ്ബാറിൽപ്പോയി രാതി എപ്പോഴെങ്കിലും മടങ്ങി വന്ന ഉല്ലാസത്തിന്റെ രണ്ടാഴ്ച."
"en_XX: Sasi and another man from the room came with us to the airport. Like all Gulf Malayalis who leave the homeland, we also promised our friends we would arrange visas for them as soon as we landed there and met our Arab.",ml_IN: ചെന്നാലുടൻ അറബിയെ ചാക്കിട്ടു പിടിച്ച് രണ്ടു വിസ സംഘടിപ്പി ക്കാമെന്നും അതു നിങ്ങൾക്ക് അയച്ചു തരാമെന്നും എല്ലാ ഗൾഫ് മലയാളി കളും തങ്ങളുടെ സുഹൃത്തുക്കൾക്ക് എയർപോർട്ടിൽ വച്ച് കൊടുക്കുന്ന പോലെ ഒരു വാഗ്ദാനം ഞാൻ ശശിക്കും സുഹൃത്തിനും കൊടുത്തു.
"en_XX: Bombay to Riyadh. A four and a half hour journey. So, at 4.30 p.m. local time on 4 April 1992, I landed in Riyadh.",ml_IN: അങ്ങനെ 1992 ഏപ്രിൽ മാസം നാലാം തീയതി പ്രാദേശിക സമയം വൈകിട്ട് 4.30ന് ഞാൻ റിയാദ് എയർപോർട്ടിൽ വിമാന മിറങ്ങി.
"en_XX: I could not remain starry eyed in that wonderland for long. We waited outside the airport after finishing the immigration formalities and, as no one came to collect us, we became anxious. All those who had come along with us in the flight had left in the vehicles of their friends, sponsors and companies. There was no one to pick us up.",ml_IN: എമിഗ്രേഷൻ നടപടികൾ പൂർത്തിയാക്കി എയർപോർട്ടിനു വെളിയിൽ കാത്തുനിന്ന ഞങ്ങളെ കൂട്ടിക്കൊണ്ടുപോകാൻ ആരെയും കാണാതെ ഞങ്ങൾ വിഷമിച്ചു.
en_XX: Everyone walked away and faded into their busy lives.,ml_IN: എല്ലാവരും അവരവരുടെ തിരക്കുകളിലേക്ക് നടന്നു മറഞ്ഞുപോയി.
"en_XX: Outside the airport, the city had begun to travel into night. Our panic began to consume us. Then, an old vehicle—not a car, jeep or lorry (it was after a long time that I learned that it was called a pick-up)—rumbled in and stopped at the main entrance of the airport, even though it was a no-parking area, and an Arab jumped out of it. As soon as I saw him, I don’t know why, my mind whispered that he was the arbab I had been waiting for.","ml_IN: അപ്പോൾ ഒരു പഴഞ്ചൻ വാഹനം കാറുമല്ല, ജീപ്പുമല്ല, ലോറിയുമല്ല - അതിന്റെ പേര് പിക്കപ്പ് എന്നാണെന്ന് പിന്നെ എത്രയോ കാലത്തിനു ശേഷമാണ് ഞാൻ മനസ്സിലാക്കുന്നത് - ഇരമ്പി വന്ന് എയർപോർട്ടിൻ്റെ പ്രധാന കവാടത്തിനരികെ നിന്നു."
"en_XX: Similarly, he snatched Hakeem’s passport. Then, without saying anything, he walked forward. Carrying our bags, we followed him.",ml_IN: അതുപോലെതന്നെ ഹക്കീമിന്റെയും പാസ്പോർട്ട് പിടിച്ചു വാങ്ങി.
"en_XX: As we neared the vehicle, the arbab grabbed my bag and threw it into the open back of the vehicle. Arbab! The fish pickle prepared by my mother.",ml_IN: വണ്ടിക്ക് അടുത്തെത്തിയതും അർബാബ് എൻ്റെബാഗ് തട്ടിപ്പറിച്ച് വണ്ടി യുടെ പുറകിലെ തുറന്ന ഭാഗത്തേക്ക് ഒരേറുവച്ചുകൊടുത്തു.
"en_XX: Seeing this, Hakeem jumped in. The arbab hurried back to his seat and started the car.",ml_IN: അത് കണ്ട് ഹക്കീം അവിടേക്കു ചാടി ക്കയറി.
"en_XX: Yearning to run, yet refusing to move, I remained seated at the back of the vehicle.","ml_IN: ഓടിപ്പോകാനുള്ള അതിയായ കൊതിയോടെ എന്നാൽ, തെല്ലും ചലിക്കാതെ ഞാൻ ആ വണ്ടിയുടെ പിന്നിൽ ഇരുന്നു."
"en_XX: I felt deeply sad. My arbab, how can you so cruelly walk away after leaving me here in this darkness in front of a tent, without saying a word?",ml_IN: കണ്ണിൽച്ചോരയില്ലാതെ എന്നെയിങ്ങനെ ഇവിടെ ഈ ഇരുട്ടത്ത് കൂടാര ത്തിനു മുന്നിൽക്കൊണ്ടു നിറുത്തിയിട്ട് ഒരു വാക്കുപോലും ഉരിയാടാതെ നിങ്ങൾ ഒരു പോക്ക് പോയിക്കളഞ്ഞല്ലോ.
"en_XX: Then quite unexpectedly, he chuckled. It became a long rattling laughter. I couldn’t fathom its meaning or relevance. After laughing for some time, he said something in Hindi. Because my schooling ended after fifth class, and because I never had any occasion to pick up Hindi, I didn’t understand what he said. Arabic might have been more intelligible to me than that Hindi.",ml_IN: സ്‌കൂൾ പഠനം അഞ്ചാം ക്ലാസിൽ അവസാനിച്ചിരുന്നതിനാലും ഹിന്ദി പഠിക്കേണ്ട ഒരു സാഹചര്യം പിന്നീടൊരിക്കലും ജീവിതത്തിൽ സംജാതമാകാതിരുന്ന തിനാലും എനിക്കൊന്നും മനസ്സിലായില്ല.
"en_XX: There was pity in those words, and also sadness, resentment, scorn.","ml_IN: അതിൽ ദേഷ്യ മുണ്ടായിരുന്നു, ശപിക്കലുണ്ടായിരുന്നു, സഹതാപമുണ്ടായിരുന്നു, നിർദ്ദാ ക്ഷിണ്യമുണ്ടായിരുന്നു, പുച്ഛമുണ്ടായിരുന്നു."
"en_XX: Then the figure fell down like a log and went to sleep. After some time, I could hear snoring.",ml_IN: പിന്നെ ആ രൂപം വെട്ടിയിട്ടതുപോലെ കട്ടിലിലേക്കു വീണു മാണ്ടുകിടന്ന് ഉറങ്ങി.
"en_XX: Then, taking the bowl from me, he finished it in one go. The vessel must have contained at least five litres of milk!",ml_IN: പിന്നെ എന്റെ കയ്യിൽനിന്നും പാത്രം വാങ്ങി ആ പാൽ മുഴുവൻ ഒറ്റവലിക്കു കുടിച്ചു തീർത്തു.
"en_XX: Then, my own arbab, who had dropped me here the previous night, came in a pick-up. It was similar to the previous day’s vehicle, but better looking, a big vehicle that would fit a joint family. It was only then I noticed that the previous day’s vehicle was parked at some distance. Last night, the arbab must have returned in his own vehicle.",ml_IN: തലേന്നു രാത്രി എന്നെ അവിടെ ഇറക്കിയിട്ടുപോയ എൻ്റെ സ്വന്തം അർബാബ് അപ്പോൾ അവിടേക്ക് ഒരു കാറിൽ വന്നിറങ്ങി.
en_XX: I was somewhat relieved when I saw my own arbab. I ran towards him.,ml_IN: എൻറെ സ്വന്തം അർബാബിനെ കണ്ടപ്പോൾ എനിക്കു കുറച്ച് ആശ്വാസം തോന്നി.
"en_XX: Similarly, I filled water in the third and fourth sections. It was not easy.",ml_IN: മൂന്നാമത്തെയും നാലാമത്തെയും കൂടുകളിലും ഞാൻ അങ്ങനെത്തന്നെ വെള്ളം നിറച്ചു.
en_XX: I nodded.,ml_IN: ഞാൻ തലയാട്ടി.
"en_XX: That moment, I realized that my life had become inescapably bound to those goats.",ml_IN: ഒരിക്കലും രക്ഷപ്പെടാനാവാത്തവിധം എന്റെ ജീവിതം ആ ആടുകളുടെ ഇടയിൽ ബന്ധപ്പെട്ടുകഴിഞ്ഞിരിക്കുന്നു എന്ന് ആ നിമിഷം എനിക്ക് പൂർണ്ണ ബോധ്യം വന്നു!
en_XX: I remember: it was only sheer emptiness that filled me then.,ml_IN: അപ്പോൾ എന്നിൽ നിറഞ്ഞുനിന്നത് ശൂന്യത മാതമായിരുന്നു എന്ന് ഞാനോർക്കുന്നു.
en_XX: Relief. The utmost relief that one could get in the world.,ml_IN: ലോകത്തിൽ കിട്ടാ വുന്നതിൽ വച്ച് ഏറ്റവും വലിയ ആശ്വാസം.
en_XX: What was my mistake? Any slip-up in my work? Did I commit some blunder?,ml_IN: പണിയിൽ വല്ല വീഴ്‌ചയും വരുത്തിയോ..?
"en_XX: Even though I didn’t understand anything, I could comprehend the magnitude of my crime.",ml_IN: എനി ക്കൊന്നും മനസ്സിലായില്ലെങ്കിലും ചെയ്‌തുപോയ അപരാധത്തിന്റെ വലിപ്പം എനിക്കു ബോധ്യപ്പെട്ടു.
"en_XX: Indeed, if the worth of a discovery is measured by its necessity and the demands of one’s situation, to me, my discovery was greater than any other.",ml_IN: ആവശ്യകതയും സാഹചര്യവുമാണ് ഒരു കണ്ടു പിടിത്തത്തിൻ്റെ മഹത്ത്വം നിർണ്ണയിക്കുന്നതെങ്കിൽ അതെന്നെ സംബന്ധിച്ചിടത്തോളം മറ്റേതു കണ്ടുപിടിത്തത്തേക്കാളും മഹത്തരംതന്നെയായിരുന്നു.
en_XX: He offloaded some provisions and water from the vehicle. The day-arbab loaded the vehicle with some things and left.,ml_IN: അർബാബ് വണ്ടിയിൽനിന്ന് തീറ്റസാമാനങ്ങളും വെള്ളവും ഇറക്കി.
"en_XX: Early morning drink: fresh, breast-warm raw milk (only if one felt like it) Breakfast: khubus, plain water Lunch: khubus, plain water Evening drink: fresh, breast-warm raw milk (only if one felt like it) Dinner: khubus, plain water.",ml_IN: പ്രഭാതഭക്ഷണം ഖുബൂസ് പച്ചവെള്ളം.
"en_XX: The night dawned into my second day in the desert. I slept late that day too, maybe because I was not used to the sleeping posture I had to adopt.","ml_IN: പരിചയമില്ലാത്ത കിടപ്പുകാരണമാവണം, അന്നു രാത്രിയും ഏറെ വൈകിയാണ് ഞാനൊന്നു മയങ്ങിയത്."
"en_XX: Feeling determined, I approached another goat. That ran off too. This continued. After half an hour, when the arbab and the scary figure came into the masara to see how much milk I had got, there was not even a drop in that vessel. What’s more, I was frog-leaping after the goats.","ml_IN: ഏതാണ്ട് അരമണിക്കൂറിനു ശേഷം അർബാബും ഭീകരരൂപിയും കൂടി ഞാൻ കറന്നെടുത്ത പാലിൻ്റെ അളവുനോക്കാനായി മസറയ്ക്കുള്ളിലേക്കു കയറി വന്നപ്പോഴും എന്റെ പാത്രത്തിൽ ഒരു തുള്ളി പാൽപോലും വീണിട്ടുണ്ടായിരുന്നില്ല എന്നുമാത്രമല്ല, അപ്പോഴും ഞാൻ ആടുകളുടെ മൂട്ടിൽക്കിടന്നു തവളച്ചാട്ടം നടത്തത്തുകയായിരുന്നു."
"en_XX: Do not try to hold the vessel in one hand and milk with the other. When you milk with one hand, slowly caress the teats with the other. Any jumpy goat will remain still. It will not kick, leap or knock the vessel over.",ml_IN: പാത്രം ഒരു കയ്യിൽ വച്ചിട്ട് മറുകൈകൊണ്ട് ഒരിക്കലും കറക്കാൻ ശ്രമി ക്കരുത്.
"en_XX: When I somehow managed to fill half a pail and come out of the masara that morning, I was drenched in sweat, as if I had done some hard labour.",ml_IN: വല്ലവിധത്തിലും അന്ന് അരപ്പാത്രം പാൽ കറന്നെടുത്തു മസറയ്ക്ക് പുറ ത്തിറങ്ങിയപ്പോഴേക്കും ഒരു വലിയ കഠിനാധ്വാനം കഴിഞ്ഞിട്ടെന്നപോലെ ആ പ്രഭാതത്തിലും ഞാൻ വിയർത്തു കുളിച്ചിരുന്നു.
"en_XX: I was clammy by the evening, as though I had been soaked in rice juice.",ml_IN: രാത്രിയാവുമ്പോഴേക്കും പകലത്തെ വിയർപ്പിറങ്ങി ചൊറിച്ചിലോടു ചൊറിച്ചിൽതന്നെ.
"en_XX: Hiding from the arbab, I washed my hands and face in the water for the goats. My armpits and pubic area, untouched by water, felt filthy.",ml_IN: ആടുകൾക്കു കുടിക്കാൻ കൊണ്ടുപോയ വെള്ള ത്തിൽ ഇത്തിരി അർബാബ് കാണാതെ എടുത്തു ഞാൻ മുഖവും കയ്യും ഒന്നു കഴുകിയെന്നു വരുത്തി.
en_XX: All such thoughts had become alien to me as they were to the dead who had reached the other world. So soon—you might wonder. My answer is yes.,"ml_IN: പക്ഷേ എന്തോ, മരിച്ച് മറുലോകത്ത് എത്തിക്കഴിഞ്ഞവനെപ്പോലെ ആ ചിന്തകൾ ഒക്കെ എനിക്ക് അന്യപ്പെട്ടുപോയിരുന്നു."
en_XX: I neither bothered about yesterdays nor worried about tomorrows. Just focussed on managing the todays. I think all my masara life was just that.,ml_IN: ഞാൻ ഇന്നലെകളെക്കുറിച്ച് വ്യാകുലപ്പെടുകയോ നാളെകളെക്കുറിച്ച് ആകാംക്ഷപ്പെടുകയോ ചെയ്തില്ല.
"en_XX: Lying on my sheet, I tried to remember the Arabic words I learned that day and their meanings. It had only been two days. But I felt that I had learned more words than necessary.",ml_IN: അതേ കിടപ്പിൽ കിടന്നു ഞാൻ അതുവരെ പഠിച്ചെടുത്ത അറബിവാക്കു കളും അവയുടെ അർത്ഥങ്ങളും ഒന്നു വേർതിരിച്ചെടുക്കാൻ ശ്രമിച്ചു ദിവസം രണ്ടേ ആയിട്ടുള്ളൂ.
"en_XX: If an Arabic expert among you asks whether the pronunciation and meaning of the words that I have tabled here are correct, I can only say I do not know. I’ve heard them like that, and have learned them like that. I was able to imagine a meaning out of those sounds. So, as far as I was concerned, that was the correct word and the correct pronunciation. After all, what is there in a word—it is understanding that is important. I could understand what the arbab meant by those words; and the arbab could understand me. One does not need to be a linguistic expert in order to communicate.","ml_IN: പിന്നെ ഒട്ടനവധി ക്രിയാപദങ്ങളും, വന്നു, പോയി, ചെയ്‌തില്ല, അറി യില്ല എന്നിങ്ങനെ ഞാനിവിടെ പറഞ്ഞ അറബിവാക്കുകളുടെ ഒക്കെ ഉച്ചാരണവും അർത്ഥവും ഒക്കെ ഇങ്ങനെത്തന്നെയാണോ എന്നു നിങ്ങളിലെ അറബി വിദഗ്ദ്ധൻ സംശയമുന്നയിച്ചാൽ, സത്യത്തിൽ എനിക്കറിയില്ല എന്നതാണ് എന്റെ ഉത്തരം."
"en_XX: This is what I could gather from those words: he, my scary figure, had escaped from this hell!","ml_IN: ആ വാക്കുകളിൽനിന്ന് ഞാൻ ഗ്രഹിച്ചത് ഇത്രയുമാണ് - അവൻ, എന്റെ ഭീകരരൂപി, ഈ നരകത്തിൽനിന്നും ഓടി രക്ഷപ്പെട്ടിരിക്കുന്നു!!"
"en_XX: Although the arbab had been watching me work, he scolded me for not taking the goats out. I retorted that without help I could only do so much.",ml_IN: കൂടാരത്തിലിരുന്ന് അർബാബ് എൻ്റെ പണികളെല്ലാം കാണുന്നുണ്ടായി രുന്നെങ്കിലും സമയമായപ്പോൾ ആടുകളെ പുറത്തു കൊണ്ടുപോകാതിരു ന്നതിന് എന്നെ ശാസിച്ചു.
"en_XX: Sixteen I was learning to face life alone, to train myself in jobs I had never performed before, to try out a new way of life, to get accustomed to an uncommon situation. It was not as if I had a choice; I was utterly helpless.","ml_IN: 98 പതിനാറ് ഒറ്റയ്ക്ക് ഒരു ജീവിതത്തെ നേരിടാൻ, ഒറ്റയ്ക്ക് ഒരു തൊഴിലിൽ പരിശീലനം m നേടിയെടുക്കാൻ, ഒറ്റയ്ക്ക് ഒരു ജീവിസമൂഹത്തെ പരിരക്ഷിക്കാൻ, ഒറ്റയ്ക്ക് ഒരു സാഹചര്യവുമായി പൊരുത്തപ്പെടാൻ ഞാൻ പഠിക്കുകയായിരുന്നു."
"en_XX: Had we learned that one could get a little water only if one worked till one’s bones broke, we would work till we died, not just till our bones broke.","ml_IN: എല്ലുമുറിയെ പണി ചെയ്‌താൽ മാത്രമേ ദാഹത്തിന് ഇത്തിരി വെള്ളമെങ്കിലും കിട്ടൂ എന്നു വന്നാൽ എല്ലുമുറിയെ അല്ല, മരണം വരേയും പണിയെടുക്കാൻ ആരും തയ്യാർ!"
"en_XX: At least that was my understanding. But, as the days passed, I had to learn many new things on my own—the ways of goats, how to rear them, the habits of camels. Circumstances can make a man capable of learning to do anything.","ml_IN: എന്നാൽ ദിവസങ്ങൾ പിന്നിടുന്തോറും ആടുക ളുടെ ജീവിതവുമായി ബന്ധപ്പെട്ട്, ആടുവളർത്തലുമായി ബന്ധപ്പെട്ട്, ഒട്ടക ങ്ങളുടെ ദിനചര്യകളുമായി ബന്ധപ്പെട്ട് എനിക്കു പുതിയ പുതിയ നിരവധി കാര്യങ്ങൾ സ്വയം പഠിക്കേണ്ടി വന്നു."
en_XX: I knew that the young ones were given milk in a pail. But I didn’t know that even a newborn was not allowed to have breast milk.,ml_IN: പക്ഷേ ജനിച്ചു വീണ അന്നേരംപോലും മുലപ്പാൽ നേരിട്ടു കൊടുക്കാൻ പാടില്ലായിരുന്നു എന്ന് എനിക്കറിയില്ലായിരുന്നു.
"en_XX: My reward for trying to help a goat deliver her baby was severe words, a kick, enough spit, two or three belt whippings and starvation at noon.","ml_IN: പൊതിരെ ചീത്തവിളി, ഒരു ചവിട്ട്, രണ്ടുമൂന്ന് ബെൽട്ടടി, നിറയെ തുപ്പൽ, ഉച്ചയ്ക്കു പട്ടിണി എന്നിവയായിരുന്നു, അത്രയും കഷ്ടപ്പെട്ട് ആദ്യമായി ഒരാ ടിന്റെ പ്രസവം എടുത്തതിന് എനിക്കു കിട്ടിയ സമ്മാനം."
"en_XX: Even then, I didn’t feel bad or sorrowful. I was sure that Allah would bestow my real reward back home on Sainu and my son. Or so I told myself. I needed to hold on to something to survive.",ml_IN: എനി ക്കുള്ള ശരിയായ പ്രതിഫലം അള്ളാഹു നാട്ടിൽ സൈനുവിനും മകനുമായി സമ്മാനിക്കുമെന്ന് എനിക്കുറപ്പായിരുന്നു.
en_XX: The arbab went near the masara where the little he-goats were kept.,ml_IN: അർബാബ് പോയതു തീരെച്ചെറിയ ആടുകളെ ഇട്ടിരിക്കുന്ന മസറയ്ക്ക് അരികിലേക്കാണ്.
"en_XX: I pushed him among the goats and caught another one as if the arbab had pointed out at that one. But the arbab’s eyes were like a vulture’s—although he lay idly inside the tent, he knew each of his goats like the lines on his palm. ‘Not that, the other one,’ the arbab’s hand stretched out towards Nabeel. I could not catch him. I could not do him such harm. Again I caught the legs of another one nearby.",ml_IN: അർബാബ് അവനെയല്ല ചൂണ്ടിയതെന്ന മട്ടിൽ ഞാനവനെ ആടുകളുടെ ഇടയിലേക്കു തള്ളിവിട്ടിട്ട് മറ്റൊരെണ്ണത്തിനെ പിടികൂടി.
"en_XX: Although they have, like sheep, been living with humans for about six thousand years, we did not have such a hard time domesticating any other animal, and we haven’t still succeeded entirely. Among them, the he-goats were impossible to control. A full-grown one would be almost as big as me.",ml_IN: ചെമ്മരിയാടുകളെ പ്പോലെത്തന്നെ പത്താറായിരം വർഷങ്ങളായി മനുഷ്യനോടൊപ്പം ജീവിക്കു ന്നെങ്കിലും തരം കിട്ടിയാൽ അതിൻ്റെ കാട്ടുസ്വഭാവം കാണിക്കുന്ന മറ്റൊരു ജീവിയേയും മനുഷ്യനു വളർത്തേണ്ടിവന്നിട്ടില്ല.
en_XX: The arbab came and sat near me and dripped some water into my mouth.,ml_IN: അർബാബ് അടുത്തുവന്നിരുന്നു കുറച്ചു വെള്ളം എന്റെ വായിലേക്ക് ഇറ്റിച്ചു.
"en_XX: Somehow, I got enough milk for the arbab and placed it in front of his tent.",ml_IN: വല്ലവിധേനയും ഞാനന്ന് അർബാബിന് ആവശ്യമായത്ര പാൽ കറന്നെടുത്തു കൂടാരത്തിൻ്റെ മുന്നിൽ കൊണ്ടുവച്ചുകൊടുത്തു.
en_XX: Let me tell you something that I have not divulged so far in this story.,ml_IN: ഇക്കഥ പറച്ചിലിൽ ഇതുവരെയും പറയാതിരുന്ന ഒരു കാര്യം ഞാൻ പറഞ്ഞുകൊള്ളട്ടെ.
"en_XX: Out of the sheer happiness of seeing a man, I even touched him once. I felt a shiver of satisfaction passing through me.",ml_IN: ഒരു മനുഷ്യനെ കണ്ട സന്തോഷത്തിൽ ഞാനയാളെ ഒന്നു തൊടുകപോലും ഉണ്ടായി.
"en_XX: To get rid of some of that anger, I hit my own chest twice as I walked back to the desert to gather the goats.",ml_IN: ആടുകളെ തടുത്തുകൂട്ടാൻ മരുഭൂമിയിലേക്കു തിരിച്ചു നടക്കുമ്പോൾ എന്റെ നെഞ്ചിൽ ആഞ്ഞ് രണ്ടിടി ഇടിച്ചാണ് ഞാൻ ആ ദേഷ്യം കുറെയെങ്കിലും കലക്കിക്കളഞ്ഞത്.
"en_XX: In the beginning, everything in the masara had a nauseating stench. The smell emanating from goats’ urine, the stench of the droppings, the reek of grass and hay that got wet with the urine. If I had ever experienced a similar stink before, it was in a circus tent.",ml_IN: ആദ്യം എല്ലാത്തിനും മസറയിൽ ഒരു മുശടു വാടയായിരുന്നു.
"en_XX: Based on that smell, I was even able to calculate a goat’s date of delivery.",ml_IN: ആ മണം അറിഞ്ഞ് ആടു പ്രസവിക്കുന്ന ദിവസം കണക്കുകൂട്ടാൻപോലും എനിക്കു കഴിയുമായിരുന്നു.
en_XX: The newborns had a particular smell different from that of older lambs.,ml_IN: പ്രസവിക്കാറായ ആടുകൾക്ക് അതിലും വ്യത്യസ്‌തമായ മണം.
en_XX: Her name is Marymaimuna.,ml_IN: മേരിമൈമുന എന്നാണ് അവളുടെ പേര്.
en_XX: I shall write again when I get time.,ml_IN: ഇനിയും സമയം കിട്ടുമ്പോൾ എഴുതാം.
"en_XX: At some point in the night, as the rain eased, the arbab ran out of the tent and drove away in his vehicle. The other arbab did not come that night.",ml_IN: രാത്രി എപ്പഴോ മഴ ഒന്നു തോർന്നപ്പോൾ അർബാബ് കൂടാരത്തിൽ നിന്നും ഓടിയിറങ്ങി വണ്ടിയിൽ കയറി ഓടിച്ചുപോയി.
en_XX: But I saw the shadowy figure slowly walk towards me.,ml_IN: എന്നാൽ ആ നിഴലനക്കം പതിയെ എൻ്റെ അടുത്തേക്കു നീങ്ങിവരുന്നതു ഞാൻ കണ്ടു.
"en_XX: The realization that those plants and animals had been lying quietly— preserving their lives, withstanding the heat of the desert—filled me with delight. I saw with my own eyes how those little plants grew big, bore flowers and fruit, and concealed life for the future in the womb of the earth.",ml_IN: വളരെ ക്കുറച്ചു ദിവസങ്ങൾകൊണ്ട് ആ ചെറുചെടികൾ വളർന്നു വലുതാകുന്നതും പൂവിടുന്നതും കായ്ക്കുന്നതും നാളേക്കുവേണ്ടി ജീവനെ ഭൂമിയുടെ ഗർഭ ത്തിൽ ഒളിപ്പിക്കുന്നതും ഞാൻ എൻ്റെകണ്ണുകൾകൊണ്ടു കണ്ടു.
"en_XX: Alas, a billy goat that was standing near me also began to run alongside.",ml_IN: എന്റെ അരികിൽ നിന്നിരുന്ന ഒരു മുട്ടനാടും എനിക്കൊപ്പം ഓടാൻ തുടങ്ങി.
"en_XX: Although I tried to dissuade it, hitting and poking it with my staff, it kept following me. Because of my extreme desire to escape, I did not look back at all. Far off, as far as possible, that was all my mind was saying. I had no idea where I was going. Just run, just escape, that’s all, I kept telling myself.",ml_IN: ഞാൻ എന്റെ വടികൊണ്ട് അതിനെ അടിച്ചും കുത്തിയും ഒക്കെ പിന്തിരിപ്പിക്കാൻ നോക്കിയെങ്കിലും അതെന്നെ വിടാതെ പിന്നാലെ ഓടിക്കൊണ്ടിരുന്നു.
"en_XX: Suddenly, I heard the roar of a vehicle behind me. Fear blazed inside me like fire. The arbab had seen me running! The arbab would reach me soon and he would beat me to death. All of a sudden, a gunshot rang out.",ml_IN: പെട്ടെന്ന് എന്റെ പിന്നിൽ ഒരു വണ്ടിയുടെ ഇരമ്പൽ ഞാൻ കേട്ടു.
"en_XX: Like a smacked puppy whining and running into its kennel with its tail between its legs, I ran and got into the back of the arbab’s pick-up. The goat was dead by then. The arbab dragged it and flung it into the vehicle and gave me another smack. Downcast, I sat there and wailed.",ml_IN: അടികൊണ്ടി നായക്കുട്ടി മോങ്ങിക്കരഞ്ഞുകൊണ്ട് വാലുമടക്കി കൂട്ടിലേക്ക് ഓടിക്കയറു ന്നതുപോലെ ഞാൻ ഓടിച്ചെന്ന് അർബാബിന്റെ പിക്കപ്പ് വണ്ടിയുടെ പിന്നിൽ കയറി.
en_XX: By then I had indeed become a goat.,ml_IN: അപ്പോഴേക്കും ഞാൻ ശരിക്കും ഒരാട് ആയിക്കഴിഞ്ഞിരുന്നു..!
"en_XX: I would raise my eyes to the heavens and ask, my Allah, what crime have I committed against you and my father to be left to wander with animals in this desert like the prodigal son? Allah would look back at me in the shape of the burning sun. He would tell me, the days of suffering you must go through are not over yet. Like a prophet in the desert, I would kneel on the hot sand and pray looking at the sky: My Allah, release me from this affliction. Send me a saviour as you sent Moses to the Israelites. Liberate me from this captivity.",ml_IN: മുടിയനായ പുത്രന്റെ കഥപോലെ മരുഭൂമിയിൽ ഈ മൃഗങ്ങൾക്കൊപ്പം കിടന്നലയാൻ എൻ്റെ അള്ളാ ഞാൻ നിന്നോടും എൻ്റെ പിതാവിനോടും എന്തു പാപമാണ് ചെയ‌തതെന്ന് ഞാൻ ആകാശത്തിലേക്കു കണ്ണുകൾ ഉയർത്തിച്ചോദിക്കും.
"en_XX: Still, a pain lingered throughout the day like soreness from an insect sting.",ml_IN: എന്നിട്ടും ആ ദിവസമതയും മുള്ളു കുത്തുന്നതുപോലെ ഒരു വേദന എന്നിൽ നീറിക്കൊണ്ടിരുന്നു.
"en_XX: Despite my best efforts to remain composed, those deaths kept haunting me.",ml_IN: എത്രയൊക്കെ 135 ആടുജീവിതം നിസ്സംഗത പാലിക്കാൻ നോക്കിയിട്ടും ആ മരണങ്ങൾ എന്നിൽ വല്ലാതെ തികട്ടി വന്നുകൊണ്ടേയിരുന്നു.
"en_XX: At night, after my meal of khubus, I lay down on the bare sand, with a stone for a pillow.",ml_IN: രാത്രി ഖുബൂസ് തീറ്റ കഴിഞ്ഞ് ഞാൻ വെറും നിലത്ത് ഒരു കല്ലെടുത്തു തലയണയാക്കി കിടന്നു.
"en_XX: The next morning, three young goats were found dead in the masara. One of them was my Nabeel.",ml_IN: പിറ്റേന്നു കാലത്തു മൂന്നു കുഞ്ഞാടുകൾ മസറയിൽ ചത്തുകിടന്നു.
"en_XX: Twenty-four If I am asked about the most beautiful sight I ever saw in the desert, I must answer: the sunset. The sun seems like a tortoise diving down into the sand.",ml_IN: Indian Terminan 138 ഇരുപത്തിനാല് ഞാൻ കണ്ടിട്ടുള്ളതിൽ വച്ച് ഏറ്റവും മനോഹരമായ കാ ‌ച ഏതെന്നു omചോദിച്ചാൽ അതു മരുഭൂമിയിലെ സൂര്യാസ്തമനമാണ്.
en_XX: I have told you about the billy goat who attacked me and broke my hand.,ml_IN: ഒരിക്കലെനിക്ക് ഊക്കനിടി തന്നു വീഴ്ത്തുകയും എന്റെ കൈ ഒടിഞ്ഞു പോകാൻ കാരണമാവുകയും ചെയ്ത ഒരു മുട്ടൻ്റെ കാര്യം ഞാൻ പറഞ്ഞി രുന്നല്ലോ.
"en_XX: The name Marymaimuna too had such a story. Mary was the first heroine of my love story. My first love affair began when I was studying in the fifth standard. She was the most intelligent and beautiful girl I ever knew, and a wonderful singer. There were no boundaries for the dreams I had about her.","ml_IN: അങ്ങനെയൊരു പേരാണ് മേരിമൈമുന, എൻ്റെ പ്രണയകഥയിലെ ആദ്യ നായികയായിരുന്നു മേരി മുന."
en_XX: My ummah couldn’t come to school to see my Marymaimuna. I stopped going to school before she could. That was the year my father died.,ml_IN: എന്റെ മേരിമൈമുനയെ കാണാൻ ഉമ്മയ്ക്ക്സ്‌കൂളിൽ വരാൻ പറ്റിയില്ല.
"en_XX: It was a name that I had completely forgotten. Marymaimuna. But when I saw a particularly beautiful goat in the masara, in tremendous waves all those memories rushed back to me. To me, that goat had the same beauty as Marymaimuna!",ml_IN: എന്റെ നോട്ടത്തിൽ മേരിമൈമുനയുടെ അതേ രൂപലാവണ്യം ആ ആടിനും ഉണ്ടാ യിരുന്നു!
en_XX: Pochakkari Ramani eventually became a well-known prostitute in our locality!,ml_IN: എൻ്റെ നാട്ടിലെ പേരുകേട്ട ഒരു നാടൻ വേശ്യയായിരുന്നു പോച്ച ക്കാരി രമണി!
"en_XX: In those days when I had only goats for company, there was an occasion when I shared with them not only my sorrows and pains, but also my body.","ml_IN: ആടുകളോടൊപ്പം സമരസപ്പെട്ട ആ ജീവിതത്തിൽ സങ്കടങ്ങളും വേദന കളും മാത്രമല്ല, എൻ്റെ ശരീരംതന്നെ അവയോടു പങ്കിട്ട ഒരനുഭവം എനിക്കുണ്ട്."
"en_XX: But that day, a faint hope that I might also escape sprouted in me.",ml_IN: അങ്ങനെ എന്തെങ്കിലും ഒരു സാധ്യത എന്നെ ങ്കിലും ഒരു ദിവസം വീണുകിട്ടും എന്ന പ്രതീക്ഷ എന്റെ ഉള്ളിലെവിടെയോ മയങ്ങിക്കിടപ്പുണ്ട്.
en_XX: Won’t you make such a miracle happen in my life? You just need to will it.,ml_IN: അങ്ങനെയൊന്ന് എന്റെ ജീവിതത്തിൽ നീ സംഭവി പ്പിക്കില്ലേ..?
en_XX: Everything left. Only my goats and I stayed in the masara without leaving.,ml_IN: എന്റെ മസറയിൽ ഞാനും ആടുകളും അടുത്ത മസറയിൽ ഹക്കീമും ആടുകളും മാത്രം എവി ടെയും പോകാതെ അവശേഷിച്ചു.
"en_XX: I shrank into a shell out of sheer envy. I felt anger and animosity towards the whole world. I gave vent to my bitterness by taking it out on the goats in the masara—by squashing the balls of the newborn males, jabbing at the udders of the milk-goats with my staff, and shoving sticks up the ass of the sheep.",ml_IN: പിറന്നുവീണ മുട്ടനാടുകളുടെ വരി ഞെക്കിയുടച്ചുകളഞ്ഞും കറവയുള്ള ആടുകളുടെ മുലകളിൽ കമ്പുകൊണ്ടു കുത്തിയും ചെമ്മരിയാടുകളുടെ ആസനത്തിൽ കമ്പ് കുത്തിക്കയറ്റിയുമൊക്കെയാണ് ഞാൻ ആ പക തീർത്തത്.
"en_XX: Although he didn’t come very near, he came within shouting distance.",ml_IN: ഏറ്റവും അടുത്തുവന്നില്ലെങ്കിലും അല്പം ഉച്ചത്തിൽ പറഞ്ഞാൽ ശബ്ദം കേൾക്കാവുന്നത അടുത്തുവരെ അവൻ വന്നു.
"en_XX: (Because of that meeting both saplings got enough beatings!) Some time after that meeting, when we spotted each other in the desert, Hakeem climbed up a sand dune and shouted to me: ‘I have left a note for you. Read it.’ And he went away. After a while, I went with my goats towards the sand dune where he had stood. There, under a stone was a piece of paper. I read it.","ml_IN: (ആ കണ്ടുമുട്ടലിന്റെ പേരിൽ രണ്ടു ചീരച്ചെടികൾക്കും കിട്ടി, പൊതിരെ തല്ല്!) ഒരുദിവസം ഹക്കീം അപ്പുറത്തുള്ള ഒരു മൺകൂനയുടെ മുകളിൽ കയറിനിന്ന് എന്നോടു വിളിച്ചു പറഞ്ഞു: ഞാനിവിടെ ഒരു പേപ്പർ എഴുതി വച്ചിട്ടുണ്ട്."
en_XX: I hoped my freedom would come soon. But nothing happened that day. I waited eagerly the next day. My anticipation was stronger on that day than the first. But nothing happened. There was expectation the day after that.,ml_IN: അന്ന് ആദ്യത്തെ ദിവസത്തേക്കാൾ പ്രതീക്ഷയായിരുന്നു.
en_XX: At night someone else whom I had never seen before arrived in a vehicle.,ml_IN: രാത്രിയായപ്പോൾ അന്നുവരെ കണ്ടിട്ടില്ലാത്ത ഒരുത്തൻ ഒരു വണ്ടിയിൽ വന്നു.
"en_XX: It was only when I saw the whiteness and cleanness of his dress that I noticed my own condition. Oh, how piteous I looked! I rated myself as the god of impurity.",ml_IN: അവൻ ധരിച്ചിരുന്ന വസ്ത്രത്തിന്റെ വെളുപ്പും വൃത്തിയും കണ്ടപ്പോ ഴാണ് ഞാനെൻ്റെ അവസ്ഥയിലേക്ക് ഒന്നു തിരിഞ്ഞുനോക്കുന്നത്.
"en_XX: Never from you, but from my own fate. I like each one of you. I would have died long ago had you not been there. It is you, your love, that has helped me survive for so long. Wherever in the world I go, I will remember you as the brothers who were with me through my misery. I will always love you.",ml_IN: ഞാൻ ലോകത്തിൽ എവിടെ ആയിരുന്നാലും എന്റെ കഷ്ട കാലങ്ങളിൽ എനിക്കൊപ്പമുണ്ടായിരുന്ന സഹോദരങ്ങളെ എന്നപോലെ ഞാൻ നിങ്ങളെ ഓർമ്മിക്കും.
"en_XX: It is Allah who brought me to my ill fate in this masara. It is He who delivers me now. I will pray to Him to release you too from this fate. Goats, my friends, my brothers, my blood, goodbye.",ml_IN: ഈ മസറയിലെ ദുർവിധിയിൽ എന്നെ എത്തിച്ചത് അള്ളാഹുവാണ്.
"en_XX: After running for some more time, a ray of light appeared from far away.",ml_IN: വീണ്ടും കുറേനേരം കൂടി ഓടിക്കഴിഞ്ഞപ്പോൾ അകലെയൊരു 162 ബെന്യാമിൻ വെളിച്ചത്തിൻറെ തുണ്ട് ഞങ്ങൾക്കു പ്രത്യക്ഷപ്പെട്ടു.
"en_XX: Angrily, I pulled my hair and beat my chest.",ml_IN: ദേഷ്യംകൊണ്ടു ഞാൻ തലമുടി പിടിച്ചുവലിക്കുകയും നെഞ്ചത്തടിക്കുകയും ചെയ്‌തു.
"en_XX: Thirty-two Only around daybreak did we end our marathon through the desert— hurtling, halting, falling, rising and dashing past hill, sand dune and ditch.",ml_IN: 166 മുപ്പത്തിരണ്ട് മലയും മണ്ണും കുന്നും കുഴിയും ചാടിക്കടന്ന് തട്ടിയും തടഞ്ഞും വീണും omഎഴുന്നേറ്റും വെടികൊണ്ട പന്നിയെപ്പോലെ പ്രാണൻതല്ലിയുള്ള ആ ഓട്ടം അവസാനിപ്പിച്ചത് ഏതാണ്ട് നേരം പുലരാറായപ്പോഴാണ്.
"en_XX: Before his great strength, we lay there curled up like stray dogs.",ml_IN: അവന്റെ വലിയ കരുത്തിനുമുന്നിൽ ഞങ്ങൾ രണ്ടു നായ്ക്കളെപ്പോലെ ചുരുണ്ടുകൂ ടിക്കിടന്നു...
en_XX: It was only then that I got a general idea about the place I had reached.,ml_IN: അപ്പോൾ മാത്രമാണ് എത്തിപ്പെട്ടിരിക്കുന്ന ഇടത്തെപ്പറ്റി ഒരു സാമാന്യ ബോധം എനിക്കുണ്ടാവുന്നത്.
"en_XX: Ibrahim and I looked at each other. Allah, where have we reached?",ml_IN: ഞാനും ഇബ്രാഹിമും മുഖത്തോടു മുഖം നോക്കി.
"en_XX: ‘Ibrahim, do you remember, the whole of yesterday we were running westward. Let’s keep going in that direction. It would be impossible to not reach a highway,’ I said.","ml_IN: ഇബ്രാഹിം, നീ ഓർക്കുന്നോ നമ്മൾ പടിഞ്ഞാറു ദിശയിലേക്കാണ് രാത്രി ഓടിയത്."
"en_XX: The one creature that I wanted to see in the desert, but couldn’t, was the ostrich. The sight of it hiding its head in the sand still remains only a dream.",ml_IN: ഞാൻ മരുഭൂമിയിൽ കാണാൻ ആഗ്രഹിച്ചതും കാണാൻ കഴിയാതെയ പോയതുമായ ഒരു ജീവി ഒട്ടകപ്പക്ഷിയാണ്.
en_XX: Another creature I had heard about was the camel spider—that it gnaws away the belly of the camel running at twenty-five kilometres an hour by clinging to its side and that it was as big as an Arab dining plate and so on.,"ml_IN: ഇരുപത്തഞ്ചു കിലോമീറ്റർ വേഗത്തിൽ ഓടുന്ന ഒട്ടകത്തിന്റെ പള്ളയിൽ പറ്റിപ്പിടിച്ചിരുന്ന് അതിന്റെ വയറുമുഴുവൻ കാർന്നു തിന്നും, ഒരു അത്താഴ പ്പാത്രത്തിന്റെറെ അത്രയും വലുപ്പമുണ്ട് എന്നൊക്കെയാണ് ഞാൻ ഒട്ടകച്ചിലന്തി കളെക്കുറിച്ചു കേട്ടിട്ടുള്ളത്."
en_XX: Water. I realized how precious it is.,ml_IN: വെള്ളം അതെത്ര അമൂല്യമാണെന്നു ഞാനിപ്പോൾ അറിയുന്നു.
"en_XX: We ran after him. After running for a while, he fell down exhausted.",ml_IN: ഞങ്ങളവന്റെ പിന്നാലെ ഓടി.
"en_XX: ‘Ibrahim, do something! My Hakeem will die now,’ I cried. ‘Allah, my Lord, Lord of all the worlds, Let nothing happen … Let nothing happen to my Hakeem! Please protect him,’ I prayed beating my breast.",ml_IN: എന്തെങ്കിലും ഒന്നു ചെയ്യ് ഇബ്രാഹിം...
en_XX: I looked at the heavens. The flaming sun met my eyes.,ml_IN: ഞാൻ ആകാശങ്ങളി ലേക്കു നോക്കി.
"en_XX: I went to Ibrahim again, crying, ‘Do something Ibrahim …’ He sat unmoving and in my anguish I hit him and kicked him and spat on him.",ml_IN: ഞാൻ വീണ്ടും കരഞ്ഞുകൊണ്ട് ഇബ്രാഹിമിൻ്റെ അരികിലേക്കു ചെന്നു.
"en_XX: ‘We can’t do anything but leave Hakeem to Allah’s care,’ Ibrahim cried. I had never seen Ibrahim look so helpless.",ml_IN: ഹക്കീമിനെ അള്ളാഹുവിന്റെ നിശ്ചയത്തിനു വിട്ടുകൊടുക്കാനല്ലാതെ മറ്റൊന്നും ചെയ്യാൻ നമുക്കാവില്ല..
"en_XX: Thirty-six Somehow Ibrahim dragged himself out of the sand dune and he pulled me out too. He was about to put me on his shoulder and walk when I wriggled out of his grasp. ‘Ibrahim, abandon me here and save yourself. I don’t want to go anywhere without Hakeem. I don’t want to escape. We came together.",ml_IN: എന്നെയും ഇവിടെ ഉപേക്ഷിച്ചിട്ട് എവിടെയെങ്കിലും പോയി രക്ഷപ്പെട്ടോളു ഇബ്രാഹിം...
"en_XX: It was time to say goodbye. I tried to remember all those who loved me and those whom I loved. Not many human faces came to my mind. Ummah, Sainu, Hakeem … But the goats in my masara filled my mind’s eye one after another. Nabeel, Aravu Ravuthar, Pochakkari Ramani, Marymaimuna, Indi Pokkar, Njandu Raghavan, Parippu Vijayan, Chakki, Ammini, Kausu, Raufat. Maybe that was because those goats had loved me more than humans did. All of them bade me goodbye.","ml_IN: നബീൽ, അറവുറാവുത്തർ, പോച്ചക്കാരി രമണി, മേരിമൈമുന, ഇണ്ടിപ്പോക്കർ, ഞണ്ടുരാഘവൻ, പരിപ്പുവിജയൻ, ചക്കി, അമ്മിണി, കൗസു, റൗഫത്ത്, മനുഷ്യരേക്കാൾ എന്നെ സ്നേഹിച്ചത് ആ ആടുകൾ ആയതുകൊണ്ടാവാം അത്."
en_XX: My feet did not fall firmly on the ground as we walked through the sand.,ml_IN: എൻ്റെ കാല് കൃത്യമായി നിലത്ത് ഉറ യ്ക്കുന്നൊന്നുമില്ല.
en_XX: Only that much of life was left in my body. I decided to walk hoping I would die more quickly if I walked.,ml_IN: നട ന്നാൽ അതൈതയും പെട്ടെന്ന് ഉണ്ടാകുമെന്ന ആശയിലാണ് ഞാൻ നടക്കാൻ തന്നെ തീരുമാനിച്ചത്.
en_XX: He staggered at that unexpected assault.,ml_IN: അപ്രതീക്ഷിതമായ ആ അടിയിൽ അവൻ വേച്ചുപോയി.
"en_XX: I must know its taste,’ I struggled and screamed.",ml_IN: അതിൻ്റെ രുചി എന്താണെന്ന് ഒന്നറിയണം.
en_XX: I sobbed heavily recalling my pettiness.,ml_IN: എന്റെ നന്ദികേടോർത്തു ഞാൻ വിങ്ങിവിങ്ങി കരഞ്ഞു.
en_XX: I would be at ease only after I caught sight of him on some distant sand dune.,ml_IN: പിന്നെ അവൻ്റെ തലവെട്ടം അകലെ മണൽക്കുനയിലെവിടെയെങ്കിലും കണ്ടാലേ എനിക്ക് ആധി യൊഴിയുമായിരുന്നുള്ളൂ.
en_XX: For what? It remains unanswered in my mind.,ml_IN: ഉത്തരം കിട്ടാത്ത ഒരു ചോദ്യമായി അതിന്നും എന്റെ മനസ്സിൽ തളംകെട്ടിക്കിടക്കുന്നു.
en_XX: I hesitated to sit straight on the spotless seat of that splendid vehicle.,ml_IN: ആ മുന്തിയ വണ്ടിയുടെ പള പളപ്പൻ സീറ്റിൽ എൻ്റെ വൃത്തികേടോടെ ഉറച്ചിരിക്കാൻ എനിക്കു മടിതോ ന്നി.
"en_XX: Slowly I reclined on the seat. I was so tired I soon fell asleep. So, I don’t know how long I travelled. I only woke up when the vehicle stopped in a city area. It was almost evening by then. I looked all around perplexed.",ml_IN: ഏതാണ്ട് ഒരു വൈകുന്നേരത്തോടെ വണ്ടി ഒരു നഗരപ്രദേശത്തെത്തി ബ്രേക്കിടുമ്പോഴാണ് ഞാൻ പിന്നെ ഉണരുന്നത്.
en_XX: Very huge buildings. Many people and a lot of commotion. Heavy traffic.,ml_IN: വലിയ വലിയ കെട്ടിടങ്ങൾ.
en_XX: I wept. I had realized that Allah occasionally travels even in a luxury car.,ml_IN: പണക്കാരന്റെ വണ്ടിയിലും വല്ലപ്പോഴും അള്ളാഹു സഞ്ചരിക്കുമെന്ന് എനിക്കന്നേരം മനസ്സിലായി.
en_XX: An assurance that someone who could understand my language was in there. Someone who could understand what I said. I steeled myself and walked towards it.,"ml_IN: എന്റെ്റെ ഭാഷയറിയാവുന്ന, ഞാൻ പറയുന്നതു മനസ്സിലാവുന്ന ഒരാൾ അവിടെയുണ്ടാകുമെന്ന് ഉറപ്പ്."
"en_XX: ‘I need a mirror,’ I said.",ml_IN: എനിക്കൊരു കണ്ണാടി വേണം.
"en_XX: I just wanted to see myself as everyone saw me, the man everyone thought was pitiable.","ml_IN: എല്ലാവരും തുറിച്ചു നോക്കുന്ന, എല്ലാവരും നികൃഷ്ടനായി എണ്ണുന്ന എന്നെ എനിക്കൊന്നു കാണണമായിരുന്നു."
"en_XX: Kunjikka explained to me how he and his workers held me as I fainted and brought me into his restaurant to give me food and water; how I was taken to his room; how, with tender care, he bathed me on that day, the next and the day after; how a barber was brought in to cut my hair and shave my beard; how a doctor was brought in to examine and treat me. But my unconscious mind had not registered any of these events.",ml_IN: അന്നു തളർന്നുവീണ എന്നെ കുഞ്ഞിക്കായും പണിക്കാരും ചേർന്നു താങ്ങിപ്പിടിച്ചു ഹോട്ടലിൽ കയറ്റിയിരുത്തി വെള്ളവും ആഹാരവും തന്നതും പിന്നെ അദ്ദേഹത്തിൻ്റെ മുറിയിലെത്തിച്ചതും ബത്ത മാർക്കറ്റിലെ കുഞ്ഞി ക്കായുടെ സ്നേഹവലയങ്ങൾ എല്ലാം ചേർന്ന് അന്നും പിറ്റേന്നും അതിൻ്റെ പിറ്റേന്നും എന്നെ കുളിപ്പിച്ചതും ഒരു ബാർബറെ വരുത്തി എന്റെ മുടിയും താടിയും വടിപ്പിച്ചതും ഡോക്ടറെ മുറിയിലേക്കു വരുത്തി എന്നെ പരിശോധി പ്പിച്ചതും മരുന്നുകൾ തന്നതും ഒക്കെ കുഞ്ഞിക്ക എനിക്കു പറഞ്ഞുതന്നു.
"en_XX: ‘Three years, four months, nine days.’ Those who heard me were dumbstruck.",ml_IN: മൂന്നു വർഷം നാലു മാസം ഒൻപതു ദിവസം..!
"en_XX: Then, after two more days, when I was able to walk a little, Kunjikka took me from that room to the next one. There was a telephone in that room. Kunjikka made me sit before it.",ml_IN: പിന്നെയും രണ്ടു ദിവസം കഴിഞ്ഞ് എനിക്കിത്തിരി നടക്കാമെന്നായ omപ്പോൾ കുഞ്ഞിക്ക എന്നെ ആ മുറിയിൽനിന്നുമിറക്കി അടുത്ത മുറിയിലേക്കു കൊണ്ടുപോയി.
"en_XX: Then, after several days of planning, and following the advice and directions of many, we decided to give ourselves up to the police without delay and somehow land in prison.",ml_IN: പിന്നെ നിരവധി ദിവസത്തെ ആലോചനകൾക്കും നിരവധി പേരുടെ ഉപ ദേശനിർദ്ദേശങ്ങൾക്കും ഒടുവിലാണ് ഇനിയും വച്ചുതാമസിക്കാതെ പോലീ സിനു പിടികൊടുക്കാൻ ഞങ്ങൾ ഇരുവരും തീരുമാനിക്കുന്നതും അങ്ങനെ ജയിലിൽ എത്തിപ്പെടുന്നതും.
"en_XX: After the parade was over, I told a friendly policeman that my arbab had been present among the Arabs who had come that day and it was only by the grace of Allah that he left without taking me along. The policeman replied that the arbab had gone back saying, ‘It’s just that he is not under my visa, otherwise I would have dragged him back to the masara!’ I was shocked. Either the arbab had lied to mask the pity he had shown his prey or he had revealed a horrible truth. Wasn’t he my sponsor then? Had he illegally held me captive? On that day at the airport, had he kidnapped me?",ml_IN: അന്നത്തെ അറബിപ്പരേഡു കഴിഞ്ഞ് എനിക്കു പരിചയമുള്ള ഒരു പോലീസുകാരനോട് സംസാരിക്കുമ്പോൾ ആ വന്നത് എൻ്റെ അർബാബാ യിരുന്നു എന്നും അദ്ദേഹം എന്നെ പിടികൂടാതെ പോയത് അള്ളാഹുവിന്റെ കൃപ ഒന്നുകൊണ്ടുമാത്രമാണെന്നും ഞാൻ പറഞ്ഞു.
"en_XX: Hearing my name, all those who were there with me shed tears of joy.",ml_IN: അതു കേട്ട് എന്റെ കൂടെയുണ്ടായിരുന്നവരിൽനിന്ന് ഒരു ആഹ്ലാദത്തിന്റെ ശബ്ദ മുയർന്നു.
"en_XX: Among them, I had the most seniority in prison.",ml_IN: ജയിൽവാസത്തിൻ്റെ കാര്യത്തിൽ അക്കൂട്ടത്തിൽ ഏറ്റവും 'സീനി യോറിറ്റി' എനിക്കായിരുന്നു.
"en_XX: Madhavan: No, I don’t feel like having food.",ml_IN: മാധവÑ: ഞാÑ അനËദിÛകാരനാണ്.
en_XX: Madhavan: You too disapprove of me?,ml_IN: മാധവÑ: ഞാÑ െതാɢിേവണെമɀ പറžേവാ?
"en_XX: Madhavan: Well, what if he decides not to ?",ml_IN: മാധവÑ: ഇƼ വലിയസłടംതെȿ. എനിÚ്നായാƄിȠ േപാവാÑ പാടിെ̥േȿാ?
"en_XX: Madhavan: Then, what about a woman’s merit?",ml_IN: മാധവÑ: ഇƼ ഞാÑ തെȿ ഇȲേലഖ˘െടതലˀടിയിÒ തി˻കെƄേയാ?
"en_XX: Madhavan: May be, you’re able to keep your feelings under control.",ml_IN: മാധവÑ: മനκിȿ്ഇŎിÛȿത്സകല̨ംസാധിŌ െകാƤിരിÛേˇാÓ മനλ നിമി ǀംഉപȏവംഉƤാവാÑ എടയി̥. ഇȲേലഖÚ്അņെനസകലƼംസാധിŌ െകാ ƤിരിÛȿതിനാലായിരിÛംമനκിെനപരീþിɢാÑ എടയാവാŽത്.
en_XX: Madhavan: Never? You have never dreamt of anything impossible?,ml_IN: മാധവÑ: എȤിനാണ്എെȿ ശകാരിÛȿത്? ഇƼംÖടിേവണേമാ?
"en_XX: Madhavan: I don’t want to read anything. Please don’t make fun of me, that’s all I wish !",ml_IN: മാധവÑ: അˎാമȠംഇņിെനഅഭിɩായെɢƀȿത്ഞņϗെടനിÔഭാഗËം! കാരËം പറ˘േˇാÓ ഞാÑ അനËായമായിആെര˘ംഭയെɢƅ പറയാതിരിÚി̥ാ. എനിÚ് ഈവകǷ͡തകÓ കƥ Öടാ. വലിയˎാമÑ േദഹാȀÎാനംെച˦ സˇാദിŋതായ ഒ˻ കാ̴േപാ˾ംചിലവിടാÑ ഞാÑ ആവശËെɢƄിƄി̥. ɔÔ̱ɆാÔ സˇാദിŋƼംന ˏെടഅഭÌദയǀിȠംēണǀിȠംേവƤിഅേǻഹംൈകവശംെവŋിരിÛȿƼമായ പണംനˎϗെടനËായമായആവശËņÓÛ േവƤിചിലവിടാേനഞാÑ പറžϛ.
en_XX: Madhavan: I don’t want to listen to any veena.,ml_IN: മാധവÑ: േവƤാഎɀ ഞാÑ ഇേɢാÓ പറ˘ɀ.
en_XX: Madhavan: Do you agree for me doing everything according to my wishes ?,ml_IN: മാധവÑ: എȤിനാണ്ഇņെനെയ̥ാംപറ˘ȿത്? ഞാÑ മഹാഒ˻ നിÔഭാഗËവാനാ െണɀ േതാɀɀ — ̪ഥാമനഃേഖദംഉƤാ̨ȿത്നിÔഭാഗËമേ̥?
en_XX: Madhavan: Yes.,ml_IN: മാധവÑ: േവƤാ.
en_XX: Madhavan: Didn’t you see? I did touch you !,ml_IN: മാധവÑ: അƼ കാണേണാ?
"en_XX: Madhavan: How can I get any sleep ? I’m too hurt to sleep, both my mind and body aches terribly.",ml_IN: മാധവÑ: ശരീര̨ംമനλം̫ണെɢെƄേപാെലേവദന˘ϙ എനിÚ്— കിടɀറņാÑ എņെനസാധിÛം?
en_XX: INDULEKHA 16 Madhavan: Who’s that?,ml_IN: മാധവÑ: ആരാണത്?
"en_XX: Madhavan: Why, shouldn’t I go for hunting today?",ml_IN: മാധവÑ: ഞാÑ ഇേɢാÓ ഇവിെടവŌ മാധവിെയÛറിŌ േകƄ വÔǀമാനംശരിത െȿേയാ?
en_XX: Madhavan: I will never believe that you do not have any feelings for me.,ml_IN: മാധവÑ: മȠഷËെɐ ʘȀി˘െടഒ˻ അഹłാരംവിചാരിÛേˇാÓ എനിÚ്ആ̷രËം േതാɀɀ.
"en_XX: Indulekha: Then, what’s the problem?",ml_IN: നˉതിരിɢാട്: അേɢാÓ അത്എņെനസാധിŌ?
"en_XX: Madhavan: Yes, that’s what I mean to do. Will you give me permission to go?","ml_IN: മാധവÑ: ശരി, ചാǀരേജͩെന˘ംേഗാപാലെന˘ംഇനിഇംûീഷ്പഠിɢിÚാÑ െകാƥ േപായാÒ വിചിǕംതെȿ."
en_XX: Lakshmikutti Amman: Who ?,ml_IN: ×ͬേജËാǛËര്: ജാതക̨ംമЂംേനാÚെƤ?
en_XX: Lakshmikutti Amma: What should I say?,ml_IN: ഇȲേലഖ: അņിെനഅേ̥ പറŽത്?
en_XX: Ammu: Nobody.,ml_IN: ശാΜികÓ: അെത.
"en_XX: Madhavan: Oh, my dear, the Karanavar will kick you out.",ml_IN: മാധവÑ: നിņÓ എനിÛ വ̥ സഹായ̨ംെച˸ാŽാÒ ഞാÑ വളെരÕഴņിേɢാ ̨മെ̥ാ.
en_XX: Indulekha: What’s in your hand?,ml_IN: നˉതിരിɢാട്: ഇȲേലഖ˟്ക̦പതിŋ േതാടഉേƤാ?
en_XX: Lakshmikutti Amma: What news ?,ml_IN: ലąിÛƄിഅˎ: ഏƼ വിവരം?
"en_XX: Kesavan Namboothiri: (to Panchu Menon) yes, good answer. That’s enough, let’s go to sleep.",ml_IN: േകശവÑ നˉതിരി: (പųേമേനാേനാട്) ശരിശരി— ന̥ ഉǀരം. മതിമതിഎനി  . പųേമനവെɐ Õƪിതം േനാÛ കിടÚാÑ േപാ̨ക.
en_XX: Namboothirippad: Is she fairer than me ?,ml_IN: നˉതിരിɢാട്: എെɐ നിറേǀÚാÓ അധികേമാ?
"en_XX: Namboothirippad: Why do you smile, Cherussery?",ml_IN: നˉതിരിɢാട്: എȤാണ്െചϿേ͌രിഒɀ ചിറിŋത്?
en_XX: Indulekha: I didn’t.,ml_IN: നˉതിരിɢാട്: എനിÛ Μീകെളവളെരʽമമാെണȿ്െചϿേ͌രിÚ്േതാɀƤായിരി Úാം.
"en_XX: Kunjikutti Amma: Ok, then.","ml_IN: ഇȲേലഖ: ശരി, ന̥കാരËം."
"en_XX: Parvathi Amma: Me, alone?",ml_IN: പാÔ̱തിഅˎ: ഞാÑ തെȿേയാ?
en_XX: Subbukutti: I don’t know. That’s what I heard.,ml_IN: േകശവÑ നˉതിരി: അƼ ഞാÑ അറിയി̥. േചÔÚാÑ സംഗതിയി̥ാ.
"en_XX: Namboothirippad: Okay, are you crazy about Kathakali?",ml_IN: നˉതിരിɢാട്: െചϿേ͌രിയാണ്ഈവികടņÓ എ̥ാംഉƤാÛȿത്. കഥകളിഎ ȤാƢ സാരം? നാെളǀെȿ േപായാÒ എȤാണ്?
en_XX: Indulekha: (giggling) That I understood.,ml_IN: മാധവÑ: (ചിറിŌംെകാƤ്) അെത.
"en_XX: Namboothirippad: How come ? You’ve already heard about me, haven’t you?",ml_IN: നˉതിരിɢാട്: ɔÔƶെയൗവനˀϙ ഒ˻ ɓ˻ഷെനകƤാÒ എനി˘ംഅറിž Öെട?
en_XX: Indulekha: No.,ml_IN: നˉതിരിɢാട്: അെത.
en_XX: Ammu: I don’t know anything.,ml_IN: മാധവÑ: എനിÚ്ഇതിÒ ഒരാΟ˘ംഇ̥.
"en_XX: Namboothirippad: Hey, that’s not proper. Tell Panchu to ask her to sing sitting on the floor today.","ml_IN: നˉതിരിɢാട്: അƼ പാടി̥ാ, എȿാÒ െവളിŋായിെþൗരംകഴിŽിƅ ɓറെɢടാേന പാƀϛ. െþൗരംകഴിŽാÒ ÕളിÚാെതɓറെɢടാÑ പാƀേƤാ?"
en_XX: Namboothirippad: Try to wake her up.,ml_IN: നˉതിരിɢാട്: പų അത്എനിÛ സാധിɢിŌ തരണം.
"en_XX: Namboothirippad:(crestfallen)Are you sure? Okay, then what about your wife? Doesn’t she sing?",ml_IN: േകശവÑ നˉതിരി: (ഒ˻ പŋŋിറിേയാƀ Öടി) Õƪിതംഒɀമി̥ാ. എȥ Õƪിതം?
"en_XX: Namboothirippad: Okay, can I see that girl?",ml_IN: നˉതിരിɢാട്: എȿാÒ ÕƄിെയഒȿ്എനിÛ കാണാേമാരാവിെല?
en_XX: Namboothirippad: How old are you?,ml_IN: നˉതിരിɢാട്: ഇȲേലഖ˟്എǕ വയκായി?
en_XX: Indulekha: Eighteen.,ml_IN: നˉതിരിɢാട്: എłി˾ംഏകേദശംപറ˙.
"en_XX: Namboothirippad: Still, try to guess.",ml_IN: നˉതിരിɢാട്: ലąിÛƄിÚ്ഈെവϙിെŋ̥ംഒȿ്എƀǁ േനാÚാം.
en_XX: Indulekha: Past fifty?,ml_IN: ഉേദËാഗΟÑ: േഗാവിȱേസȠംഇവിƀെǀ േΣഹിതേനാ?
en_XX: Indulekha: That’s good.,"ml_IN: മാധവÑ: അെത, ശരി— അƼ മതി."
en_XX: Indulekha: Of course.,ml_IN: മാധവÑ: ÕളിÚാം.
en_XX: Indulekha: What nonsense !,ml_IN: നˉതിരിɢാട്: െചϿേ͌രീ! എനിÚ്ഇȲേലഖെയÚാÓ േബാധിŋത്അവϗെടഅˎ െയയാണ്വാÛ സാമÔǈËംകƀകƄി. കƤാേലാ? — െചϿേ͌രികƤിേ̥?
en_XX: Namboothirippad: Nonsense ! It’s my fortune ! I’ve got your consent !,ml_IN: നˉതിരിɢാട്: െചϿേ͌രി! േനരംേപാെÚ̥ാംമതി. ഞാÑ വയκനായിƼടņി.
en_XX: Panchu Menon: As you like.,ml_IN: പųേമേനാÑ: നിņÓ പണംഒɀംസഹായിÚ˻ത്.
en_XX: Indulekha: Who told you this?,ml_IN: നˉതിരിɢാട്: ശരീരǀിന്ͿഖേÚടാെണɀ പറžേവാ?
en_XX: Shasthrikal: Who? Indulekha?,ml_IN: ഇȲേലഖ: ആേര? േകശവÑ നˉതിരിെയബാȸവിÚാനാേണാ?
en_XX: Govindan: Who else !,ml_IN: പųേമേനാÑ: ആരാണ്അവിെട?
"en_XX: Madhavan: Shasthrikal, is it true, what I heard about Madhavi ?","ml_IN: മാധവÑ: എȤിȠ ശാΜികÓ െവϿെതവËസനിÛɀ? എനിÚ്അേശഷംവËസനമി ̥. പിെȿ മാധവി, അ̥ ഇȲേലഖേ˟ാവളെരസേȤാഷമായകാല̨മെ̥? നിņϗെട േΣഹിതɆാരായഎനിÛംഇȲേലഖˠംവËസനമി̥ാǀ കാരËǀിÒ എെȿÛറിŋ് എȤിȠ നിņÓ വËസനിÛɀ?"
en_XX: Madhavan: Uncle must’ve compelled her.,ml_IN: മാധവÑ: ഞാÑ െവളിവായിƄ്പറയാം.
en_XX: Madhavan: Everything feels like a tale from the Arabian Nights !,"ml_IN: മാധവÑ: അŎാ! എനിÚ്ഇെത̥ാംേകÓÛേˇാÓ, അറബിയÑ ൈനട്സിÒ ഉϙ ഒ˻ കഥവായിŌ േകÓÛേˇാെലേതാɀɀ."
en_XX: Parvathy Amma: Does he know that?,ml_IN: പųേമേനാÑ: ഈമാധവÑ ഇņെനവɀേപായേ̥ാവിവരņെള̥ാംപണിÚÔ അറിžേവാ?
en_XX: Indulekha: Better than myself.,ml_IN: േകശവÑ നˉതിരി: എനിÛംഉറÛ വ˻ɀ.
en_XX: Panchu Menon: My God ! Is this girl so much attached to Madhavan? Does she know about my oath?,ml_IN: പാÔ̱തിഅˎ: മാധവÑ എനി˘ംമദിരാശിയിÒ തെȿ പാÔÚേƤ? അƼ മാǕം എനിÛ സłടം.
en_XX: Indulekha: Any telegram?,ml_IN: നˉതിരിɢാട്: എȿാÒ െþൗരംേവേƤ?
"en_XX: Minar mulled over his age and that of the guest sitting across to him. Chandralekha had asked his age once, he recalled.",ml_IN: മിനാർഇേപ്പാൾതെന്റമുമ്പിൽകേസരയിലിരിക്കുന്ന അതിഥിയുെടയുംതെന്റയുംപ്രായംമനസ്സിൽകൂട്ടി. ഒരി ക്കൽചന്ദ്രേലഖതെന്റവയസ്സ് േചാദിച്ചതു്ഓർത്തു.
"en_XX: “Minar, you must write a letter for me.” Chandralekha said. She glanced behind as if to make sure that Bharati had gone to kitchen to prepare tea. “I need to send that letter by courier today itself.”","ml_IN: “മിനാർ, നീഎനിെക്കാരുകത്തു്എഴുതിത്തരണം”, ചന്ദ്ര േലഖപറഞ്ഞു."
"en_XX: “Wait a moment. Before you tell the rule, you have to tell me your age and name.” Minar said his name first and then age. She laughed. “Minar, 20 years, all right.",ml_IN: “ആനിയമംഎന്താെണന്നു്പറയുന്നതിനുമുമ്പു്നീനി െന്റവയസ്സുംേപരുംപറയണം”. മിനാർആദ്യംേപരു് പറഞ്ഞു.
"en_XX: Those scribes in front of the General Post Office were the custodians of messages sent to their families by their clients, illiterate labourers and Veshyas [1] who made it to the city. Penning letters for this multi- tude used to be a hectic but paying job, but until the time mobile phones appeared and took over the scene as messengers, changing only the nature of illiteracy and strangely literacy too. On certain days Minar him- self used to write forty to fifty letters. Minar sat there writing letters for another thirteen years after mobile phones took over the city. And at last he left. Like all others who were there with him, he also searched for an alternative job. For Minar it was like an inherited occupation- one which was in vogue for centuries. It was Minar’s father who first came in front of the Gen- eral Post Office in Mumbai to undertake the job which was being called by respectable names like ‘Munshi’ and ‘Khateeb’. He used to tell Minar that he was the Munshi at the Royal Palace. When his father returned to the village home from the city because of old age and illness, Minar came to the city to take up the same job. Other scribes then selected an auspicious day for Minar to start his job. And it was right on the same day, Chandralekha, the young veshya from Kamath- ipura came to Minar asking him to write down her let- ter for the first time.","ml_IN: നഗരത്തിെലത്തിയനിരക്ഷരരായഅസംഖ്യംെതാഴി ലാളികളുെടയുംനഗരേവശ്യകളുെടയുംഗ്രാമങ്ങളിെലകു ടുംബങ്ങളിേലക്കു്േപാകുന്നസേന്ദശങ്ങളുെടരഹസ്യസൂ ക്ഷിപ്പുകാർകൂടിയായിരുന്നുജനറൽേപാസ്റ്റ് ഓഫീസിനു മുമ്പിെലആകെത്തഴുത്തുകാർ. െമാൈബൽേഫാണു കൾവന്നു്നിരക്ഷരതെയയുംഎഴുത്തിെനയുംേവെറ െയാരുമട്ടിൽമാറ്റിസ്വയംസേന്ദശവാഹകരാവുന്നതും വെരഅതു്തിരക്കുംവരുമാനവുമുള്ളേജാലിയുമായി രുന്നു. ചിലദിവസംമിനാർതെന്നനാല്പതുംഅമ്പതും കത്തുകൾഎഴുതി. െമാൈബൽേഫാൺപ്രചാരമാകുന്ന നഗരത്തിെലപതിമൂന്നുെകാല്ലംകൂടിമിനാർഅവിെട കെത്തഴുതാനായിഇരുന്നു. പിെന്നമടങ്ങി. അവിെടയു ണ്ടായിരുന്നപലെരയുംേപാെലേവെറെതാഴിൽേത ടി. അെല്ലങ്കിൽ, മിനാറിനു്അെതാരുപാരമ്പര്യെത്താ ഴിൽേപാെലയുമായിരുന്നു. നൂറ്റാണ്ടുകളുെടപഴക്കമുള്ള േജാലി, ‘മുൻഷി’ എന്നും‘ഖത്തീബ്’ എന്നുംപ്രസിദ്ധി േനടിയആേജാലിെചയ്യാൻമുംൈബയിെലജനറൽ േപാസ്റ്റ് ഓഫീസിനുമുമ്പിൽആദ്യംഎത്തിയതു്മിനാറി െന്റപിതാവായിരുന്നു. തെന്റഅച്ഛൻെകാട്ടാരത്തിെല മുൻഷിയായിരുന്നുെവന്നുമിനാറിേനാടു്അച്ഛൻപറയു മായിരുന്നു. പിെന്നപ്രായാധിക്യവുംേരാഗങ്ങളുമായി നഗരത്തിൽനിന്നു്നാട്ടിേലക്കു്അയാൾമടങ്ങിവന്ന േപ്പാൾഅേതേജാലിെചയ്യാൻമിനാർനഗരത്തിെല ത്തി. തെന്റേജാലിതുടങ്ങാൻമിനാറിനു്മറ്റു്കെത്തഴു ത്തുകാർഒരുനല്ലദിവസംതിരെഞ്ഞടുത്തു. ആദിവസ മായിരുന്നുചന്ദ്രേലഖ, കാമാട്ടിപുരയിെലയുവതിയായ േവശ്യ, മിനാറിെന്റഅരികിൽആദ്യമായികെത്തഴുതാൻ വന്നതു്."
en_XX: Chandralekha showed her mobile phone to Minar.,ml_IN: ചന്ദ്രേലഖഅെതാന്നുംകാര്യമാക്കണ്ടഎന്നു്കണ്ണിറുക്കി കാണിച്ചു.
"en_XX: “Minar, I have a mobile with me.” She said, “but what I want to convey needs to be written down, not spo- ken.” She wanted the letter to be addressed to the col- lege where her daughter studied. “To the Registrar, a copy should be kept for her warden too.” Chandralekha said, “For that I shall take a photocopy.” Chandralekha showed her daughter’s photograph to Minar. Minar asked, “What is her name?” Chandralekha said, “My name itself, Chandralekha.”","ml_IN: ചന്ദ്രേലഖഅവളുെടെമാൈബൽേഫാൺമിനാറിനുകാ ണിച്ചുെകാടുത്തു. “മിനാർ, എെന്റൈകയ്യിൽേഫാൺ ഉണ്ട്”, അവൾപറഞ്ഞു“ഇതു്പേക്ഷ, പറേയണ്ടതല്ല, എഴുേതണ്ടതാണു്”. മകൾപഠിക്കുന്നേകാേളജിേലക്കാ ണു്അവൾക്കു്കത്തു്എഴുേതണ്ടിയിരുന്നതു്. “അവി ടെത്തരജിസ്ട്രാർക്ക്, കത്തിെന്റഒരുേകാപ്പിഅവളു െടവാർഡനുംെവയ്ക്കണം” ചന്ദ്രേലഖപറഞ്ഞു. “അതു് ഞാൻേഫാേട്ടാേകാപ്പിഎടുേത്താളാം”. ചന്ദ്രേലഖമി നാറിനു്മകളുെടേഫാേട്ടാകാണിച്ചുെകാടുത്തു."
en_XX: Chandralekha laughed. “Later when she has a daugh- ter she also will be named Chandralekha.” Minar shook his head. “You always drive me crazy!” he said.,"ml_IN: “ചന്ദ്രേലഖക്കു്ഒരുെസ്പഷ്യൽചായതെന്നേവണം”, മിനാർപറഞ്ഞു. “എെന്റേജാലിക്കുള്ളപ്രതിഫലത്തി െനാപ്പംഇയാൾഒരുെസ്പഷ്യൽചായയുംഎനിക്കു്വാ ങ്ങിച്ചുതരുമായിരുന്നു”. ചന്ദ്രേലഖഭാരതിെയേനാക്കി ചിരിച്ചു."
en_XX: That night Minar had a bad dream. The dream fol- lowed him in the days to come. Minar recounted the dream feeling as if the day had started with that dream itself; or as if the day was contaminated with that dream.,"ml_IN: അന്നുരാത്രിമിനാർഒരുചീത്തസ്വപ്നംകണ്ടു. ഒരുപ േക്ഷ, പിന്നീടുണ്ടായദിവസങ്ങൾതുടങ്ങിയതുതെന്നആ സ്വപ്നത്തിൽനിന്നുെമന്നേപാെല, അെല്ലങ്കിൽപിന്നീടു ണ്ടായദിവസങ്ങളിൽഅേതസ്വപ്നംകലർന്നേപാെല ആസ്വപ്നംമിനാർഓർക്കുകയുംെചയ്തു. കെത്തഴുത്തു കാരനായുള്ളതെന്റനാളുകൾതെന്നയായിരുന്നുസ്വപ്ന ത്തിലും. ഒരുരാവിെലജനറൽേപാസ്റ്റ് ഓഫീസിേല ക്കു്മിനാർനടക്കുകയായിരുന്നു. എല്ലാദിവസങ്ങളി ലുെമന്നേപാെല. വഴിയിൽഒരുസമയംഒരുെവളുത്ത പശുവിെനകണ്ടെതാഴിച്ചാൽനിരത്തുതെന്നവിജനമാ യിരുന്നു. എന്നാൽഒരുശബ്ദംമാത്രംമുഴങ്ങുന്നവിധം േകട്ടു. ആദ്യമതു്ഏേതാഒരുമൃഗത്തിെന്റഒച്ചഎന്നു് േതാന്നി. പിെന്നഅതു്ഒരാളുെടഎന്നു്േതാന്നി. ഒരു പേക്ഷ, കരച്ചിൽേപാെല. ആശബ്ദംതെന്നവളഞ്ഞു തുടങ്ങിയേതാെടാപ്പംമിനാർതെന്റനടത്തംഓട്ടമാക്കി."
"en_XX: “Whom was Chandralekha’s letter addressed?,” Bharati asked. “To her daughter’s college.” said Minar. “Oh!","ml_IN: “ചന്ദ്രേലഖയുെടആകത്തു്ആർക്കായിരുന്നു?”, ഭാരതി ഭർത്താവിേനാടു്േചാദിച്ചു."
en_XX: But that was not necessary. Bharati had already asked their son to come home fast.,"ml_IN: എന്നാൽ, അതുേവണ്ടിവന്നില്ല. അതിനുമുമ്പു്ഭാരതി മകേനാട് േവഗംവീട്ടിേലക്കുവരാൻപറഞ്ഞു."
en_XX: “Do you know to whom you wrote and gave this let- ter?”,ml_IN: “ഇതു്നീഎഴുതിെക്കാടുത്തതു്ആർക്കാണു്എന്നറിയുേമാ?”
en_XX: “I know.”,ml_IN: “അറിയാം”
en_XX: “Who?”,ml_IN: “ആരാണു്?”
en_XX: “Chandralekha.”,ml_IN: “ചന്ദ്രേലഖ”
"en_XX: “Yes, do you know who she is?”",ml_IN: “അെത. ആരാണു്അവൾഎന്നറിയുേമാ?”
en_XX: “A woman from Kamathipura.”,ml_IN: “കാമാട്ടിപുരയിെലഒരുസ്ത്രീ”
"en_XX: “Not woman, a hag, a prostitute.”","ml_IN: “സ്ത്രീയല്ലവൃദ്ധ, ഒരുേവശ്യ”"
"en_XX: “I know her since long, I know her for 30 years.” Minar said.","ml_IN: “മുപ്പതുവർഷമായിട്ടു്അറിയാം”, മിനാർപറഞ്ഞു."
en_XX: Bharati smiled looking at the policeman. “I shall pre- pare tea for two of you.”,"ml_IN: ഭാരതിേപാലീസുകാരെനേനാക്കിപുഞ്ചിരിച്ചു. “ഞാൻ നിങ്ങൾക്കു്രണ്ടുേപർക്കുംഓേരാചായഎടുക്കാം” എന്നു പറഞ്ഞു. േപാലീസുകാരൻെപെട്ടന്നു്തലതാഴ്ത്തി, “േസാ റി” എന്നുപറഞ്ഞു."
"en_XX: The second police man laughed looking at Minar. “But our job is to crack such secrets.”, he said.","ml_IN: രണ്ടാമെത്തേപാലീസുകാരൻമിനാറിെനേനാക്കിചിരി ച്ചു. “ഞങ്ങൾപേക്ഷ, അത്തരംരഹസ്യങ്ങൾെപാളിക്കു ന്നെതാഴിലുംെചയ്യുന്നു” എന്നുപറഞ്ഞു."
"en_XX: “That hag is not there”, Vikas said. “She is in police cus- tody.”","ml_IN: “അവളില്ല”, വികാസ്പറഞ്ഞു. “േപാലീസ്കസ്റ്റഡിയി ലാണു്”"
en_XX: Minar came to the balcony. From out of the shadow in the balcony cast by the retreating sun two doves flew out into the street. Minar stood there for a while fol- lowing with his eyes the path along which the birds had flown.,ml_IN: മിനാർബാൽക്കണിയിൽവന്നു. ബാൽക്കണിയിെല െവയിൽപിൻവാങ്ങുന്നനിഴലിൽനിന്നുരണ്ടുപ്രാവുകൾ െതരുവിേലക്കുപറന്നുേപായി. മിനാർഅവപറന്നവഴി േനാക്കികുറച്ചുേനരംകൂടിഅങ്ങെനനിന്നു.
"en_XX: Next day morning lying on his cot, Minar tried to rec- ollect the events of the past few days. The procession which passed down the street on the day when Chan- dralekha came to meet him was in protest against the suicide of a college student in another city, now the current processions are for the sake of a Veshya. Mi- nar wished to meet Chandralekha and he disclosed it to his wife. She agreed to accompany him to the police station, but attached a condition.","ml_IN: പിേറ്റന്നുരാവിെലമിനാർകട്ടിലിൽകിടന്നുെകാണ്ടുത െന്നകഴിഞ്ഞദിവസങ്ങളിെലസംഭവങ്ങൾഓേരാന്നാ യിഓർത്തു. ചന്ദ്രേലഖവീട്ടിൽവന്നദിവസംെതരുവി ലൂെടകടന്നുേപായറാലിമെറ്റാരുനഗരത്തിെലേകാ േളജിൽപഠിച്ചിരുന്നഒരുവിദ്യാർഥിയുെടആത്മഹത്യ യിൽപ്രതിേഷധിച്ചായിരുന്നുെവങ്കിൽഇേപ്പാൾഅതു് ഈനഗരത്തിെലഒരുേവശ്യക്കുേവണ്ടിയുമായിരിക്കു ന്നു. മിനാർചന്ദ്രേലഖെയകാണാൻആഗ്രഹിച്ചു. മിനാർ അതു്ഭാര്യേയാടു്പറഞ്ഞു. േപാലീസ് േസ്റ്റഷനിേലക്കു് അവളുംഅയാളുെടകൂെടവരാെമന്നുപറഞ്ഞു. പേക്ഷ, ഒരുഉപാധിെവച്ചു."
"en_XX: The discussions were over the Veshya in the red-light street, her daughter, their religion and caste, ethics and justice. But what triggered the present series of agita- tions was the letter written by the mother to the Reg- istrar of the University who had insulted her daughter.","ml_IN: ചുവന്നെതരുവിെലേവശ്യയുംഉപരിവിദ്യാഭ്യാസംെച യ്യുന്നഅവളുെടമകളുംഅവരുെടമതവുംജാതിയുംനീ തിയുംന്യായവുംഒെക്കയായിരുന്നുചർച്ച. എന്നാൽ, സർവകലാശാലയിൽപഠിക്കുന്നമകെളഅപമാനിച്ച സർവകലാശാലാരജിസ്ട്രാർക്കു്അവളുെടഅമ്മഅയച്ച കത്തായിരുന്നുഇേപ്പാഴെത്തസമരങ്ങളുെടപരമ്പരയാ യതു്. അതുെകാണ്ടുതെന്നനിരക്ഷരയായആേവശ്യക്കു് കത്തു്എഴുതിെകാടുത്തതിനു്മിനാറിെനയുംേപാലീസ് േസ്റ്റഷനിേലക്കുവരുത്തി."
en_XX: “Tell whether what all was in that letter was narrated by her or were on your own?” Inspector asked. He kept the mobile phone on the table to record the question- ing.,"ml_IN: “ആകത്തിൽഎഴുതിയതു്അവൾപറഞ്ഞുതന്നേതാ അേതാനീനിെന്റസ്വന്തംനിലയ്ക്കു്എഴുതിയേതാ?”, ഇൻ െസ്പക്ടർേചാദിച്ചു. അയാൾതെന്റെമാൈബൽേഫാൺ ആേചാദ്യംെചയ്യൽെറേക്കാർഡ് െചയ്യാൻേമശപ്പുറത്തു െവച്ചിരുന്നു. “ഇതു്െതളിവായിരിക്കും”"
"en_XX: “No sir, it is her letter.” Minar said.","ml_IN: “അല്ലസർ. അതു്അവളുെടകത്താണു്”, മിനാർപറഞ്ഞു."
en_XX: “Nothing of your own?”,ml_IN: “നിെന്റഒന്നുമിേല്ല?”
"en_XX: “No, my letters to her voice… it was like that.”","ml_IN: “ഇല്ല, അവളുെടഒച്ചയ്ക്കു്എെന്റലിപികൾ… അങ്ങെനയാ ണു്അതു്”"
en_XX: “What? Say that once again.”,ml_IN: “എന്തു്? ഒന്നുകൂടിഅതു്പറയ്”
"en_XX: “Ok. Not necessary. But what is the sentence which is said to have insulted the Registrar?” Bharati again asked her husband.”Say it, if only you want me to ac- company you.”","ml_IN: “േവണ്ടാ, ആരജിസ്ട്രാറിെനഅപമാനിച്ചുെവന്നുപറയു ന്നആവരിഎന്താണു്, അതു്പറഞ്ഞൂെട?”, ഭാരതിവീ ണ്ടുംഭർത്താവിേനാടു്േചാദിച്ചു. “ഞാൻകൂെടവരണെമ ങ്കിൽപറഞ്ഞാൽമതി”."
en_XX: Minar thought that Bharati would be now glancing sideways at him. “That is also a part of the secret.”,"ml_IN: ഭാരതിതെന്നഒളികണ്ണിട്ടുേനാക്കുകയാവുംഎന്നു്മി നാർവിചാരിച്ചു. “അതുംആരഹസ്യത്തിെന്റഭാഗമാ ണു്”, മിനാർപറഞ്ഞു“പേക്ഷ, നീഎെന്റകൂെടവരുന്ന തു്എനിക്കുസേന്താഷംനല്കും”."
en_XX: Minar held Bharati’s hands. Bharati sat in the sofa as if exhausted. Vikas came and sat beside his mother.,ml_IN: മിനാർഭാര്യയുെടൈകപിടിച്ചു. ഭാരതിതളർന്നേപാെല േസാഫയിൽഇരുന്നു. വികാസ്വന്നു്അമ്മയുെടഅരി കിലിരുന്നു. അമ്മയുെടൈകകൾരണ്ടുംതെന്റകയ്യിൽ എടുത്തു. എല്ലാവരുംനിശ്ശബ്ദരായി. ജീവിതത്തിെലഒരു വലിയദുഃഖമാണു്ഇേപ്പാൾഇരിപ്പുമുറിയിൽനിറയുന്നതു് എന്നു്മിനാർവിചാരിച്ചു. അയാൾകിടപ്പുമുറിയിേലക്കു് നടന്നു.
"en_XX: “May I tell you a secret which I had not shared with you so far?” Minar said. “If again it is the secret of that letter you need not tell.” Bharati said. “Not that,” Mi- nar said. “I had once visited their brothel. That is the secret.” Bharati wanted to hear once again what he said.",ml_IN: “ഞാൻനിേന്നാടുഇതുവെരപറയാത്തഒരുരഹസ്യം പറയെട്ട” മിനാർപറഞ്ഞു.
en_XX: “You have not slept with anyone so far?” she asked.,"ml_IN: “നീആരുേടയുംകൂെടഇതുവെരകിടന്നിട്ടില്ലാ?”, അവൾ േചാദിച്ചു."
en_XX: “No.” Minar said.,"ml_IN: “ഇല്ല”, മിനാർപറഞ്ഞു."
en_XX: The young women in one voice shouted “Hoi.” Chan- dralekha pushed that woman aside and said to every- one.,ml_IN: യുവതികൾഎല്ലാവരുംഒേരശബ്ദത്തിൽ‘േഹായ് ’ എന്നു് ഒച്ചയിട്ടു. ചന്ദ്രേലഖആയുവതിെയതള്ളിമാറ്റിഎല്ലാവ േരാടുമായിപറഞ്ഞു: “ഇവൻകെത്തഴുത്തുകാരൻമാത്രമായിത്തെന്നഇനിയും കുെറെകാല്ലംജീവിക്കാൻതീരുമാനിച്ചിരിക്കുന്നു”.
"en_XX: Bharati laughed looking at her husband. “My poor letter-writer,” so saying she pulled Minar to her shoul- der.",ml_IN: ഭാരതിഭർത്താവിെനേനാക്കിചിരിച്ചു. “പാവംഎെന്റ കെത്തഴുത്തുകാരൻ” എന്നുപറഞ്ഞുമിനാറിെനഅവളു െടചുമലിേലക്കു്അടുപ്പിച്ചു.
"en_XX: Minar looked at his wife narrowing his eyes. He felt that they became old too soon. Minar said, “They gave me a souvenir that day.”","ml_IN: മിനാർഭാര്യെയകണ്ണുകൾെചറുതാക്കിേനാക്കി. വള െരേവഗമാണു്തങ്ങൾവൃദ്ധരായതു്എന്നു്അയാൾക്കു േതാന്നി. മിനാർപറഞ്ഞു, “അവർഅന്നു്എനിക്കു്ഒരു സമ്മാനംതന്നു…”"
en_XX: “Souvenir?”,ml_IN: “സമ്മാനേമാ?”
en_XX: The young woman who sat at Minar’s feet stood up and ordered all women there to stand in a row. She pushed Chandralekha away. The women taking one step back stood in a semicircle as if in a dance.,"ml_IN: മിനാറിെന്റകാല്ക്കൽഇരുന്നയുവതിഎഴുേന്നറ്റു്അവിെട യുള്ളഎല്ലാവേരാടുംനിരന്നുനില്ക്കാൻപറഞ്ഞു. ചന്ദ്രേല ഖേയയുംപിടിച്ചുമാറ്റി. യുവതികൾഎല്ലാവരുംഒരുനൃ ത്തത്തിെലചുവടുേപാെലപിറകിേലക്കു്നീങ്ങി, പാതിവൃ ത്തത്തിൽനിന്നു."
"en_XX: “Only one out of us will present that gift to you. Oth- erwise somebody not in this group whom you have not seen at all. Do you know why your eyes are be- ing blinded? If you are not made blindfold now, you will remember not the face of the girl you marry but the one who is going to present this gift to you. That should not happen…”","ml_IN: “ഞങ്ങളിൽഒരാൾമാത്രംനിനക്കു്ആസമ്മാനംതരും… ” അെല്ലങ്കിൽഈകൂട്ടത്തിൽഇല്ലാത്ത, നീഇതുവെര യുംകാണാത്തഒരാൾ. എന്തിനാണു്നിെന്റകണ്ണുകൾ െകട്ടുന്നതു്എന്നറിയാേമാ, ഇേപ്പാൾഈകണ്ണു്െകട്ടിയി ട്ടിെല്ലങ്കിൽനീകല്യാണംകഴിക്കാൻേപാകുന്നെപണ്ണി െന്റമുഖമല്ലഈസമ്മാനംതരുന്നെപണ്ണിെന്റമുഖമാ കുംനിനക്കു്ഓർമ്മവരുക, അതു്േവണ്ട…”"
"en_XX: Its place was taken by a deep silence. Minar was alone in the room. He wished to get up from the cot. At the same instant, a smell which was not there before and which would not be experienced ever again, like the memory of a sacred place, enveloped him. Minar felt that he was going to another world. Perhaps to death itself. Startled, Minar got up from the cot and raised his hands to untie the sari which was blindfolding him.","ml_IN: അവൾമിനാറിെന്റകണ്ണുകൾെകട്ടി, ൈകെകാട്ടി. ഒരു കൂട്ടച്ചിരി, മുറിയിൽനിന്നുംകാറ്റുേപാെലപുറേത്തക്കു് േപായി. പകരംഒരുവലിയനിശ്ശബ്ദതവന്നു. മിനാർ മുറിയിൽതനിച്ചായി. കട്ടിലിൽനിന്നുംഎഴുേന്നൽക്കാൻ അവൻആഗ്രഹിച്ചു, അേതനിമിഷം, അതുവെരയുംഇല്ലാ തിരുന്ന, പിന്നീടു്ഒരിക്കലുംഅനുഭവിക്കില്ലഎന്നു്തീർ ച്ചയുള്ള, ഒരുമണം, വിശുദ്ധമായഒരുസ്ഥലത്തിെന്റ ഓർമ്മേപാെലഅവെനെപാതിഞ്ഞു. താൻമെറ്റാരു േലാകത്തിേലക്കു്േപാവുകയാണു്എന്നു്മിനാർവിചാ രിച്ചു. ഒരുപേക്ഷ, മരിക്കുവാൻതെന്ന. ആേപടിേയാെട മിനാർകട്ടിലിൽനിന്നുംഎഴുേന്നറ്റു്കണ്ണിെലെകട്ടഴി ക്കാൻൈകകൾഉയർത്തിയതുംേവെറരണ്ടുൈകകൾ, നീണ്ടുനിന്നഒരുവളകിലുക്കേത്താെടഅവെനതട ഞ്ഞു… അവെനപിറകിൽനിന്നുംഅടക്കംപിടിച്ചു… “ഒപ്പംഎെന്റവായയിൽആസ്ത്രീആദ്യമായി ചുംബിച്ചു…”"
